;train_Accuracy;train_TotalF1;train_MultiClass;val_Accuracy;val_TotalF1;val_MultiClass
0;0.49167397020157755;0.3810922946134281;1.0946398903291843;0.4566929133858268;0.3477108248498226;1.0956416615714817
1;0.48729184925503943;0.3754953520170246;1.09345188900805;0.44881889763779526;0.3382341730105314;1.0944875330489952
2;0.49167397020157755;0.3810922946134281;1.0890365371879127;0.4566929133858268;0.3477108248498226;1.0906483489970882
3;0.48729184925503943;0.37583633503065855;1.0879409149458257;0.44881889763779526;0.3382341730105314;1.089713583195265
4;0.44171779141104295;0.30689990284914304;1.0869971683160398;0.4225721784776903;0.2659080531767599;1.0887455892782494
5;0.4224364592462752;0.2546056921227145;1.0860925577595353;0.4225721784776903;0.251048415995971;1.087817590777968
6;0.4215600350569676;0.2510421532435246;1.0851686414078794;0.4225721784776903;0.251048415995971;1.0868810250886138
7;0.42068361086765993;0.24914020137751608;1.0843462653951752;0.4225721784776903;0.251048415995971;1.0860485876513706
8;0.42068361086765993;0.24914020137751608;1.0833938196421828;0.4225721784776903;0.251048415995971;1.0851897949743294
9;0.42068361086765993;0.24914020137751608;1.0825836775944166;0.4225721784776903;0.251048415995971;1.0844151662498636
10;0.42068361086765993;0.24914020137751608;1.0818938010026016;0.4225721784776903;0.251048415995971;1.0837484939442872
11;0.42068361086765993;0.24914020137751608;1.0812414790570644;0.4225721784776903;0.251048415995971;1.083088095060885
12;0.42068361086765993;0.24914020137751608;1.0806266513991447;0.4225721784776903;0.251048415995971;1.0824654629932073
13;0.42068361086765993;0.24914020137751608;1.0800471327128225;0.4225721784776903;0.251048415995971;1.081878401790839
14;0.42068361086765993;0.24914020137751608;1.0783563267202942;0.4225721784776903;0.251048415995971;1.080675867626709
15;0.42068361086765993;0.24914020137751608;1.0778338208235103;0.4225721784776903;0.251048415995971;1.0801443742299441
16;0.42068361086765993;0.24914020137751608;1.0769720434959276;0.4225721784776903;0.251048415995971;1.0789656194952162
17;0.42068361086765993;0.24914020137751608;1.0754361714100873;0.4225721784776903;0.251048415995971;1.077850666493308
18;0.42068361086765993;0.24914020137751608;1.0749799748733007;0.4225721784776903;0.251048415995971;1.0773808080500555
19;0.42068361086765993;0.24914020137751608;1.0697076392953424;0.4225721784776903;0.251048415995971;1.0722525682323913
20;0.42068361086765993;0.24914020137751608;1.0691550966817764;0.4225721784776903;0.251048415995971;1.0718849686638516
21;0.42068361086765993;0.24914020137751608;1.0688113772034789;0.4225721784776903;0.251048415995971;1.0715198682363214
22;0.42068361086765993;0.24914020137751608;1.0683717847089786;0.4225721784776903;0.251048415995971;1.0711697492560068
23;0.42068361086765993;0.24914020137751608;1.068034778096176;0.4225721784776903;0.251048415995971;1.0708241303007169
24;0.42068361086765993;0.24914020137751608;1.0642476408282642;0.4225721784776903;0.251048415995971;1.0688537353900585
25;0.42068361086765993;0.24944797185481998;1.0583303281969714;0.4225721784776903;0.251048415995971;1.0629469747848836
26;0.42068361086765993;0.24944797185481998;1.0580487152714195;0.4225721784776903;0.251048415995971;1.062659205557502
27;0.42068361086765993;0.24914020137751608;1.0577746224404339;0.4225721784776903;0.251048415995971;1.0624262834053317
28;0.42068361086765993;0.24914020137751608;1.0575230029360645;0.4225721784776903;0.251048415995971;1.0621690063455456
29;0.42068361086765993;0.24929399162528;1.0570723111977232;0.4225721784776903;0.251048415995971;1.0618157487351239
30;0.4215600350569676;0.2511914717087493;1.0565790183180328;0.4225721784776903;0.251048415995971;1.0613131846941726
31;0.4224364592462752;0.25322500470478004;1.0549868252767316;0.4225721784776903;0.251048415995971;1.0594753482103396
32;0.4224364592462752;0.25322500470478004;1.0547800299817833;0.4225721784776903;0.251048415995971;1.0592658605319805
33;0.4224364592462752;0.2529349715626786;1.0544382789564144;0.4225721784776903;0.251048415995971;1.0590972813155175
34;0.4224364592462752;0.2529349715626786;1.05425720159818;0.4225721784776903;0.251048415995971;1.0589114771444006
35;0.4215600350569676;0.2510421532435246;1.0540864395901934;0.4225721784776903;0.251048415995971;1.0587361343226978
36;0.4259421560035057;0.2610582209677683;1.0485802366175576;0.42782152230971127;0.26231026677220903;1.0540328755607353
37;0.42418930762489043;0.25724003528993794;1.047960470253237;0.42782152230971127;0.26231026677220903;1.053655436271861
38;0.4233128834355828;0.2553824122877038;1.0478152709393644;0.42782152230971127;0.26231026677220903;1.0535066866346945
39;0.4224364592462752;0.2535159972490116;1.0476783409726957;0.42782152230971127;0.26231026677220903;1.053366316195695
40;0.44872918492550395;0.3086704358700931;1.0408577139466484;0.44881889763779526;0.304873019825091;1.0472779857978762
41;0.4469763365468887;0.30555298068505404;1.0407112792479762;0.44881889763779526;0.304873019825091;1.0471981824955217
42;0.5039439088518843;0.3961792213829573;1.0361191075244307;0.5091863517060368;0.4049359520287668;1.042025144562009
43;0.49780893952673094;0.38771862924773;1.0359534309239113;0.5039370078740157;0.3979191349836266;1.0418883228831954
44;0.49693251533742333;0.3858626939610945;1.0357759889475706;0.5039370078740157;0.3981553932264491;1.0417805650510799
45;0.4934268185801928;0.38156143411738447;1.0354669689111644;0.5039370078740157;0.39840319361277443;1.0417155159478233
46;0.4925503943908852;0.3790329486218317;1.0353744519717176;0.5039370078740157;0.39840319361277443;1.0416194174977906
47;0.5451358457493427;0.4508455227124479;1.0309262934258947;0.5459317585301837;0.4556997305635079;1.037234165408582
48;0.544259421560035;0.44950052757873427;1.0308300125811474;0.5433070866141733;0.4526562344263929;1.0371405536202787
49;0.5433829973707275;0.448222289416508;1.0301225048012281;0.5406824146981627;0.44958944750258384;1.0365117519193234
50;0.5398773006134969;0.4441873069291261;1.0290263654586882;0.5406824146981627;0.4482744610484061;1.0354373977677445
51;0.5617879053461875;0.47041582415614025;1.0254139588332256;0.5669291338582677;0.47818153746824427;1.0311410824083167
52;0.5617879053461875;0.47041582415614025;1.025280661863294;0.5669291338582677;0.47818153746824427;1.0310192734114383
53;0.5617879053461875;0.47041582415614025;1.0249438890217544;0.5643044619422573;0.4756640984489434;1.030752105401895
54;0.5652936021034181;0.47431263166233595;1.02420501719342;0.5643044619422573;0.47670257051636333;1.0299651255836413
55;0.5626643295354952;0.4714271892353323;1.0241479999067802;0.5643044619422573;0.47670257051636333;1.0299066157403012
56;0.5626643295354952;0.4714271892353323;1.0240855788876386;0.5643044619422573;0.4760188558519737;1.0298574856486804
57;0.5600350569675723;0.467603192849059;1.0201069318324327;0.5616797900262467;0.4731312448604869;1.0272880594042484
58;0.5565293602103418;0.46377240029071326;1.0200602629444382;0.5616797900262467;0.4731312448604869;1.027239072239607
59;0.5591586327782647;0.4669074237262346;1.0196395955894628;0.5669291338582677;0.47888646792998607;1.026290519616918
60;0.5574057843996494;0.4649435950876733;1.0194928534690628;0.5669291338582677;0.47888646792998607;1.026254584295478
61;0.5547765118317266;0.46198072518793887;1.0194533471461584;0.5643044619422573;0.4760188558519737;1.0262135124555503
62;0.5714285714285714;0.48090996411248327;1.0151058189967197;0.5721784776902887;0.48504298804754664;1.0224958138038212
63;0.5731814198071867;0.48355235924145584;1.0081566753345876;0.5774278215223098;0.48955635560251;1.0161163862265445
64;0.5723049956178791;0.4828433915438542;1.0074434024825143;0.5748031496062992;0.48737630018469913;1.0150880859673783
65;0.5714285714285714;0.48179236347481613;1.0044698078571743;0.5748031496062992;0.48624088655584724;1.0128004780309388
66;0.5687992988606485;0.4800819748100883;1.0014981508983836;0.5774278215223098;0.48955635560251;1.0091861386645946
67;0.5687992988606485;0.4802296850807697;1.0013851662462305;0.5774278215223098;0.4898699082265697;1.0091663595573257
68;0.5687992988606485;0.47988738108598145;0.9979464528330737;0.5774278215223098;0.4898699082265697;1.006875524045049
69;0.5687992988606485;0.4800819748100883;0.9945967789426128;0.5774278215223098;0.4898699082265697;1.0047906438266325
70;0.5687992988606485;0.4800819748100883;0.9945745795805716;0.5774278215223098;0.4898699082265697;1.0047669727185824
71;0.5696757230499562;0.48079070795132955;0.9942957182258377;0.5748031496062992;0.48682823236128653;1.0046277988821997
72;0.5696757230499562;0.48079070795132955;0.9942694055779591;0.5748031496062992;0.48682823236128653;1.00461721185329
73;0.5687992988606485;0.47996108464777765;0.9915876259228372;0.5774278215223098;0.48955635560251;1.0025749570957248
74;0.5696757230499562;0.4805955998979552;0.9914855797196621;0.5748031496062992;0.48682823236128653;1.0025415205865138
75;0.5696757230499562;0.48067001941042486;0.9914685941251704;0.5748031496062992;0.48682823236128653;1.002522867711309
76;0.5687992988606485;0.47996108464777765;0.9914193624344924;0.5748031496062992;0.48682823236128653;1.0024917526966985
77;0.5696757230499562;0.48067001941042486;0.9913778920254568;0.5748031496062992;0.48682823236128653;1.0024575896099683
78;0.5714285714285714;0.48181364231778356;0.990146822971289;0.5721784776902887;0.4840832495042681;1.0015209177588988
79;0.5714285714285714;0.48181364231778356;0.9901330299570971;0.5721784776902887;0.4840832495042681;1.0015052386333174
80;0.5705521472392638;0.4811810353841479;0.9900469626978057;0.5721784776902887;0.4840832495042681;1.001456463400417
81;0.5696757230499562;0.480122268307004;0.9886556052436533;0.5721784776902887;0.4837865564960034;1.000555536438015
82;0.5705521472392638;0.48146197148063025;0.9852110066695638;0.5800524934383202;0.49190651209271974;0.9971218880083346
83;0.5705521472392638;0.48146197148063025;0.9852007761110788;0.5800524934383202;0.49190651209271974;0.9971101729757427
84;0.5696757230499562;0.4806967378908907;0.9850686136357236;0.5800524934383202;0.49190651209271974;0.9970263003942033
85;0.5723049956178791;0.48306010268337757;0.9845886177530042;0.5853018372703412;0.49675104608568393;0.9967250752464889
86;0.5723049956178791;0.4831237463438806;0.9844417188813653;0.5853018372703412;0.49675104608568393;0.9967259398962356
87;0.5740578439964943;0.48526836090147546;0.9813179053207804;0.5879265091863517;0.49933126822542195;0.9937142003303275
88;0.5740578439964943;0.48526836090147546;0.981310480179738;0.5879265091863517;0.49933126822542195;0.9937054910749938
89;0.5731814198071867;0.48421493841506563;0.9812404410627614;0.5879265091863517;0.49933126822542195;0.9936473087965536
90;0.5758106923751095;0.48741091528635994;0.9780312432529361;0.5905511811023622;0.5022983472207665;0.9903600181317496
91;0.5758106923751095;0.48741091528635994;0.9780251013385058;0.5905511811023622;0.5022983472207665;0.9903527178247825
92;0.574934268185802;0.4865432481416219;0.9780168964420936;0.5905511811023622;0.5022983472207665;0.9903415773858095
93;0.5740578439964943;0.48567413464345244;0.9780072132162747;0.5905511811023622;0.5022983472207665;0.9903343567243519
94;0.5793163891323401;0.49055695897991103;0.9772024390288854;0.5931758530183727;0.504955154438962;0.9891383518430105
95;0.5793163891323401;0.49055695897991103;0.9771847007403985;0.5931758530183727;0.504955154438962;0.9891187574565877
96;0.5793163891323401;0.49055695897991103;0.9771801752570832;0.5931758530183727;0.504955154438962;0.9891132570823151
97;0.5793163891323401;0.49055695897991103;0.9771759090295438;0.5931758530183727;0.504955154438962;0.9891080446608895
98;0.5793163891323401;0.49055695897991103;0.9771022203949146;0.5931758530183727;0.504955154438962;0.9891256155869043
99;0.5784399649430324;0.4896908341711824;0.9770252956853819;0.5931758530183727;0.504955154438962;0.9890580930223305
100;0.5784399649430324;0.4896908341711824;0.9770125499446929;0.5931758530183727;0.504955154438962;0.9890703404915814
101;0.5775635407537248;0.48882327182519986;0.9770092816074403;0.5931758530183727;0.504955154438962;0.9890662612080615
102;0.5766871165644172;0.4879542635456237;0.9770062006010671;0.5931758530183727;0.504955154438962;0.9890623931054264
103;0.581945661700263;0.4935412566192674;0.9736863585874216;0.6010498687664042;0.5124778983046699;0.9863728886178657
104;0.581945661700263;0.4935412566192674;0.9736836869973372;0.5984251968503937;0.5099519241214281;0.9863695082954139
105;0.5828220858895705;0.49458299133559464;0.9723443883571475;0.6010498687664042;0.5124778983046699;0.9855354527190578
106;0.581945661700263;0.4937328907697655;0.9722836318054366;0.6010498687664042;0.5124778983046699;0.9855624495553151
107;0.5836985100788782;0.4952941628811636;0.9699539684758353;0.5984251968503937;0.5097314061731485;0.9845294158451057
108;0.5836985100788782;0.4952941628811636;0.9699519743067436;0.5984251968503937;0.5097314061731485;0.9845267087638727
109;0.5836985100788782;0.4952941628811636;0.9699500945192395;0.5984251968503937;0.5097314061731485;0.9845241369739437
110;0.5828220858895705;0.4948111683594087;0.9681941638998544;0.6010498687664042;0.5122566798446511;0.9829321285370786
111;0.5872042068361086;0.49914473769981366;0.9654740927353341;0.5879265091863517;0.5013222178328314;0.9801372156212131
112;0.5872042068361086;0.49914473769981366;0.9654344515151585;0.5879265091863517;0.5013222178328314;0.980128744531297
113;0.5872042068361086;0.49902244994269535;0.963187429991909;0.5879265091863517;0.5013222178328314;0.9792203617528398
114;0.5863277826468011;0.49818478926568954;0.9623435550256151;0.5879265091863517;0.5013222178328314;0.9783765247849323
115;0.5863277826468011;0.49818478926568954;0.9623422766662328;0.5879265091863517;0.5013222178328314;0.9783747722396746
116;0.5863277826468011;0.49818478926568954;0.9623044030682762;0.5879265091863517;0.5013222178328314;0.9783778216495744
117;0.5872042068361086;0.5002064123971044;0.9600476996486206;0.5905511811023622;0.5035066566312768;0.9774468818947777
118;0.5872042068361086;0.5002064123971044;0.9599965535868572;0.5905511811023622;0.5035066566312768;0.9774119581229865
119;0.5863277826468011;0.5004568027312826;0.9580088838380604;0.5958005249343832;0.512216532027444;0.9757186390583252
120;0.5872042068361086;0.5012977082311106;0.9576834046004097;0.5931758530183727;0.5063816227348;0.9754377063442564
121;0.5872042068361086;0.5012977082311106;0.9576825760731976;0.5931758530183727;0.5063816227348;0.9754365424929259
122;0.588957055214724;0.5040962747228681;0.9561730032351786;0.5958005249343832;0.512216532027444;0.9742094712121164
123;0.5880806310254163;0.5032186741252528;0.9559947367152304;0.5958005249343832;0.512216532027444;0.9741887729846217
124;0.588957055214724;0.5040586462876724;0.9559729540290598;0.5958005249343832;0.512216532027444;0.9741600187589128
125;0.5880806310254163;0.5032562390959073;0.9558831852154845;0.5958005249343832;0.512216532027444;0.974139680848822
126;0.5898334794040315;0.503651036576436;0.9555777261259736;0.5958005249343832;0.512216532027444;0.9739706240501412
127;0.5898334794040315;0.503651036576436;0.955577078413444;0.5958005249343832;0.512216532027444;0.9739696370538304
128;0.5915863277826467;0.511138844018977;0.9529864764472796;0.5984251968503937;0.5150516162913549;0.9724856445706148
129;0.5924627519719544;0.5096692594787118;0.9523869174823165;0.5958005249343832;0.5128605683091174;0.9718954557367665
130;0.5924627519719544;0.5096692594787118;0.9521327369585948;0.5958005249343832;0.5128605683091174;0.9717211169896326
131;0.5924627519719544;0.5096692594787118;0.9520054527245692;0.5958005249343832;0.5128605683091174;0.9715011672637947
132;0.5950920245398773;0.5145403185330227;0.9496399091648945;0.5958005249343832;0.5128605683091174;0.9700598687827456
133;0.5950920245398773;0.5148151701043304;0.9476461120629697;0.6010498687664042;0.517243962504572;0.9693303002345558
134;0.5950920245398773;0.5147816578247233;0.9475465786941423;0.5984251968503937;0.5150516162913549;0.9693368035935527
135;0.5950920245398773;0.5147816578247233;0.9474816945448865;0.5984251968503937;0.5150516162913549;0.9693103748941168
136;0.5942156003505696;0.5139001195851397;0.9447589614559897;0.5958005249343832;0.5136987142010092;0.9665492473664433
137;0.5942156003505696;0.5139001195851397;0.944630717215054;0.5958005249343832;0.5136987142010092;0.9665087825067673
138;0.5950920245398773;0.5158233649026019;0.9443121078349087;0.5958005249343832;0.5136987142010092;0.9661838913193389
139;0.5950920245398773;0.5160188218476384;0.9442449151922178;0.5958005249343832;0.5136987142010092;0.9661361030586073
140;0.5950920245398773;0.5158233649026019;0.94421136998733;0.5958005249343832;0.5136987142010092;0.9661818861596209
141;0.5968448729184925;0.5196036654798174;0.9439849081531749;0.5958005249343832;0.5136987142010092;0.9661792836730889
142;0.5968448729184925;0.5196036654798174;0.9438997817372488;0.5958005249343832;0.5136987142010092;0.9661891865110882
143;0.5968448729184925;0.5197890002928646;0.9436663759860268;0.5958005249343832;0.5136987142010092;0.9661646574358235
144;0.5977212971078002;0.5206314047075025;0.9426843103003854;0.5958005249343832;0.5136987142010092;0.9653506512511382
145;0.5977212971078002;0.5206314047075025;0.9426717893908995;0.5958005249343832;0.5136987142010092;0.9653427974515134
146;0.5968448729184925;0.5200385455839344;0.9424154498793451;0.5958005249343832;0.5136987142010092;0.9652234594925913
147;0.5994741454864154;0.5221896499841158;0.9422970560832742;0.5958005249343832;0.5136987142010092;0.9651723241953506
148;0.5968448729184925;0.5197890002928646;0.9412066495453848;0.5958005249343832;0.5136987142010092;0.9646226786515262
149;0.5968448729184925;0.5199149659742617;0.9410919903317171;0.5958005249343832;0.5136987142010092;0.9645757618612192
150;0.5968448729184925;0.5199149659742617;0.9410918656947128;0.5958005249343832;0.5136987142010092;0.9645754232908503
151;0.5968448729184925;0.5199149659742617;0.9410730849088424;0.5958005249343832;0.5136987142010092;0.9645894360571775
152;0.5968448729184925;0.5197890002928646;0.9404286689106834;0.5958005249343832;0.5136987142010092;0.9641212704839233
153;0.5994741454864154;0.5233255400704381;0.9384498107960546;0.5958005249343832;0.5136987142010092;0.9628311529509416
154;0.5994741454864154;0.5233255400704381;0.9384496610194225;0.5958005249343832;0.5136987142010092;0.9628307779321121
155;0.5985977212971078;0.5223571945439998;0.937908101314443;0.5958005249343832;0.5136987142010092;0.9619718620988108
156;0.6003505696757231;0.5253457803904076;0.936380693552918;0.5958005249343832;0.5136987142010092;0.9607276071530403
157;0.6012269938650306;0.5263656528919014;0.9354635131088074;0.5931758530183727;0.5115014809486421;0.9598867399255101
158;0.6021034180543383;0.5281895531146388;0.9353897930389549;0.5931758530183727;0.5115014809486421;0.9598898666999434
159;0.6038562664329535;0.5318078714561091;0.9343818040907776;0.5958005249343832;0.5177422283948833;0.9589800219914933
160;0.6038562664329535;0.5318078714561091;0.934331014987601;0.5958005249343832;0.5177422283948833;0.9590088944048096
161;0.6038562664329535;0.5308447443262311;0.9340210647908692;0.5958005249343832;0.5177422283948833;0.9587833775629455
162;0.6047326906222612;0.5326819522652314;0.9336345082828763;0.5958005249343832;0.5177422283948833;0.9584122260829959
163;0.6047326906222612;0.5326819522652314;0.9336344066889107;0.5958005249343832;0.5177422283948833;0.9584118886441191
164;0.6038562664329535;0.5308776732529973;0.9334783409817075;0.5958005249343832;0.5177422283948833;0.9584047062234922
165;0.6047326906222612;0.5326819522652314;0.9334386886292751;0.5958005249343832;0.5177422283948833;0.9583702996327044
166;0.6064855390008764;0.5384680717935043;0.9299861626867678;0.5984251968503937;0.5232434077175026;0.9550309274356256
167;0.6064855390008764;0.5382864856334052;0.929875498129526;0.5984251968503937;0.5232434077175026;0.9549367823159232
168;0.6082383873794917;0.5410592173373567;0.9287174022748733;0.6010498687664042;0.5286557225891176;0.9536116766448984
169;0.6082383873794917;0.5410592173373567;0.9287124938273588;0.6010498687664042;0.5286557225891176;0.9536085281902593
170;0.6082383873794917;0.5410592173373567;0.9287124201410313;0.6010498687664042;0.5286557225891176;0.9536082395618054
171;0.6073619631901841;0.5393154890643109;0.9285342849104112;0.6010498687664042;0.5286557225891176;0.9535626866167941
172;0.6064855390008764;0.5375308652634521;0.9285127197079496;0.6010498687664042;0.5286557225891176;0.9535345317514765
173;0.6064855390008764;0.5375308652634521;0.9285058966800362;0.6010498687664042;0.5286557225891176;0.9535337778665081
174;0.6056091148115688;0.53576844385104;0.9283761857532739;0.6010498687664042;0.5286557225891176;0.9535593599322679
175;0.6056091148115688;0.53576844385104;0.9283428724148072;0.6010498687664042;0.5286557225891176;0.9535708268246739
176;0.6056091148115688;0.53576844385104;0.9283136331099627;0.6010498687664042;0.5286557225891176;0.9536138047825713
177;0.6064855390008764;0.5375308652634521;0.9282499147757174;0.6010498687664042;0.5286557225891176;0.9536329266616991
178;0.6056091148115688;0.53576844385104;0.9279636113084051;0.6010498687664042;0.5286557225891176;0.9534349458440148
179;0.6082383873794917;0.5410282298288493;0.9269826380906125;0.6010498687664042;0.528485324029347;0.9526759016817007
180;0.6082383873794917;0.5410282298288493;0.9266461288190164;0.6010498687664042;0.528485324029347;0.9527676033999372
181;0.6082383873794917;0.5410282298288493;0.9265907837689557;0.6010498687664042;0.528485324029347;0.9527520809725947
182;0.6099912357581069;0.5435470845354841;0.9258016450741223;0.6036745406824147;0.533814862308795;0.9519057572934518
183;0.6126205083260298;0.5467158799869878;0.9252615795620036;0.6036745406824147;0.533814862308795;0.9512161433488433
184;0.6117440841367222;0.5461014420626529;0.9248969829483908;0.6036745406824147;0.533814862308795;0.950831411456109
185;0.6126205083260298;0.5458899512268618;0.9246361968049867;0.6036745406824147;0.5334741430702457;0.9507917461399255
186;0.6134969325153374;0.5476116847058041;0.924414382250676;0.6062992125984252;0.536013429916377;0.9505756718636429
187;0.6161262050832603;0.5511485575712493;0.9241542892755654;0.6036745406824147;0.533814862308795;0.9503218461135251
188;0.6187554776511832;0.5582801651167343;0.9225323808494122;0.6036745406824147;0.5366864564643499;0.9497491107636498
189;0.6240140227870289;0.569204936305139;0.9215922136180535;0.6141732283464567;0.5548244749135534;0.9489913928801145
190;0.6240140227870289;0.569204936305139;0.921490972771298;0.6141732283464567;0.5548244749135534;0.9490354961075579
191;0.6248904469763366;0.5700602868854078;0.9214098839215252;0.6141732283464567;0.5548244749135534;0.9490223224327725
192;0.6257668711656442;0.5716503980822836;0.9214022093731208;0.6141732283464567;0.5548244749135534;0.9490227045382896
193;0.6292725679228747;0.5771052889528117;0.9211988496867799;0.6141732283464567;0.5548244749135534;0.9489319512027102
194;0.628396143733567;0.5748171976662103;0.920938504580431;0.6115485564304461;0.5531239426697743;0.9488803475960373
195;0.628396143733567;0.5755370977959354;0.9207125626378341;0.6115485564304461;0.5531239426697743;0.9489338551355708
196;0.6275197195442594;0.5739616176313572;0.9207125390147085;0.6115485564304461;0.5531239426697743;0.9489338460447799
197;0.6275197195442594;0.5746798911456251;0.9206574334658932;0.6115485564304461;0.5531239426697743;0.9489324140790092
198;0.6292725679228747;0.5770060730804676;0.9202804239693373;0.6115485564304461;0.5554354486177032;0.9489939726133356
199;0.6319018404907976;0.5794833846236003;0.919947623980225;0.6141732283464567;0.5579893495264822;0.9487750003840664
200;0.6319018404907976;0.5794833846236003;0.9197060642507255;0.6141732283464567;0.5579893495264822;0.9487987724239453
201;0.6327782646801051;0.5811627453956193;0.9194756533294971;0.6141732283464567;0.5579893495264822;0.9487075089782622
202;0.6336546888694128;0.5820199740552582;0.9193894391930635;0.6141732283464567;0.5579893495264822;0.948757884695
203;0.6336546888694128;0.5820199740552582;0.919276027541562;0.6141732283464567;0.5579893495264822;0.9487460757409961
204;0.6345311130587205;0.5835708385517128;0.9191605626477347;0.6141732283464567;0.5579893495264822;0.9487476997497186
205;0.6336546888694128;0.5813155574888114;0.9176830087928886;0.6141732283464567;0.5579893495264822;0.9475166064973554
206;0.6336546888694128;0.5813155574888114;0.9176579637619152;0.6141732283464567;0.5579893495264822;0.9475336999290948
207;0.6275197195442594;0.5743663949951242;0.9158192994952147;0.6115485564304461;0.5531239426697743;0.9451831209411026
208;0.6240140227870289;0.5704068001594044;0.913558084511603;0.6115485564304461;0.5531239426697743;0.9426755702232672
209;0.6231375985977213;0.568688152693258;0.9114652307120896;0.6115485564304461;0.5532857588895291;0.9402843892305094
210;0.6231375985977213;0.568688152693258;0.911299565926807;0.6089238845144357;0.5449693788276465;0.940297813672791
211;0.6248904469763366;0.5718652454214207;0.9112257943702229;0.6115485564304461;0.5505749087551238;0.9403290351090458
212;0.6248904469763366;0.5727692635668096;0.9103794481135229;0.6115485564304461;0.5532857588895291;0.9398702231391592
213;0.6248904469763366;0.5727692635668096;0.9103794220219198;0.6115485564304461;0.5532857588895291;0.9398702272458773
214;0.6327782646801051;0.5866829994268344;0.9095116597631061;0.6167979002624672;0.562939837369194;0.9391456587227944
215;0.6371603856266433;0.5929022950400965;0.9085703337912926;0.6167979002624672;0.562939837369194;0.9382411038419994
216;0.635407537248028;0.5898327802750896;0.9084297464910794;0.6141732283464567;0.5581476095975808;0.938342703715905
217;0.6389132340052586;0.5950448149147253;0.9077358842313211;0.6167979002624672;0.5632438940488477;0.937756629231981
218;0.6380368098159509;0.5934855286649992;0.9054722430103859;0.6194225721784777;0.5678359730699679;0.935604483492371
219;0.6362839614373357;0.5891686607897347;0.9041114699000752;0.6194225721784777;0.5681185049118054;0.9345164855749414
220;0.6336546888694128;0.5870466766509335;0.9019597112061155;0.6194225721784777;0.5678359730699679;0.9326274658911214
221;0.6389132340052586;0.5954165669975046;0.9000760250920168;0.6220472440944882;0.5727569655500985;0.9316423991457489
222;0.6389132340052586;0.5954165669975046;0.8999665641069914;0.6220472440944882;0.5727569655500985;0.931692004287334
223;0.6397896581945661;0.5968960447197957;0.899798752055563;0.6220472440944882;0.5727569655500985;0.9317089746957505
224;0.6397896581945661;0.5968960447197957;0.8996977033743535;0.6220472440944882;0.5727569655500985;0.9315943379903471
225;0.6380368098159509;0.5938110685138418;0.8978568892402273;0.6220472440944882;0.5727569655500985;0.9294723928416376
226;0.6397896581945661;0.5974000498561832;0.8960326207612488;0.6220472440944882;0.5727569655500985;0.9275726883203904
227;0.6415425065731815;0.6003172139729891;0.8959271110510258;0.6220472440944882;0.5727569655500985;0.9275021456099586
228;0.6380368098159509;0.5941085757783905;0.8928042817795434;0.6194225721784777;0.57052757308756;0.9249820644554674
229;0.6397896581945661;0.5964055780176615;0.8915745515030404;0.6194225721784777;0.57052757308756;0.9243698366856288
230;0.6397896581945661;0.5964055780176615;0.8915713465840216;0.6194225721784777;0.57052757308756;0.9243702118318984
231;0.6397896581945661;0.5979568386459025;0.890043750958635;0.6220472440944882;0.5727569655500985;0.9225728363849838
232;0.6397896581945661;0.5979568386459025;0.8900223130887516;0.6220472440944882;0.5727569655500985;0.9225738207814744
233;0.6406660823838738;0.5993121970074322;0.889672539926449;0.6220472440944882;0.5727569655500985;0.9224535290426037
234;0.6389132340052586;0.5964477612570348;0.8893988461777406;0.6220472440944882;0.5727569655500985;0.9224281808386949
235;0.6406660823838738;0.5993574743362601;0.8891347943434875;0.6220472440944882;0.5727569655500985;0.9221646767861766
236;0.6415425065731815;0.600077822985006;0.8888839855207672;0.6220472440944882;0.5727569655500985;0.9221061505465669
237;0.6415425065731815;0.6000925960231508;0.8884535485399672;0.6220472440944882;0.5727569655500985;0.9217785076323293
238;0.6432953549517967;0.603761475839387;0.8875328260287845;0.6220472440944882;0.5727569655500985;0.921404819354695
239;0.6432953549517967;0.6038550726302911;0.8848068437531169;0.6194225721784777;0.57052757308756;0.9190249694502635
240;0.642418930762489;0.60242301838753;0.8847502630707323;0.6194225721784777;0.57052757308756;0.9190210992889711
241;0.642418930762489;0.6016227667543096;0.8832906035647853;0.6194225721784777;0.57052757308756;0.9175954763052006
242;0.642418930762489;0.6016227667543096;0.8832905917415644;0.6194225721784777;0.57052757308756;0.9175953839427445
243;0.6459246275197196;0.6082801324014567;0.8804346919249221;0.6220472440944882;0.5751017442487104;0.9156797668070534
244;0.6450482033304119;0.6073795736614884;0.8788593115758857;0.6220472440944882;0.5754689809094283;0.9139804886170526
245;0.6450482033304119;0.6073795736614884;0.8787254028791035;0.6220472440944882;0.5754689809094283;0.914053582270768
246;0.6459246275197196;0.608237004114664;0.8784860405818284;0.6272965879265092;0.5805439669856484;0.9141252215896317
247;0.6485539000876425;0.6124945675162743;0.8776235210209181;0.6299212598425197;0.5850373481406965;0.9133333594013154
248;0.6485539000876425;0.6124945675162743;0.8774700000094066;0.6299212598425197;0.5850373481406965;0.913318084909149
249;0.6485539000876425;0.6131930481290113;0.876131494171194;0.6272965879265092;0.5833868267450433;0.9129884518900129
250;0.6520595968448729;0.6188298764013532;0.8753643616901283;0.6325459317585301;0.5922252222736275;0.9126621069895439
251;0.6520595968448729;0.6187394236077471;0.8750526840433257;0.6325459317585301;0.5922252222736275;0.9124780508571227
252;0.6538124452234881;0.6220293871044391;0.8742296513383655;0.6325459317585301;0.5922252222736275;0.9119319980840538
253;0.6538124452234881;0.6221073818766802;0.8737049500047197;0.6325459317585301;0.5943536288060066;0.9112976412092189
254;0.6573181419807187;0.6275028089548851;0.8721202089468005;0.6299212598425197;0.592579616072581;0.9106679632138605
255;0.6590709903593339;0.6296793514386188;0.8713258084181961;0.6325459317585301;0.5945380048617687;0.9101342780430893
256;0.6573181419807187;0.6274218699525375;0.8699791152746025;0.6325459317585301;0.5945380048617687;0.9091672294808898
257;0.6555652936021035;0.6253170135669193;0.8685986026369151;0.6325459317585301;0.5945380048617687;0.9077222470121884
258;0.656441717791411;0.6261480117598477;0.8678828313029001;0.6325459317585301;0.5945380048617687;0.9070962991540172
259;0.6573181419807187;0.626505608074784;0.866063780679628;0.6325459317585301;0.5945380048617687;0.9057391778552419
260;0.6573181419807187;0.6270044645662846;0.8652924090665829;0.6325459317585301;0.5945380048617687;0.9054443298260075
261;0.656441717791411;0.6267152881102912;0.8643611887458911;0.6325459317585301;0.5945380048617687;0.90414555858109
262;0.6555652936021035;0.6264086735284564;0.863514130127197;0.6325459317585301;0.5945380048617687;0.9032374674615036
263;0.656441717791411;0.6272825936347669;0.8628585154520676;0.6325459317585301;0.5945380048617687;0.902913002222248
264;0.6590709903593339;0.6307540583261485;0.8620325195899389;0.6325459317585301;0.5945380048617687;0.9017767383163177
265;0.6573181419807187;0.628242586754388;0.8603820571210659;0.6325459317585301;0.5945380048617687;0.9003415217245027
266;0.6573181419807187;0.628970098428217;0.8592015951791091;0.6351706036745407;0.5987350966375105;0.8995260811820105
267;0.6581945661700263;0.6307236101906126;0.8588400636809598;0.6325459317585301;0.5961831106989488;0.8996410997154614
268;0.6599474145486416;0.6324276713308152;0.8580666964770449;0.6377952755905512;0.602882230515345;0.8990132118813933
269;0.6581945661700263;0.6292389505230239;0.8568878164961243;0.6377952755905512;0.6012765211071305;0.8980813052863125
270;0.6599474145486416;0.6318374262469759;0.8557796668124802;0.6351706036745407;0.5987350966375105;0.8968189266111627
271;0.6625766871165644;0.6356891129187402;0.8551789618908016;0.6377952755905512;0.602882230515345;0.8963287526918077
272;0.6617002629272568;0.635899809103353;0.8540136987990421;0.6404199475065617;0.6073661912429175;0.8955931572566125
273;0.6625766871165644;0.637358173764002;0.8521879754333404;0.6377952755905512;0.6066651672759172;0.8947745340170529
274;0.6625766871165644;0.637661911631629;0.8514799212088778;0.6404199475065617;0.6089563163254084;0.8940620640390765
275;0.6687116564417178;0.6464629720088336;0.8495563272262537;0.6377952755905512;0.6104970277744998;0.8927200688646195
276;0.6669588080631026;0.6445197934167641;0.8485664979811954;0.6404199475065617;0.6125500454889835;0.8919735186497459
277;0.6652059596844873;0.6436801392716268;0.8472178599343455;0.6377952755905512;0.6106302567039142;0.8911234937119145
278;0.6669588080631026;0.6460901656645358;0.8465051995014496;0.6377952755905512;0.6106302567039142;0.8906346317142542
279;0.6678352322524101;0.6461357639762785;0.8452545927986438;0.6404199475065617;0.6130874249769639;0.8893899753597486
280;0.6687116564417178;0.6479633658828541;0.8442150110456269;0.6377952755905512;0.6106302567039142;0.888384486493679
281;0.6713409290096407;0.6518735829147937;0.8433526157123106;0.6351706036745407;0.6085874537272892;0.8879925951910091
282;0.6687116564417178;0.6486139668140464;0.8426210319667078;0.6404199475065617;0.6130874249769639;0.8874261703591603
283;0.6730937773882559;0.6545813935411418;0.8413840743304026;0.6351706036745407;0.6085874537272892;0.8869018670495599
284;0.6739702015775635;0.6551500839215395;0.840311752865694;0.6351706036745407;0.6085874537272892;0.8858894455148385
285;0.6722173531989483;0.6532101455656708;0.8395771911334188;0.6377952755905512;0.6110352143984967;0.885646386282586
286;0.6713409290096407;0.6523256381746508;0.8382209341643009;0.6325459317585301;0.6065465665520313;0.8846540333549657
287;0.6748466257668712;0.6556552543593449;0.8362379956179012;0.6377952755905512;0.6110352143984967;0.8832912262286471
288;0.6730937773882559;0.6550653954778254;0.8345491485940192;0.6377952755905512;0.613042740061904;0.8824540437840535
289;0.6722173531989483;0.6547300841512895;0.8327138923094496;0.6404199475065617;0.614964129411392;0.8809194921407696
290;0.6713409290096407;0.6540506438453099;0.830739641259688;0.6377952755905512;0.6130562671632033;0.879602716580396
291;0.6730937773882559;0.6563696863671067;0.8303089009235423;0.6377952755905512;0.6130562671632033;0.8792909836479099
292;0.6730937773882559;0.6563995897744307;0.8291393240320759;0.6377952755905512;0.6147018513839101;0.8781942384813295
293;0.6739702015775635;0.6575530247046462;0.828759230154487;0.6377952755905512;0.6147018513839101;0.8778447492559401
294;0.6748466257668712;0.6589932182390147;0.8269991712775544;0.6377952755905512;0.6147018513839101;0.8765398166582291
295;0.6765994741454864;0.6609659838651392;0.8249259814335405;0.6377952755905512;0.6148348682403162;0.874905802640133
296;0.6748466257668712;0.6596010714031993;0.823215089532327;0.6325459317585301;0.608953752266561;0.874031448506712
297;0.6730937773882559;0.658395160953754;0.8207845839946598;0.6377952755905512;0.61643595356401;0.8729339349662367
298;0.6722173531989483;0.6576183262043561;0.8189719680437978;0.6377952755905512;0.61643595356401;0.8714402551006107
299;0.6739702015775635;0.6594871799316495;0.8177652543555551;0.6377952755905512;0.61643595356401;0.8705872080635477
300;0.6730937773882559;0.6587443236840436;0.8163834584042903;0.6377952755905512;0.61643595356401;0.8697998361480458
301;0.6748466257668712;0.6606908999206833;0.8147822378670854;0.6404199475065617;0.6201570333432147;0.8690728109966755
302;0.6748466257668712;0.6606951625356533;0.8133703552666655;0.6325459317585301;0.611711845346905;0.868030449514158
303;0.6757230499561788;0.6619574966397846;0.8117763044145663;0.6351706036745407;0.6153074725911774;0.8669540856006289
304;0.6757230499561788;0.6623549883643743;0.8094992940836993;0.6377952755905512;0.6178989496784619;0.8652836250050776
305;0.6739702015775635;0.6607583671137736;0.8082309657391293;0.6325459317585301;0.6136790235473452;0.8645180436467942
306;0.6739702015775635;0.6606824707723703;0.8073185882939755;0.6325459317585301;0.614887888170545;0.864426486041844
307;0.6757230499561788;0.6629335283762832;0.806052958225569;0.6351706036745407;0.617002794005588;0.8639243925597345
308;0.6765994741454864;0.6640742686310135;0.804027721439354;0.6351706036745407;0.617002794005588;0.862844359109014
309;0.6748466257668712;0.6621875535495918;0.8024111573115372;0.6351706036745407;0.617002794005588;0.8617494514659968
310;0.6765994741454864;0.6644230147999295;0.8012190151825417;0.6377952755905512;0.6205032364831692;0.8611073695403336
311;0.6765994741454864;0.6641813587194505;0.799671861698225;0.6377952755905512;0.6205032364831692;0.8601242738420998
312;0.6783523225241017;0.6663777768038767;0.7981149246944592;0.6351706036745407;0.6183730767651199;0.8590076473309451
313;0.6792287467134093;0.6676519983458031;0.7964451244823764;0.6351706036745407;0.6186421874906974;0.8581338461470827
314;0.6801051709027169;0.6683975541206897;0.7953546672583318;0.6325459317585301;0.6178126421699973;0.8577012543521105
315;0.6809815950920245;0.6694843149215525;0.7943729787877355;0.6325459317585301;0.6178126421699973;0.8569869177202364
316;0.6809815950920245;0.6693564864508353;0.7923893831162163;0.6325459317585301;0.6176514677297138;0.8559203348928303
317;0.6827344434706398;0.6715658548734508;0.7916156275434387;0.6299212598425197;0.6142307409414048;0.8558259332011744
318;0.6836108676599474;0.6723530610057628;0.7906375959296175;0.6299212598425197;0.6142307409414048;0.8553941282912947
319;0.6836108676599474;0.6723530610057628;0.7905289843166323;0.6299212598425197;0.6142307409414048;0.8553998041628674
320;0.6836108676599474;0.6723530610057628;0.7895466462250639;0.6272965879265092;0.6121036733007915;0.85519045235347
321;0.684487291849255;0.6730705630508562;0.788046029612732;0.6325459317585301;0.6190086520158474;0.8543189282515756
322;0.6853637160385626;0.6741276220475763;0.7869042293529125;0.6325459317585301;0.6190086520158474;0.8543165809685138
323;0.6853637160385626;0.6744830495743918;0.785680296363567;0.6272965879265092;0.6143711020411393;0.8542588437723574
324;0.6853637160385626;0.6744830495743918;0.7849418174039785;0.6272965879265092;0.6143711020411393;0.8538786751173264
325;0.6879929886064855;0.6770948780181263;0.783604570564246;0.6272965879265092;0.6143711020411393;0.8528904338191123
326;0.6879929886064855;0.677680891275543;0.7824607997000079;0.6272965879265092;0.6143711020411393;0.8524822113353737
327;0.6897458369851008;0.6798200661594094;0.7816567264497971;0.6272965879265092;0.6155372179565672;0.8523401191525467
328;0.6897458369851008;0.6798192290638331;0.781287906390389;0.6246719160104987;0.6122413225363404;0.8521602199565174
329;0.6914986853637161;0.6819475007157666;0.780422356178055;0.6272965879265092;0.6145504601236502;0.8515894176529255
330;0.6897458369851008;0.6801226028799751;0.7793661556927237;0.6325459317585301;0.6211287710008606;0.8512393949197812
331;0.6932515337423313;0.684166268071997;0.778543272237682;0.6272965879265092;0.6164985575150214;0.850882639066158
332;0.6932515337423313;0.6841674387765788;0.7774915578552782;0.6272965879265092;0.6166898128614572;0.8503323848590923
333;0.694127957931639;0.6850367912188057;0.7765571829905212;0.6272965879265092;0.6166898128614572;0.8497676439180671
334;0.6950043821209465;0.6860937891939429;0.7760615655023703;0.6272965879265092;0.6166898128614572;0.8497682832763931
335;0.694127957931639;0.6850367912188057;0.7752474562392642;0.6299212598425197;0.6189783154794174;0.8493358708121735
336;0.694127957931639;0.6849619309595206;0.7740954112664008;0.6325459317585301;0.6213065368484405;0.848923874305984
337;0.6932515337423313;0.6841947528376422;0.7737443476034968;0.6325459317585301;0.6213065368484405;0.8487499138213861
338;0.6967572304995618;0.6879619972350176;0.7730922670001659;0.6325459317585301;0.6213065368484405;0.8485567067974399
339;0.6958808063102542;0.6869364706249993;0.7724403474898321;0.6325459317585301;0.6213065368484405;0.8483104346703982
340;0.6967572304995618;0.6879881131555008;0.77178632779498;0.6325459317585301;0.6213065368484405;0.8478511609497856
341;0.6958808063102542;0.6872201720018505;0.7711099341473601;0.6325459317585301;0.6213065368484405;0.8477523638849659
342;0.6950043821209465;0.6862231328911544;0.7693302434691389;0.6325459317585301;0.6213065368484405;0.8468184348937497
343;0.6958808063102542;0.6871212269093184;0.7686701670722444;0.6272965879265092;0.6166898128614572;0.8465055022581708
344;0.6967572304995618;0.688141696130345;0.7682854382948774;0.6272965879265092;0.6164985575150214;0.8461853103074698
345;0.6993865030674846;0.6907785250219747;0.7672820101386172;0.6272965879265092;0.6166898128614572;0.8458559641945995
346;0.7002629272567923;0.6915489233662843;0.7665569737107754;0.6325459317585301;0.6213065368484405;0.8459797786815628
347;0.6993865030674846;0.6904992378551822;0.7655097828650189;0.6272965879265092;0.6166898128614572;0.8458606751391852
348;0.7002629272567923;0.6918243049536078;0.7645710154603236;0.6272965879265092;0.6166898128614572;0.8457857677414546
349;0.7011393514461;0.6928644384336137;0.7639034793986416;0.6299212598425197;0.6188267788840445;0.8455900962286459
350;0.7020157756354075;0.6937397839259694;0.7628682379817197;0.6299212598425197;0.6188267788840445;0.8452407265316979
351;0.7020157756354075;0.6936617197076859;0.7620975021525372;0.6325459317585301;0.6214965950675959;0.8449861236412708
352;0.7011393514461;0.6923439053960819;0.7613229178853279;0.6325459317585301;0.6214965950675959;0.8446842547639799
353;0.7020157756354075;0.6933630747292061;0.7605792923188397;0.6325459317585301;0.6214965950675959;0.8443058095609157
354;0.7011393514461;0.6924930402759972;0.7599862531283934;0.6325459317585301;0.6214965950675959;0.8439310094899076
355;0.7011393514461;0.6923206546711855;0.759026463591573;0.6351706036745407;0.6239607040685308;0.8436321191846203
356;0.7020157756354075;0.6931114133382301;0.7580227924076002;0.6351706036745407;0.6239607040685308;0.8429915132494521
357;0.7020157756354075;0.6933658089042625;0.7575446237019483;0.6351706036745407;0.6239607040685308;0.8426019163286329
358;0.7028921998247152;0.6944085602008174;0.7570640899607305;0.6351706036745407;0.6239607040685308;0.8421778520264849
359;0.7028921998247152;0.6944085602008174;0.756663139420369;0.6351706036745407;0.6239607040685308;0.8420314280417678
360;0.7028921998247152;0.6944085602008174;0.7558630354717999;0.6351706036745407;0.6239607040685308;0.8418367454425796
361;0.7028921998247152;0.6944085602008174;0.7553256687196762;0.6325459317585301;0.6218142030634058;0.8416247296766611
362;0.7055214723926381;0.6973857241888552;0.7545991934225278;0.6325459317585301;0.6218142030634058;0.8414411792898514
363;0.7037686240140227;0.6954702088628842;0.7537045134128758;0.6325459317585301;0.6218142030634058;0.8416606241909845
364;0.7020157756354075;0.6937988991235172;0.7531464892966402;0.6325459317585301;0.6218142030634058;0.8415651668802611
365;0.7046450482033304;0.6963465512213713;0.752441274273194;0.6351706036745407;0.6250503117203604;0.8412092762829784
366;0.7046450482033304;0.6960999689057751;0.7512515086579601;0.6351706036745407;0.6239607040685308;0.8409314721023723
367;0.7046450482033304;0.6960999689057751;0.7510387558117025;0.6351706036745407;0.6239607040685308;0.8409245679086231
368;0.7037686240140227;0.6952008080555588;0.7506413086080673;0.6351706036745407;0.6239607040685308;0.8406734883584112
369;0.7063978965819456;0.6983170846544222;0.7499715813783648;0.6351706036745407;0.6239607040685308;0.8403640392792614
370;0.7037686240140227;0.6952008080555588;0.7491446399254109;0.6299212598425197;0.6184435824241249;0.8403273610694179
371;0.7046450482033304;0.6967716794186535;0.7480971832638015;0.6351706036745407;0.6249497936728846;0.8398635553701658
372;0.7063978965819456;0.6988336820874615;0.7473000193477016;0.6351706036745407;0.6249497936728846;0.8396268052025413
373;0.7055214723926381;0.6978036980583189;0.7467419313050094;0.6351706036745407;0.6249497936728846;0.8394516787190152
374;0.7063978965819456;0.6988336820874615;0.7462005763369909;0.6351706036745407;0.6249497936728846;0.8394534682821592
375;0.7055214723926381;0.6976734896879272;0.7453948292501434;0.6351706036745407;0.6249497936728846;0.8389880964148023
376;0.7072743207712533;0.699608158684279;0.7442206154124498;0.6351706036745407;0.6249497936728846;0.8383461163329263
377;0.708150744960561;0.7005098830058515;0.7436270195899684;0.6351706036745407;0.6249497936728846;0.838447117571542
378;0.708150744960561;0.7005098830058515;0.7432618646357015;0.6351706036745407;0.6249497936728846;0.8385693648116067
379;0.7090271691498685;0.7014340256932498;0.7425790461841308;0.6351706036745407;0.6249497936728846;0.8381877028316513
380;0.7099035933391762;0.7028331480733571;0.7417576764697253;0.6351706036745407;0.6249497936728846;0.8379057758000241
381;0.7116564417177914;0.7048702671617972;0.7413237123733225;0.6351706036745407;0.6249497936728846;0.8380206312442768
382;0.7107800175284837;0.7038530930752498;0.7404968758878329;0.6351706036745407;0.6249497936728846;0.8378034939902558
383;0.7099035933391762;0.7029489892676024;0.7399760745011942;0.6351706036745407;0.6249497936728846;0.8378115012105776
384;0.7099035933391762;0.7028337332230264;0.7388917904347932;0.6351706036745407;0.6249497936728846;0.8371581320751974
385;0.7116564417177914;0.7047922773587697;0.7382483542630829;0.6325459317585301;0.6224864399484922;0.8374761589253413
386;0.7107800175284837;0.7039906047252341;0.7375631289239593;0.6325459317585301;0.6224864399484922;0.8373075374195333
387;0.7116564417177914;0.705003614577309;0.7369648476826598;0.6325459317585301;0.6224864399484922;0.8370092608854832
388;0.7107800175284837;0.7040970964992308;0.7363247805407164;0.6325459317585301;0.6224864399484922;0.837301161385449
389;0.7116564417177914;0.705003614577309;0.7357744149949146;0.6325459317585301;0.6224864399484922;0.8370187047233539
390;0.7107800175284837;0.7040970964992308;0.7350850259455208;0.6325459317585301;0.6224864399484922;0.8366002152190498
391;0.7125328659070991;0.7058054515101448;0.734558775696288;0.6325459317585301;0.6224864399484922;0.8364637855695936
392;0.7125328659070991;0.7056976967697495;0.7337752395607596;0.6325459317585301;0.6224864399484922;0.8362858452652764
393;0.7134092900964066;0.7067114661457825;0.7331115274778788;0.6325459317585301;0.6224864399484922;0.8361828323947532
394;0.7134092900964066;0.7067114661457825;0.7326684682256235;0.6325459317585301;0.6224864399484922;0.8361385350441863
395;0.7142857142857143;0.7075938567964463;0.7323184866306973;0.6325459317585301;0.6224864399484922;0.8363391657831516
396;0.7134092900964066;0.7065792835159074;0.7315164146245058;0.6325459317585301;0.6224864399484922;0.836496947670776
397;0.7142857142857143;0.7075938567964463;0.7307504427822009;0.6299212598425197;0.6200414607960577;0.8365453469906522
398;0.7134092900964066;0.7065764614104026;0.7300941527319467;0.6299212598425197;0.6200414607960577;0.8363600362316705
399;0.7134092900964066;0.7065764614104026;0.7297500822029812;0.6299212598425197;0.6200414607960577;0.8364384203162791
400;0.7142857142857143;0.7074571824642404;0.7291178358040361;0.6299212598425197;0.6200414607960577;0.8361943326317809
401;0.7160385626643295;0.7094889774915382;0.7287302919208657;0.6299212598425197;0.6200414607960577;0.8360000446844452
402;0.7160385626643295;0.7094889774915382;0.7284049100131456;0.6299212598425197;0.6200414607960577;0.8360615377805347
403;0.7151621384750219;0.7084731574790303;0.7279423574437585;0.6299212598425197;0.6200414607960577;0.8362561696719915
404;0.7169149868536372;0.7101569669497405;0.7272470487843987;0.6299212598425197;0.6200414607960577;0.8360463780709667
405;0.7177914110429447;0.7113830673499625;0.7267460740150979;0.6299212598425197;0.6200414607960577;0.8362382625452187
406;0.7169149868536372;0.7103712031955937;0.7265206945189219;0.6299212598425197;0.6200414607960577;0.8362443097894297
407;0.7177914110429447;0.7111794111011084;0.7257352531785501;0.6299212598425197;0.6200414607960577;0.8360664934003527
408;0.7169149868536372;0.7103712031955937;0.7249898433487323;0.6299212598425197;0.6200414607960577;0.8361990213111684
409;0.7160385626643295;0.7095102092635909;0.7241556311439021;0.6299212598425197;0.6200414607960577;0.8358225691632525
410;0.7160385626643295;0.7094889774915382;0.7234882901981404;0.6299212598425197;0.6200414607960577;0.8355427287779992
411;0.7160385626643295;0.7094889774915382;0.7234131111415338;0.6299212598425197;0.6200414607960577;0.83551484644287
412;0.7186678352322524;0.7122069125731628;0.7228716919369874;0.6299212598425197;0.6200414607960577;0.8354771553240752
413;0.7177914110429447;0.711531551279506;0.7222406767307714;0.6299212598425197;0.6200414607960577;0.835212715952517
414;0.7186678352322524;0.7123399073844092;0.7217031250292717;0.6299212598425197;0.6200414607960577;0.8351603757897611
415;0.7186678352322524;0.7123614853714183;0.7211592051551741;0.6272965879265092;0.616813373879495;0.8351080692208205
416;0.7177914110429447;0.7114352176229926;0.7208668159673323;0.6299212598425197;0.6200414607960577;0.8349422459413676
417;0.7177914110429447;0.7114568117635601;0.7202928038065747;0.6299212598425197;0.6200414607960577;0.8346148159197382
418;0.7186678352322524;0.7122357573201717;0.7200352113107409;0.6299212598425197;0.620245998661932;0.8344448402906419
419;0.7186678352322524;0.7123370063399174;0.7193116448130268;0.6325459317585301;0.6226979640929878;0.8345337106146543
420;0.7212971078001753;0.7150540574005055;0.7186823226499589;0.6325459317585301;0.6226979640929878;0.8345416862571989
421;0.7221735319894829;0.7160664717855432;0.7180799978852447;0.6351706036745407;0.6251486913548289;0.8343962875302883
422;0.7230499561787905;0.7169468479910405;0.7169934442472383;0.6299212598425197;0.620245998661932;0.834045353676188
423;0.7212971078001753;0.7150540574005055;0.7167548162568761;0.6299212598425197;0.620245998661932;0.8340522713126728
424;0.7230499561787905;0.7169277486475438;0.7162592110355415;0.6325459317585301;0.6226979640929878;0.8340387288157979
425;0.7230499561787905;0.7171692470167595;0.7154910855911464;0.6272965879265092;0.6172463736150628;0.8340034047697652
426;0.7221735319894829;0.7161951202065469;0.7149977521007915;0.6272965879265092;0.6180099884368834;0.83392071262456
427;0.7239263803680982;0.7179077884862528;0.7143255168006503;0.6272965879265092;0.6170238739225606;0.8340065396348877
428;0.726555652936021;0.7210124127045576;0.7138367121149501;0.6272965879265092;0.6172463736150628;0.8341398276175939
429;0.726555652936021;0.7210124127045576;0.7135958164821256;0.6272965879265092;0.6172463736150628;0.8339317513223102
430;0.7256792287467134;0.7200083181144572;0.71328186362537;0.6272965879265092;0.6172463736150628;0.8338003159371009
431;0.7283085013146363;0.7229698614572504;0.712530381330203;0.6272965879265092;0.6172463736150628;0.8337021796726993
432;0.7274320771253286;0.7219775714803709;0.7120764869726165;0.6272965879265092;0.6172463736150628;0.8335737890007453
433;0.726555652936021;0.7209737233717726;0.7117568382285422;0.6272965879265092;0.6172463736150628;0.8336520563062874
434;0.726555652936021;0.7210207482022651;0.7114306179406489;0.6246719160104987;0.6148041455468659;0.8336598626230507
435;0.726555652936021;0.7210207482022651;0.7111266367161814;0.6246719160104987;0.6148041455468659;0.8335372758335841
436;0.7274320771253286;0.7219953048297577;0.7106135242780395;0.6272965879265092;0.6172463736150628;0.8335028736198308
437;0.726555652936021;0.7209921873500317;0.7103069566760375;0.6272965879265092;0.6172463736150628;0.8334316068461411
438;0.726555652936021;0.7209921873500317;0.7099158555309601;0.6272965879265092;0.6172463736150628;0.8333129401388677
439;0.7283085013146363;0.7228376484172193;0.7093378664554252;0.6272965879265092;0.6172463736150628;0.833255662571929
440;0.7283085013146363;0.722790096912012;0.7089044815811949;0.6272965879265092;0.6172463736150628;0.8332970351786344
441;0.7300613496932515;0.7245686045503033;0.7081885544470444;0.6246719160104987;0.6148041455468659;0.8335364132954982
442;0.7291849255039439;0.7237568444488036;0.707672531389353;0.6220472440944882;0.6115747935636442;0.8336514413173133
443;0.7300613496932515;0.7245686045503033;0.7073903526280361;0.6220472440944882;0.6115747935636442;0.8335780568725808
444;0.7300613496932515;0.7245686045503033;0.7071232773025407;0.6220472440944882;0.6115747935636442;0.8336211088559763
445;0.7309377738825592;0.7255697792428655;0.706579318585429;0.6220472440944882;0.6115747935636442;0.8336205724326524
446;0.7309377738825592;0.7255858374737855;0.7061470624568131;0.6220472440944882;0.6115747935636442;0.8337667298478728
447;0.7309377738825592;0.7255858374737855;0.7058368519175219;0.6220472440944882;0.6115747935636442;0.8339264047372638
448;0.7309377738825592;0.7255858374737855;0.7055433294831711;0.6220472440944882;0.6115747935636442;0.8338464694464551
449;0.7309377738825592;0.7255858374737855;0.7052077470151347;0.6246719160104987;0.6148041455468659;0.8337496811981359
450;0.7300613496932515;0.7247730032092529;0.7048217870608254;0.6220472440944882;0.6115747935636442;0.8337300686646059
451;0.7309377738825592;0.7255858374737855;0.7044715239088666;0.6220472440944882;0.6115747935636442;0.8334498817742823
452;0.7309377738825592;0.7255858374737855;0.704113308204427;0.6220472440944882;0.6115747935636442;0.8334649841032302
453;0.7309377738825592;0.725745682078311;0.703360997733514;0.6220472440944882;0.6115747935636442;0.8334567185433343
454;0.7309377738825592;0.725745682078311;0.7028823592919776;0.6220472440944882;0.6115747935636442;0.8333897550860456
455;0.7309377738825592;0.725745682078311;0.702433906256029;0.6220472440944882;0.6115747935636442;0.8331035912418518
456;0.7309377738825592;0.725745682078311;0.702149757397411;0.6220472440944882;0.6115747935636442;0.8331061871176663
457;0.7309377738825592;0.725745682078311;0.7019138305061101;0.6246719160104987;0.6148041455468659;0.8327570797568739
458;0.7318141980718668;0.7267322906988727;0.7012824737499013;0.6246719160104987;0.6148041455468659;0.8322508882026723
459;0.7318141980718668;0.7267322906988727;0.7009856970633587;0.6246719160104987;0.6148041455468659;0.832098850673891
460;0.7318141980718668;0.7267322906988727;0.7008835605503533;0.6246719160104987;0.6148041455468659;0.8320990903012611
461;0.7318141980718668;0.7267322906988727;0.7007130325474039;0.6246719160104987;0.6148041455468659;0.8320250954107602
462;0.733567046450482;0.7285396423524951;0.7004055984603386;0.6246719160104987;0.6148041455468659;0.832114799197536
463;0.7326906222611744;0.7277257303562495;0.6997802370748065;0.6246719160104987;0.6148041455468659;0.8319635014078572
464;0.7318141980718668;0.7267416851961651;0.6995279757678469;0.6246719160104987;0.6140062870490635;0.8321277132216893
465;0.733567046450482;0.728655171223619;0.698871294113477;0.6272965879265092;0.6172463736150628;0.8322415016576843
466;0.7344434706397897;0.7296128105043489;0.6985971589100926;0.6272965879265092;0.6172463736150628;0.832298065287416
467;0.7326906222611744;0.7276712083795158;0.6979697854845965;0.6272965879265092;0.6172463736150628;0.8319798091113758
468;0.7326906222611744;0.7276454365720898;0.6976209256994675;0.6272965879265092;0.6172463736150628;0.8317593814121733
469;0.733567046450482;0.7286300919277078;0.6969575664239813;0.6272965879265092;0.6172463736150628;0.831711745223672
470;0.733567046450482;0.7286300919277078;0.6968886969486434;0.6272965879265092;0.6172463736150628;0.8316925323429942
471;0.7344434706397897;0.7296372048102577;0.6964639006844889;0.6272965879265092;0.6172463736150628;0.8316708541494826
472;0.7353198948290973;0.7306173254484838;0.6961175784084658;0.6272965879265092;0.6172463736150628;0.8317517782356801
473;0.7353198948290973;0.7305427349492416;0.6956738896421579;0.6299212598425197;0.6205441511431475;0.8318531218292573
474;0.733567046450482;0.7287479828981058;0.69532089499375;0.6325459317585301;0.6237324535873637;0.8317763338273169
475;0.733567046450482;0.7287479828981058;0.6948965147427814;0.6325459317585301;0.6237324535873637;0.831959182705947
476;0.7353198948290973;0.7304882475080039;0.6944980943358738;0.6325459317585301;0.6239509861621608;0.8316740098012577
477;0.7353198948290973;0.730652423649607;0.6939117378566743;0.6351706036745407;0.62711140216657;0.8316244772710689
478;0.7344434706397897;0.7296724242650048;0.693630269089866;0.6325459317585301;0.6239509861621608;0.831396893590559
479;0.7344434706397897;0.729653927866344;0.6933902534248086;0.6351706036745407;0.6268979862082077;0.8315236921455064
480;0.7353198948290973;0.7304695939034134;0.6931032201559615;0.6351706036745407;0.6268979862082077;0.831477382321478
481;0.7353198948290973;0.7306339868041308;0.6924485611679997;0.6351706036745407;0.6268979862082077;0.8313363780704547
482;0.7353198948290973;0.7306339868041308;0.6920740955048676;0.6325459317585301;0.6244213730763217;0.8312760597384256
483;0.7361963190184049;0.7314684038079045;0.6917812832500654;0.6351706036745407;0.6268979862082077;0.8311853174061609
484;0.7361963190184049;0.7314684038079045;0.6917467218650294;0.6351706036745407;0.6268979862082077;0.8311493360888484
485;0.7353198948290973;0.7304695939034134;0.6913608734594573;0.6325459317585301;0.6244213730763217;0.8312100494967479
486;0.7353198948290973;0.7304695939034134;0.6910756378814776;0.6325459317585301;0.6244213730763217;0.8312063122479427
487;0.7370727432077125;0.7322656302514704;0.69038924744455;0.6299212598425197;0.6205441511431475;0.8314536179651448
488;0.7361963190184049;0.7312852580925414;0.6898989771245367;0.6272965879265092;0.6183187174957685;0.8312162505258356
489;0.7379491673970202;0.7331546024908606;0.6893456337492567;0.6272965879265092;0.6183187174957685;0.8309931095726606
490;0.7388255915863278;0.7343118878071906;0.6889769948467351;0.6325459317585301;0.6246421179096473;0.8312222099282676
491;0.7388255915863278;0.7341512961337004;0.6883210652276844;0.6299212598425197;0.6214915067514729;0.8310564758275969
492;0.7397020157756354;0.7351285281480509;0.6880552780599909;0.6272965879265092;0.6183187174957685;0.831109711658538
493;0.7397020157756354;0.7351377140001792;0.6876076789869201;0.6299212598425197;0.6214915067514729;0.8306898479285518
494;0.7397020157756354;0.7351377140001792;0.6872571027118356;0.6299212598425197;0.6214915067514729;0.8306761409510187
495;0.7397020157756354;0.7351377140001792;0.6871937980131576;0.6299212598425197;0.6214915067514729;0.8306848861930428
496;0.7397020157756354;0.7349783683916501;0.6866588125174574;0.6299212598425197;0.6214915067514729;0.8305316686663115
497;0.7388255915863278;0.7340891781458208;0.6861226513414781;0.6325459317585301;0.6247180431111746;0.8302293293776101
498;0.7397020157756354;0.7350652819471262;0.6857615428375822;0.6299212598425197;0.621572192422903;0.8301046163950527
499;0.7397020157756354;0.7350652819471262;0.6854773053504953;0.6246719160104987;0.6150456530964481;0.8301909389676129
500;0.740578439964943;0.7359551344213313;0.6851049265279643;0.6246719160104987;0.6150456530964481;0.82993167336389
501;0.740578439964943;0.7359551344213313;0.6847523873107099;0.6246719160104987;0.6150456530964481;0.8297858212077348
502;0.7414548641542507;0.736930043918086;0.6842413337970612;0.6246719160104987;0.6151232347521015;0.8297781605012695
503;0.7397020157756354;0.7351377140001792;0.683932707924966;0.6272965879265092;0.6182458563060691;0.8295262598434407
504;0.7397020157756354;0.7351377140001792;0.6837055876220853;0.6272965879265092;0.6190234088607168;0.8296825015643723
505;0.7414548641542507;0.7369030814931471;0.6833897174070354;0.6299212598425197;0.6214915067514729;0.8295583994819415
506;0.740578439964943;0.7359184847547015;0.6826956988091499;0.6272965879265092;0.6190234088607168;0.8294517633146725
507;0.740578439964943;0.7359184847547015;0.6825994021973721;0.6272965879265092;0.6190234088607168;0.8294460641692698
508;0.740578439964943;0.7359184847547015;0.682135997604827;0.6272965879265092;0.6190234088607168;0.8292858227968332
509;0.7414548641542507;0.7369030814931471;0.6818410162360933;0.6272965879265092;0.6190234088607168;0.8292371569880479
510;0.7414548641542507;0.7369030814931471;0.6815893038515981;0.6272965879265092;0.6190234088607168;0.8293572473054339
511;0.740578439964943;0.7359184847547015;0.6813673322019206;0.6272965879265092;0.6190234088607168;0.8294100485061583
512;0.7414548641542507;0.7369030814931471;0.6808548822207204;0.6272965879265092;0.6190234088607168;0.8296894936806525
513;0.7397020157756354;0.7351285281480509;0.6802348906551211;0.6272965879265092;0.6190234088607168;0.8295685176939716
514;0.7414548641542507;0.7369030814931471;0.6799699771289982;0.6272965879265092;0.6190234088607168;0.8294542078437243
515;0.7414548641542507;0.7369030814931471;0.6799459955891425;0.6272965879265092;0.6190234088607168;0.8294442699081849
516;0.7423312883435583;0.7378861430336944;0.679550372987235;0.6272965879265092;0.6190234088607168;0.8293874835820508
517;0.7432077125328659;0.7388676873238653;0.6791906368648157;0.6272965879265092;0.6190234088607168;0.8295629871673313
518;0.7432077125328659;0.7388676873238653;0.6789271838582578;0.6246719160104987;0.6158606225289488;0.8296612399629031
519;0.7432077125328659;0.738677641094678;0.6784994569576462;0.6246719160104987;0.6158606225289488;0.8297016236015102
520;0.7423312883435583;0.7377037446390876;0.6782483568804393;0.6246719160104987;0.6158606225289488;0.8296443126518172
521;0.7432077125328659;0.738677641094678;0.6777673658797512;0.6246719160104987;0.6158606225289488;0.8295968383509094
522;0.7432077125328659;0.738677641094678;0.6774963580734308;0.6246719160104987;0.6158606225289488;0.8297095880624028
523;0.7449605609114811;0.7406294332162835;0.6768611124267645;0.6246719160104987;0.6158606225289488;0.8295732150590817
524;0.7449605609114811;0.7406294332162835;0.6766525369289813;0.6220472440944882;0.6137297898499123;0.8295759102693276
525;0.7449605609114811;0.7406294332162835;0.6761299260226286;0.6272965879265092;0.6194246060195595;0.8294631427119803
526;0.7449605609114811;0.7406294332162835;0.675835440674943;0.6299212598425197;0.6223207957199848;0.8295052295714159
527;0.747589833479404;0.7432982723571583;0.6755214971931978;0.6272965879265092;0.6201703733123695;0.8294154439579363
528;0.7484662576687117;0.744116396231754;0.6752299123659665;0.6272965879265092;0.6201703733123695;0.8294049969364257
529;0.7493426818580193;0.7450957057540892;0.6749634442462795;0.6272965879265092;0.6201703733123695;0.8293586390719209
530;0.7484662576687117;0.7442766319697508;0.6744536045400321;0.6272965879265092;0.6201703733123695;0.8295003243948545
531;0.747589833479404;0.7431356016415189;0.6739624648384138;0.6272965879265092;0.6201703733123695;0.8293475105333247
532;0.7493426818580193;0.7450130824204552;0.6735860457209105;0.6272965879265092;0.6201703733123695;0.8295544901515449
533;0.747589833479404;0.7432137905284868;0.6733273558555725;0.6272965879265092;0.6201703733123695;0.8295357973133368
534;0.7493426818580193;0.7450012929083678;0.673023713725465;0.6299212598425197;0.6232689114275146;0.8295976876194997
535;0.7484662576687117;0.7441049523396467;0.6728130887443877;0.6299212598425197;0.6232689114275146;0.8295322671010605
536;0.747589833479404;0.7432982723571583;0.6722162436480399;0.6272965879265092;0.6201703733123695;0.828920239744886
537;0.7493426818580193;0.7450957057540892;0.6718611125655524;0.6272965879265092;0.6201703733123695;0.8289868970969352
538;0.7502191060473269;0.7462154575168319;0.6713765957611164;0.6299212598425197;0.6232689114275146;0.8291772385578988
539;0.7493426818580193;0.7453161240179138;0.6710881425649182;0.6325459317585301;0.6263466993776046;0.829163610993524
540;0.7493426818580193;0.7453161240179138;0.6709723587750739;0.6325459317585301;0.6263466993776046;0.8291902801592489
541;0.7493426818580193;0.7453161240179138;0.6706374098671314;0.6299212598425197;0.6232689114275146;0.8290578870305312
542;0.7493426818580193;0.7453161240179138;0.6704858841484064;0.6299212598425197;0.6232689114275146;0.8291078807145297
543;0.7484662576687117;0.7443547937126493;0.6700247166519461;0.6325459317585301;0.6263466993776046;0.8291612890761738
544;0.7467134092900964;0.7424014776259652;0.6696589057941768;0.6325459317585301;0.6263466993776046;0.8290430336554594
545;0.747589833479404;0.7433788676851142;0.6692426968923908;0.6325459317585301;0.6263466993776046;0.8290634542537867
546;0.747589833479404;0.7433788676851142;0.6691506683894713;0.6325459317585301;0.6263466993776046;0.8290703299698418
547;0.747589833479404;0.7434313298069662;0.6689951900625639;0.6325459317585301;0.6263466993776046;0.8289177262485353
548;0.7467134092900964;0.7424682217101627;0.6686819999930854;0.6325459317585301;0.6263466993776046;0.8288206126978627
549;0.7467134092900964;0.7424682217101627;0.6683301014103677;0.6351706036745407;0.6285196033190713;0.8288016320283907
550;0.7467134092900964;0.7424567062673095;0.6680611654307781;0.6299212598425197;0.6232689114275146;0.8286427001426315
551;0.7493426818580193;0.7454807623423286;0.6674348150701265;0.6325459317585301;0.6254307016868157;0.8286388168175995
552;0.7484662576687117;0.7445225933727865;0.6673322454595383;0.6325459317585301;0.6254307016868157;0.8286154005453742
553;0.747589833479404;0.743738238093647;0.6669478836774179;0.6325459317585301;0.6254307016868157;0.8285477143929312
554;0.747589833479404;0.7436746353430097;0.6664745004872935;0.6325459317585301;0.6254307016868157;0.8284008648805261
555;0.7467134092900964;0.7427675563673509;0.6659795722689956;0.6325459317585301;0.6254307016868157;0.8284953355592721
556;0.7484662576687117;0.744650177080575;0.6656553706911209;0.6299212598425197;0.6223207957199848;0.8283081564688884
557;0.7484662576687117;0.744650177080575;0.6651398720544651;0.6351706036745407;0.6278973274408114;0.8282358276918996
558;0.7484662576687117;0.744650177080575;0.6649028906645483;0.6351706036745407;0.6278973274408114;0.8281350754734383
559;0.747589833479404;0.7438557219368939;0.6647171846258527;0.6325459317585301;0.6254307016868157;0.8281907364506336
560;0.747589833479404;0.7438557219368939;0.6644145426227202;0.6351706036745407;0.6278973274408114;0.8279790028065689
561;0.747589833479404;0.7438557219368939;0.6640314264034628;0.6351706036745407;0.6278973274408114;0.8279977642154228
562;0.7484662576687117;0.744650177080575;0.6637108308670099;0.6351706036745407;0.6278973274408114;0.8278950934392475
563;0.7484662576687117;0.744650177080575;0.663546000981276;0.6351706036745407;0.6278973274408114;0.8279280838891051
564;0.7493426818580193;0.7457699435652022;0.663454399905602;0.6351706036745407;0.6278973274408114;0.8279230284757428
565;0.7493426818580193;0.7457072957493851;0.663054497830489;0.6351706036745407;0.6278973274408114;0.8280385823511789
566;0.7502191060473269;0.7465036637267243;0.6627425081254148;0.6351706036745407;0.6278973274408114;0.8281050776454205
567;0.7510955302366346;0.7473979557721679;0.6623462620003949;0.6351706036745407;0.6278973274408114;0.8278388026108731
568;0.7528483786152498;0.7493368790802458;0.6617645352989192;0.6351706036745407;0.6278973274408114;0.8280273541971632
569;0.7537248028045574;0.7502903694965691;0.661557952114059;0.6325459317585301;0.6246947967226685;0.8278293860168905
570;0.7528483786152498;0.7493368790802458;0.6613624472090929;0.6325459317585301;0.6246947967226685;0.8279171479002698
571;0.7528483786152498;0.749311705140738;0.6609066702180441;0.6299212598425197;0.6222361986761756;0.827659055304753
572;0.7528483786152498;0.749311705140738;0.66081927694051;0.6299212598425197;0.6222361986761756;0.8276420000884254
573;0.7528483786152498;0.749311705140738;0.6605863596598088;0.6351706036745407;0.6278973274408114;0.8277272086077979
574;0.7510955302366346;0.7476033702933619;0.6604687842398346;0.6351706036745407;0.6278973274408114;0.827654040940652
575;0.7510955302366346;0.7476033702933619;0.6604380760170302;0.6351706036745407;0.6278973274408114;0.8276555150967514
576;0.7554776511831727;0.7520318844084342;0.659824463742255;0.6325459317585301;0.6246947967226685;0.8275248663442198
577;0.7563540753724802;0.7529957606044957;0.6598081328260719;0.6325459317585301;0.6246947967226685;0.8275289001408004
578;0.7554776511831727;0.7520318844084342;0.65966206788667;0.6351706036745407;0.6278973274408114;0.8275288031744846
579;0.7554776511831727;0.7520318844084342;0.6594509974484559;0.6351706036745407;0.6278973274408114;0.8275653370421104
580;0.754601226993865;0.7510794232706138;0.6592057610182086;0.6351706036745407;0.6278973274408114;0.8274586600942007
581;0.754601226993865;0.7510794232706138;0.6589618632287222;0.6351706036745407;0.6278973274408114;0.8275880191119133
582;0.7528483786152498;0.7496282903243184;0.6586220038387299;0.6351706036745407;0.6278973274408114;0.8272811911835646
583;0.7537248028045574;0.7502787080598003;0.6584460331473165;0.6325459317585301;0.6246947967226685;0.8272396281271659
584;0.7537248028045574;0.7502787080598003;0.6583744712511689;0.6325459317585301;0.6246947967226685;0.8272414547057254
585;0.7537248028045574;0.7502787080598003;0.658356712833246;0.6325459317585301;0.6246947967226685;0.827239193371942
586;0.7528483786152498;0.7494909219139758;0.6581568668553621;0.6351706036745407;0.6278973274408114;0.8272276347869552
587;0.7528483786152498;0.749496152663938;0.6577244352857661;0.6351706036745407;0.6278973274408114;0.8272643888389992
588;0.7537248028045574;0.7503082831868486;0.6574539378180573;0.6351706036745407;0.6278973274408114;0.8273580535092538
589;0.7537248028045574;0.7504052297410637;0.6568917462260208;0.6351706036745407;0.6278973274408114;0.8272284239253387
590;0.7537248028045574;0.7504052297410637;0.6568765482554593;0.6351706036745407;0.6278973274408114;0.8272401869864998
591;0.7537248028045574;0.7502983756215501;0.6566077545644078;0.6377952755905512;0.6303635063519873;0.8273147346294232
592;0.754601226993865;0.7512076047894198;0.6564207271760139;0.6351706036745407;0.6278973274408114;0.8272300172488176
593;0.7563540753724802;0.7529310939238308;0.655951332150984;0.6351706036745407;0.627152843217113;0.827252092163339
594;0.7554776511831727;0.7520318844084342;0.6557549702640887;0.6351706036745407;0.627152843217113;0.8272589522832167
595;0.7554776511831727;0.7520318844084342;0.6556037234264692;0.6351706036745407;0.627152843217113;0.8271941315169687
596;0.7554776511831727;0.7520318844084342;0.6552120998075531;0.6351706036745407;0.627152843217113;0.8270704252477981
597;0.7554776511831727;0.7520318844084342;0.6548138244525965;0.6351706036745407;0.6282189473173783;0.8268548741367134
598;0.7554776511831727;0.7520318844084342;0.654394612787984;0.6377952755905512;0.6303635063519873;0.826813240248889
599;0.7554776511831727;0.7520318844084342;0.6541156571571832;0.6377952755905512;0.6303635063519873;0.8267460831660208
600;0.7563540753724802;0.7528335784023827;0.6539753504861794;0.6377952755905512;0.6303635063519873;0.8267340148006197
601;0.7563540753724802;0.7528335784023827;0.6537937263448521;0.6377952755905512;0.6303635063519873;0.8265885141528085
602;0.7563540753724802;0.7528335784023827;0.6534196680930299;0.6351706036745407;0.6278509257286025;0.8265386317728425
603;0.7563540753724802;0.7528335784023827;0.653331186303186;0.6377952755905512;0.6303635063519873;0.8265102986888602
604;0.7563540753724802;0.7528335784023827;0.6532245839259206;0.6377952755905512;0.6303635063519873;0.8265185759878196
605;0.7572304995617879;0.7537339813165354;0.6529695788362204;0.6377952755905512;0.6303635063519873;0.8264564043320397
606;0.7563540753724802;0.7528335784023827;0.6526966650625485;0.6377952755905512;0.6303635063519873;0.8265434416977707
607;0.7563540753724802;0.7528561927586364;0.6520856244403619;0.6377952755905512;0.6303635063519873;0.8266192964382705
608;0.7563540753724802;0.7528561927586364;0.6518925928312758;0.6377952755905512;0.6303635063519873;0.8266211398718214
609;0.7563540753724802;0.7528561927586364;0.6518817806042432;0.6377952755905512;0.6303635063519873;0.8266155178707562
610;0.7572304995617879;0.7537557398201874;0.6514404974996543;0.6377952755905512;0.6303635063519873;0.8266669673669576
611;0.7572304995617879;0.7537557398201874;0.6510882550538293;0.6377952755905512;0.6303635063519873;0.8267253597293183
612;0.7572304995617879;0.7537557398201874;0.6507800679642126;0.6377952755905512;0.6303635063519873;0.8266247300864885
613;0.7572304995617879;0.7538210343063926;0.6501486122947582;0.6377952755905512;0.6303635063519873;0.8266582137361571
614;0.7572304995617879;0.7537116648364489;0.6500867478673595;0.6377952755905512;0.6303635063519873;0.8266422372772132
615;0.7581069237510956;0.7546377447871905;0.6497755238153112;0.6377952755905512;0.6303635063519873;0.8268632669761344
616;0.7572304995617879;0.7538536934442627;0.6494978674953229;0.6377952755905512;0.6303635063519873;0.8268501081079659
617;0.7572304995617879;0.7538536934442627;0.6494316937695662;0.6377952755905512;0.6303635063519873;0.8268478356858473
618;0.7581069237510956;0.7547307191876189;0.6492066302547108;0.6377952755905512;0.6303635063519873;0.8267756456354566
619;0.7581069237510956;0.7547766371372252;0.6489640028891552;0.6377952755905512;0.6303635063519873;0.8266919945148629
620;0.7581069237510956;0.7547766371372252;0.6486566884341731;0.6377952755905512;0.6303635063519873;0.8265761555263762
621;0.7581069237510956;0.7547142246329172;0.6483269674127426;0.6377952755905512;0.6303635063519873;0.8265895761585341
622;0.7581069237510956;0.7547142246329172;0.648144954430551;0.6351706036745407;0.6278973274408114;0.8265146730837949
623;0.7581069237510956;0.7547142246329172;0.6479655303698456;0.6351706036745407;0.6278973274408114;0.8263668889997483
624;0.7589833479404031;0.7556791790648475;0.6473622015068875;0.6377952755905512;0.6310822257712079;0.8265650939227918
625;0.7581069237510956;0.7547307191876189;0.6467867694921351;0.6377952755905512;0.6310822257712079;0.8265186531876998
626;0.7589833479404031;0.7556791790648475;0.6463107999169794;0.6351706036745407;0.6278973274408114;0.8264256313814634
627;0.7589833479404031;0.7556791790648475;0.6459136352343609;0.6351706036745407;0.6278973274408114;0.826489347610288
628;0.7589833479404031;0.7556791790648475;0.6453356586392571;0.6404199475065617;0.6335566436373254;0.8267901582346668
629;0.7598597721297108;0.7565812779461537;0.6453048370458686;0.6404199475065617;0.6335566436373254;0.8267944598269871
630;0.7589833479404031;0.7556791790648475;0.6452583072656158;0.6404199475065617;0.6335566436373254;0.8267809964911312
631;0.7589833479404031;0.7556791790648475;0.6452501863097854;0.6404199475065617;0.6335566436373254;0.8267828585158553
632;0.7598597721297108;0.7565812779461537;0.6450351941106848;0.6404199475065617;0.6335566436373254;0.8269660027613643
633;0.7589833479404031;0.7557027170879667;0.644742691167473;0.6404199475065617;0.6335566436373254;0.8271086200324101
634;0.7589833479404031;0.7556214906455456;0.6444892636034574;0.6430446194225722;0.6360732274194626;0.827106099216914
635;0.7581069237510956;0.7547142246329172;0.6442321530101043;0.6404199475065617;0.633594797075289;0.8269679829365976
636;0.7589833479404031;0.7556966467735101;0.6438462521434504;0.6430446194225722;0.6360732274194626;0.8268961531827893
637;0.7581069237510956;0.7547548177939556;0.6435136085579248;0.6404199475065617;0.6328668625070216;0.8269712081977854
638;0.7589833479404031;0.7556506866575674;0.6431930677462193;0.6430446194225722;0.6360732274194626;0.8269677648864419
639;0.7589833479404031;0.7556966467735101;0.6427953834292909;0.6404199475065617;0.633594797075289;0.8271003341640141
640;0.7598597721297108;0.756599078673282;0.6422699654517356;0.6404199475065617;0.633594797075289;0.8272005638400923
641;0.7598597721297108;0.756599078673282;0.6421180141064657;0.6404199475065617;0.633594797075289;0.8272374472709186
642;0.7598597721297108;0.756603949142957;0.641777853234966;0.6377952755905512;0.6303966701953809;0.8271548213861503
643;0.7607361963190185;0.7575047418518366;0.6415768860895099;0.6377952755905512;0.6311160255040972;0.8271995678121367
644;0.761612620508326;0.7583385048050275;0.6411559832153877;0.6377952755905512;0.6311160255040972;0.8273470756473355
645;0.7607361963190185;0.757510242434794;0.6408497667126537;0.6377952755905512;0.6311160255040972;0.8273093893709877
646;0.761612620508326;0.7583385048050275;0.6406314215608352;0.6377952755905512;0.6311160255040972;0.8271883217492834
647;0.761612620508326;0.7583385048050275;0.6405437690187924;0.6377952755905512;0.6311160255040972;0.8271671191929075
648;0.761612620508326;0.7583385048050275;0.6399298350757758;0.6377952755905512;0.6311160255040972;0.8272725295795988
649;0.761612620508326;0.7583385048050275;0.6395445209344474;0.6351706036745407;0.6286074676004808;0.8274406522780451
650;0.761612620508326;0.7583385048050275;0.6395233428244096;0.6351706036745407;0.6286074676004808;0.8274368618194663
651;0.7607361963190185;0.757438582622669;0.6392401528110256;0.6377952755905512;0.6311160255040972;0.8272141192283706
652;0.761612620508326;0.7583385048050275;0.639012068606686;0.6377952755905512;0.6311160255040972;0.827214212962517
653;0.7624890446976337;0.7592860604811049;0.6386899283262699;0.6377952755905512;0.6311160255040972;0.826921114138311
654;0.7633654688869412;0.7602090723839557;0.638123762926659;0.6377952755905512;0.6311160255040972;0.8268788570623636
655;0.7642418930762489;0.7609526957549435;0.6377666804537642;0.6377952755905512;0.6311160255040972;0.8267165802730757
656;0.7624890446976337;0.7592442720646918;0.6374731556424063;0.6377952755905512;0.6311160255040972;0.826643193371851
657;0.761612620508326;0.7583855841014417;0.6368633129287469;0.6377952755905512;0.6311160255040972;0.8269496595683341
658;0.7633654688869412;0.7602395952648281;0.6363853724307268;0.6377952755905512;0.6311160255040972;0.8271285139431233
659;0.7642418930762489;0.7611472683568008;0.6360941876554188;0.6377952755905512;0.6311160255040972;0.8271411515036663
660;0.7633654688869412;0.7602395952648281;0.6357446961541848;0.6351706036745407;0.6286367339312091;0.8271625883394683
661;0.7633654688869412;0.760200656268101;0.6354344290560839;0.6351706036745407;0.6286367339312091;0.8272761286181107
662;0.7642418930762489;0.7611472683568008;0.6351615880869477;0.6351706036745407;0.6286367339312091;0.8271546713322508
663;0.7651183172655566;0.7620450285462395;0.634931261967644;0.6351706036745407;0.6286367339312091;0.8272195280343068
664;0.7651183172655566;0.7620450285462395;0.634710492634705;0.6351706036745407;0.6286367339312091;0.8270755363796611
665;0.7642418930762489;0.7611472683568008;0.6344165005653646;0.6351706036745407;0.6286367339312091;0.8270060896669694
666;0.7633654688869412;0.7602395952648281;0.633982815703752;0.6377952755905512;0.6311160255040972;0.8270855623784258
667;0.7624890446976337;0.7593397638311274;0.6338785172442093;0.6377952755905512;0.6311160255040972;0.8269874960384539
668;0.7642418930762489;0.7611472683568008;0.6336481839908077;0.6377952755905512;0.6311160255040972;0.8271605319590076
669;0.7642418930762489;0.7612006962504638;0.6331783632037891;0.6325459317585301;0.6260898550561186;0.827205151004442
670;0.7642418930762489;0.7612006962504638;0.6329435083128374;0.6351706036745407;0.6286074676004808;0.8272009215636836
671;0.7642418930762489;0.761193590638119;0.632732686096399;0.6351706036745407;0.6286074676004808;0.8271721999862254
672;0.7642418930762489;0.7612006962504638;0.6325903022992789;0.6351706036745407;0.6286074676004808;0.827203010041031
673;0.7659947414548641;0.76306883600457;0.6320643939085885;0.6351706036745407;0.6286074676004808;0.8271753174722282
674;0.7651183172655566;0.7621086949604917;0.6319582314859268;0.6351706036745407;0.6286074676004808;0.827176023157929
675;0.7659947414548641;0.7630073191512428;0.6316359720168927;0.6325459317585301;0.6260898550561186;0.8272409899691254
676;0.7659947414548641;0.7630334650386015;0.6313462413709431;0.6325459317585301;0.6260898550561186;0.8271519603771597
677;0.7659947414548641;0.7630334650386015;0.6311755859773467;0.6325459317585301;0.6254307016868157;0.8273517254201549
678;0.7659947414548641;0.7630334650386015;0.6308225208768586;0.6299212598425197;0.622926359557168;0.827446821824679
679;0.7659947414548641;0.762985911836049;0.6305485204656096;0.6325459317585301;0.6260898550561186;0.8275065455593973
680;0.7659947414548641;0.762985911836049;0.6304730116462067;0.6325459317585301;0.6260898550561186;0.827508591790883
681;0.7677475898334793;0.7647123107435441;0.6301105105157596;0.6325459317585301;0.6253888662948973;0.8274897714539503
682;0.7668711656441718;0.7637662109407181;0.6299338184966795;0.6325459317585301;0.6253888662948973;0.8275848545968387
683;0.7668711656441718;0.7637620359878553;0.629604827593879;0.6325459317585301;0.6253888662948973;0.8274167929349765
684;0.7668711656441718;0.7637620359878553;0.6295954847507618;0.6325459317585301;0.6253888662948973;0.8274136502354017
685;0.7695004382120947;0.7665745472694329;0.6291695829974482;0.6351706036745407;0.628560493749375;0.8277224048550901
686;0.7695004382120947;0.7665745472694329;0.6290153868705394;0.6351706036745407;0.628560493749375;0.8277427037388958
687;0.7703768624014022;0.7674057729610144;0.6288404201422483;0.6351706036745407;0.628560493749375;0.8277065197191756
688;0.7703768624014022;0.7674057729610144;0.6285706461587094;0.6351706036745407;0.628560493749375;0.8276205692720765
689;0.768624014022787;0.7654760166238008;0.6282413295228854;0.6351706036745407;0.628560493749375;0.8275058534590753
690;0.768624014022787;0.7654760166238008;0.6281670628395303;0.6351706036745407;0.628560493749375;0.827501308512276
691;0.768624014022787;0.7654760166238008;0.6281016482442336;0.6351706036745407;0.628560493749375;0.8275187603214246
692;0.768624014022787;0.765599589961049;0.6276824193589868;0.6325459317585301;0.6260898550561186;0.8273894221667397
693;0.768624014022787;0.765599589961049;0.6276524073121446;0.6325459317585301;0.6260898550561186;0.8273954725726554
694;0.768624014022787;0.765599589961049;0.6275928472386432;0.6325459317585301;0.6260898550561186;0.8273940754694457
695;0.768624014022787;0.765599589961049;0.6273190528642174;0.6325459317585301;0.6260898550561186;0.8275094121075512
696;0.768624014022787;0.765599589961049;0.6272969120080794;0.6325459317585301;0.6260898550561186;0.8275078041394558
697;0.7677475898334793;0.7646522110457502;0.6270090306822602;0.6325459317585301;0.6260898550561186;0.827447191996458
698;0.768624014022787;0.7655783892123723;0.6266242886147604;0.6325459317585301;0.6260898550561186;0.8272979381238148
699;0.7677475898334793;0.7646304693834426;0.6261938781076528;0.6325459317585301;0.6260898550561186;0.827438761420777
700;0.768624014022787;0.7656162194242409;0.625952381252573;0.6325459317585301;0.6260898550561186;0.8276247555909587
701;0.768624014022787;0.7656162194242409;0.6254153985218808;0.6299212598425197;0.622926359557168;0.8273728144052881
702;0.7703768624014022;0.7674102923007172;0.6251747735454513;0.6299212598425197;0.622926359557168;0.827163231963622
703;0.7721297107800176;0.7691607505802099;0.6248690154821558;0.6299212598425197;0.622926359557168;0.8270128598436114
704;0.7721297107800176;0.7691607505802099;0.6248288855072834;0.6299212598425197;0.622926359557168;0.8270043460512717
705;0.7721297107800176;0.7691607505802099;0.6245988639154538;0.6299212598425197;0.622926359557168;0.8268599760170532
706;0.7712532865907099;0.7682850326086095;0.624273878230372;0.6299212598425197;0.622926359557168;0.8269336117789695
707;0.7712532865907099;0.7682600577341661;0.6241486406737758;0.6299212598425197;0.622926359557168;0.8268948083678976
708;0.7721297107800176;0.7691607505802099;0.623490413638525;0.6299212598425197;0.622926359557168;0.8268596510183858
709;0.7721297107800176;0.7691607505802099;0.6230569495721843;0.6299212598425197;0.622926359557168;0.8268353768149846
710;0.7721297107800176;0.7691607505802099;0.6228289585034584;0.6299212598425197;0.622926359557168;0.826794174495537
711;0.7721297107800176;0.7691607505802099;0.6224002061620525;0.6299212598425197;0.622926359557168;0.8268595979671557
712;0.7730061349693251;0.7699685428072572;0.6221734117126094;0.6325459317585301;0.6250794978513283;0.8268236594702255
713;0.7747589833479404;0.7717001012062715;0.6219115730208608;0.6325459317585301;0.6250794978513283;0.8268901722668532
714;0.7747589833479404;0.7717001012062715;0.6212264808042617;0.6299212598425197;0.622926359557168;0.8268030614203259
715;0.7747589833479404;0.7717001012062715;0.6210537850163578;0.6325459317585301;0.6250794978513283;0.8268788959078932
716;0.7747589833479404;0.7717001012062715;0.6210391015217419;0.6325459317585301;0.6250794978513283;0.8268675771128182
717;0.7721297107800176;0.7690060724248697;0.6206412622272486;0.6351706036745407;0.628252144748727;0.8268238750534793
718;0.7730061349693251;0.7698348083210342;0.6203065324499117;0.6351706036745407;0.628252144748727;0.826915077569055
719;0.7738825591586328;0.7707798901763366;0.6198430258500631;0.6325459317585301;0.6247853026508068;0.8267851019305221
720;0.7747589833479404;0.7716814101913082;0.6195849327980766;0.6325459317585301;0.6247853026508068;0.8265132664764522
721;0.7747589833479404;0.7716814101913082;0.6195771656895409;0.6325459317585301;0.6247853026508068;0.8265148140690612
722;0.775635407537248;0.7725106669304868;0.6190446505346319;0.6351706036745407;0.6272312033280554;0.8265538736248041
723;0.775635407537248;0.7725106669304868;0.6186849741228527;0.6325459317585301;0.6250794978513283;0.8264408528336418
724;0.7765118317265557;0.7734121170850059;0.6186499083820058;0.6325459317585301;0.6250794978513283;0.8264576207829055
725;0.7773882559158632;0.7744298900248189;0.6181080159039919;0.6351706036745407;0.6272312033280554;0.8262532584916753
726;0.775635407537248;0.772625380995048;0.6180113211007126;0.6351706036745407;0.6272312033280554;0.8262110085652306
727;0.775635407537248;0.772625380995048;0.6174183314315368;0.6325459317585301;0.6247853026508068;0.8261864527364242
728;0.7765118317265557;0.7735270441992967;0.6171134487207502;0.6299212598425197;0.6226250179145285;0.8262627983730934
729;0.7773882559158632;0.7743374889281456;0.6168819314788544;0.6299212598425197;0.6226250179145285;0.8263482633392581
730;0.7773882559158632;0.7743374889281456;0.6167890325692752;0.6325459317585301;0.6250794978513283;0.8263741131042124
731;0.7773882559158632;0.7743374889281456;0.6167639441965937;0.6351706036745407;0.628252144748727;0.8263763653349477
732;0.7791411042944786;0.7762583906810342;0.6164117002202818;0.6299212598425197;0.6226250179145285;0.8264778037678904
733;0.7791411042944786;0.776201866300668;0.6159405059561184;0.6325459317585301;0.6257896380109977;0.8265819695512615
734;0.7800175284837861;0.7770320857241851;0.6157293174998225;0.6351706036745407;0.628252144748727;0.8264784467668452
735;0.7808939526730938;0.7781208448923187;0.61537260045305;0.6351706036745407;0.628252144748727;0.8263489029463038
736;0.7817703768624014;0.7789530644755585;0.6151609107841444;0.6351706036745407;0.628252144748727;0.8262252095081178
737;0.782646801051709;0.7798564393209122;0.6147621734559915;0.6351706036745407;0.628252144748727;0.8261769587585152
738;0.7817703768624014;0.7789540076932833;0.614564496274869;0.6351706036745407;0.628252144748727;0.826193309641557
739;0.7808939526730938;0.7780490232586786;0.6143522040409165;0.6325459317585301;0.6250794978513283;0.8262232006282489
740;0.7817703768624014;0.7789530644755585;0.6139978947412916;0.6299212598425197;0.6226250179145285;0.8264191788007819
741;0.7817703768624014;0.7789530644755585;0.6135099130095192;0.6299212598425197;0.6226250179145285;0.826169023500657
742;0.7817703768624014;0.7789530644755585;0.6131565000717611;0.6299212598425197;0.6233265061090573;0.8260030272882551
743;0.7808939526730938;0.7780490232586786;0.6128307064947002;0.6299212598425197;0.6232567488126873;0.8260416949964141
744;0.7817703768624014;0.7789530644755585;0.6125918805966087;0.6299212598425197;0.6232567488126873;0.825954508072993
745;0.7817703768624014;0.7789530644755585;0.6121009841745241;0.6299212598425197;0.6232567488126873;0.8258587133761023
746;0.782646801051709;0.7799116900981792;0.6118649376481435;0.6299212598425197;0.6235410156053175;0.8258259063735852
747;0.7808939526730938;0.7780490232586786;0.6113634907793445;0.6325459317585301;0.6260061097909757;0.8256779716585331
748;0.7817703768624014;0.7789540076932833;0.6109003774269409;0.6325459317585301;0.6260061097909757;0.8254375103439067
749;0.7808939526730938;0.7779946476586471;0.6106663950338806;0.6325459317585301;0.6260061097909757;0.8255629997450145
750;0.782646801051709;0.7799121368461914;0.6103833322478109;0.6325459317585301;0.6260061097909757;0.8257147616725976
751;0.7817703768624014;0.7789540076932833;0.6100078239183331;0.6325459317585301;0.6260061097909757;0.8255400213929004
752;0.7817703768624014;0.7788962765104512;0.6097052540252174;0.6325459317585301;0.6260061097909757;0.8255183129532809
753;0.7817703768624014;0.7788962765104512;0.6096525028105116;0.6325459317585301;0.6260061097909757;0.825506190457377
754;0.782646801051709;0.7798564393209122;0.609298530080636;0.6325459317585301;0.6260061097909757;0.8257235383623421
755;0.782646801051709;0.7798564393209122;0.6091030872033735;0.6325459317585301;0.6260061097909757;0.8257055243015785
756;0.7835232252410167;0.780815364660152;0.6087971044176645;0.6325459317585301;0.6260061097909757;0.8256351023873952
757;0.7835232252410167;0.780815364660152;0.6082009667519261;0.6325459317585301;0.6260061097909757;0.8255054416692548
758;0.7835232252410167;0.780815364660152;0.6081656647381326;0.6325459317585301;0.6260061097909757;0.8255139820109858
759;0.7835232252410167;0.780815364660152;0.6081542825282077;0.6325459317585301;0.6260061097909757;0.8255157052051041
760;0.7835232252410167;0.780815364660152;0.6081283560955751;0.6325459317585301;0.6260061097909757;0.8255109791907798
761;0.7835232252410167;0.780815364660152;0.6079363831804834;0.6325459317585301;0.6260061097909757;0.8255222816825537
762;0.7835232252410167;0.780815364660152;0.607640072494388;0.6325459317585301;0.6260061097909757;0.8255554471473118
763;0.7843996494303243;0.7816491174180001;0.6072069742663103;0.6325459317585301;0.6260061097909757;0.8255182729565383
764;0.7852760736196319;0.7824603449852906;0.6069187861515132;0.6325459317585301;0.6260061097909757;0.8255856269013567
765;0.7843996494303243;0.7816491174180001;0.6065155888640537;0.6325459317585301;0.6260061097909757;0.8256689063951836
766;0.7843996494303243;0.7814999134885913;0.606186487347371;0.6299212598425197;0.6238402945221236;0.8255337815972421
767;0.7843996494303243;0.7814999134885913;0.6061630502258197;0.6299212598425197;0.6238402945221236;0.8255265397520333
768;0.7843996494303243;0.7814999134885913;0.6061392976311535;0.6299212598425197;0.6238402945221236;0.8255181999050583
769;0.7843996494303243;0.7814999134885913;0.6059361114640891;0.6299212598425197;0.6238402945221236;0.8256174113806392
770;0.7843996494303243;0.7814999134885913;0.6057182203348801;0.6299212598425197;0.6238402945221236;0.82561213055145
771;0.7852760736196319;0.7824035356440815;0.6054232911741965;0.6299212598425197;0.6238402945221236;0.8255929501465965
772;0.7852760736196319;0.7824035356440815;0.6052605798878593;0.6299212598425197;0.6238402945221236;0.8254865542713697
773;0.7870289219982471;0.784177581143167;0.6051256925588496;0.6299212598425197;0.6235410156053175;0.8254723893819023
774;0.7870289219982471;0.784177581143167;0.6047839435658546;0.6299212598425197;0.6238402945221236;0.8256210801131074
775;0.7870289219982471;0.784177581143167;0.6046146089525419;0.6325459317585301;0.6260061097909757;0.8256769225277923
776;0.7870289219982471;0.784177581143167;0.6042651501934376;0.6299212598425197;0.6238402945221236;0.825750234569695
777;0.7887817703768624;0.7859291957066823;0.6038617046515129;0.6299212598425197;0.6238402945221236;0.8261231820570518
778;0.7887817703768624;0.7859291957066823;0.6037762033476173;0.6299212598425197;0.6238402945221236;0.8261008702597562
779;0.7887817703768624;0.7859291957066823;0.6032704453181659;0.6299212598425197;0.6238402945221236;0.8261369127148929
780;0.7887817703768624;0.7859291957066823;0.6030802844741859;0.6299212598425197;0.6238402945221236;0.8261696766746858
781;0.7879053461875548;0.7850256483837393;0.6028068386358113;0.6299212598425197;0.6235410156053175;0.8260874998185858
782;0.7870289219982471;0.7842119842078766;0.6026304295525563;0.6299212598425197;0.6235410156053175;0.8260067476234099
783;0.7870289219982471;0.7842119842078766;0.6025987213518798;0.6299212598425197;0.6235410156053175;0.826011766921208
784;0.7879053461875548;0.7849012632174854;0.6021973076057556;0.6299212598425197;0.6235410156053175;0.8260834282366614
785;0.78965819456617;0.7867433532091596;0.6019624267487402;0.6325459317585301;0.6257139195467842;0.8260933796605505
786;0.78965819456617;0.7867433532091596;0.6017622293325318;0.6325459317585301;0.6260061097909757;0.8261125652196685
787;0.78965819456617;0.7867433532091596;0.6012205429501899;0.6325459317585301;0.6247194344950201;0.8262725198462197
788;0.78965819456617;0.7867433532091596;0.6008723155625859;0.6299212598425197;0.6228506410929545;0.8259270483970493
789;0.7905346187554777;0.7876460769832464;0.6005857772198587;0.6351706036745407;0.6281703263404494;0.825738064643588
790;0.7905346187554777;0.7876460769832464;0.6005353865004466;0.6351706036745407;0.6281703263404494;0.8257459720007897
791;0.7905346187554777;0.7876460769832464;0.6003750920393985;0.6351706036745407;0.6281703263404494;0.825658476663575
792;0.7905346187554777;0.7876460769832464;0.6000482341499417;0.6325459317585301;0.6257139195467842;0.8258352401895931
793;0.78965819456617;0.7868317889573037;0.5998005344908003;0.6299212598425197;0.6235410156053175;0.8258066439387278
794;0.7905346187554777;0.7876637513687529;0.5997044666541442;0.6299212598425197;0.6235410156053175;0.8258316362976873
795;0.7905346187554777;0.7876637513687529;0.5993118904148528;0.6299212598425197;0.6235410156053175;0.8262318723859273
796;0.7905346187554777;0.7876637513687529;0.5989201675804001;0.6325459317585301;0.6260061097909757;0.8263709547987272
797;0.7905346187554777;0.7876637513687529;0.5988274371197598;0.6325459317585301;0.6257139195467842;0.8263286526590679
798;0.7905346187554777;0.7876637513687529;0.5985619800609729;0.6325459317585301;0.6257139195467842;0.8262071544840218
799;0.7914110429447853;0.7885695408889293;0.5980089614370934;0.6325459317585301;0.6257139195467842;0.8262522899427953
800;0.7914110429447853;0.7885528563788482;0.5975422934900778;0.6325459317585301;0.6257139195467842;0.8263874783619949
801;0.7914110429447853;0.7885528563788482;0.5972990165648632;0.6325459317585301;0.6257139195467842;0.8262646895529102
802;0.7922874671340929;0.7893841988639007;0.5971860912750421;0.6325459317585301;0.6257139195467842;0.8262429765352971
803;0.7922874671340929;0.7893841988639007;0.5969410487905723;0.6325459317585301;0.6257139195467842;0.8261157058392077
804;0.7931638913234005;0.7901992366074756;0.5964522373684529;0.6325459317585301;0.6257139195467842;0.8259709952365388
805;0.7931638913234005;0.7901992366074756;0.5963773536875657;0.6325459317585301;0.6257139195467842;0.8259633904072907
806;0.7931638913234005;0.7901992366074756;0.5962526248757514;0.6325459317585301;0.6257139195467842;0.8259859127891961
807;0.7931638913234005;0.7901992366074756;0.5958224196524016;0.6325459317585301;0.6257139195467842;0.8257210927116252
808;0.7931638913234005;0.7901992366074756;0.5954489388130105;0.6299212598425197;0.6235410156053175;0.8257198070007986
809;0.7931638913234005;0.7901992366074756;0.5954404314728025;0.6299212598425197;0.6235410156053175;0.8257082056647235
810;0.7931638913234005;0.7901992366074756;0.5953227461055907;0.6299212598425197;0.6238402945221236;0.825658572117578
811;0.7931638913234005;0.7901992366074756;0.5951202092954071;0.6325459317585301;0.6260061097909757;0.8255379006232646
812;0.7931638913234005;0.7901992366074756;0.595106894930118;0.6299212598425197;0.6238402945221236;0.8255302142638921
813;0.7931638913234005;0.7901992366074756;0.5949903555008329;0.6299212598425197;0.6228506410929545;0.8255803728619684
814;0.7931638913234005;0.7901992366074756;0.5946800696791332;0.6325459317585301;0.6260061097909757;0.825723275204992
815;0.7922874671340929;0.7892362215745523;0.594453150421537;0.6299212598425197;0.6238402945221236;0.8258193040341869
816;0.7914110429447853;0.7884067982713456;0.5943146499930319;0.6299212598425197;0.6238402945221236;0.8255720345174433
817;0.7922874671340929;0.7892362215745523;0.5942845089426179;0.6299212598425197;0.6238402945221236;0.8255679593165055
818;0.7922874671340929;0.7892362215745523;0.5939525053781941;0.6299212598425197;0.6238402945221236;0.8256328748292157
819;0.7914110429447853;0.7884067982713456;0.593473525095783;0.6325459317585301;0.6260061097909757;0.8256553433597803
820;0.7914110429447853;0.7884067982713456;0.5931514405178385;0.6325459317585301;0.6260061097909757;0.8257934549746923
821;0.7922874671340929;0.7893137959252422;0.5930297055163234;0.6325459317585301;0.6260061097909757;0.8257171946325278
822;0.7922874671340929;0.7893137959252422;0.5928410437741929;0.6325459317585301;0.6260061097909757;0.8257158791705583
823;0.7922874671340929;0.7893137959252422;0.5926344005440933;0.6325459317585301;0.6260061097909757;0.8257740556569914
824;0.7931638913234005;0.7901366678142282;0.5923573196492434;0.6325459317585301;0.6260061097909757;0.8255829389755718
825;0.7922874671340929;0.7893219889213308;0.5921831118461386;0.6325459317585301;0.6260061097909757;0.8254164595972793
826;0.7922874671340929;0.7893219889213308;0.5921448155360313;0.6325459317585301;0.6260061097909757;0.8254165842183898
827;0.7931638913234005;0.7901366678142282;0.5919969908673276;0.6325459317585301;0.6260061097909757;0.8254942578226991
828;0.7922874671340929;0.7892306775290292;0.5919026955598461;0.6325459317585301;0.6260061097909757;0.8254945688640578
829;0.7931638913234005;0.7901366678142282;0.5917646588790346;0.6325459317585301;0.6260061097909757;0.8255191592963432
830;0.7931638913234005;0.7901932058078769;0.5916215196315978;0.6325459317585301;0.6260061097909757;0.8254549551176422
831;0.7931638913234005;0.7901932058078769;0.5913678631323473;0.6325459317585301;0.6260061097909757;0.8251462867612067
832;0.7931638913234005;0.7901932058078769;0.5912213266178744;0.6325459317585301;0.6260061097909757;0.8250460083827325
833;0.7940403155127082;0.7910999690275865;0.59102141086881;0.6325459317585301;0.6260061097909757;0.8248519183276587
834;0.7940403155127082;0.7910999690275865;0.5905067585541486;0.6325459317585301;0.6260061097909757;0.8250184454841941
835;0.7940403155127082;0.7910999690275865;0.590281411337837;0.6325459317585301;0.6260061097909757;0.8249421663867816
836;0.7940403155127082;0.7910999690275865;0.5899726578402704;0.6325459317585301;0.6260061097909757;0.8250728698831569
837;0.7940403155127082;0.7910999690275865;0.5898985895057761;0.6325459317585301;0.6260061097909757;0.8250886816729985
838;0.7940403155127082;0.7910999690275865;0.5895635092503543;0.6299212598425197;0.6238402945221236;0.8249450171221255
839;0.7940403155127082;0.7910999690275865;0.5894496293825804;0.6299212598425197;0.6238402945221236;0.8249317941561254
840;0.7931638913234005;0.7901932058078769;0.5893342922366132;0.6325459317585301;0.6260061097909757;0.8249006036002706
841;0.7940403155127082;0.7910999690275865;0.5892790835309495;0.6325459317585301;0.6260061097909757;0.8249102545544962
842;0.7949167397020158;0.7920064408135878;0.5890567835264305;0.6325459317585301;0.6260061097909757;0.8249885478066962
843;0.7949167397020158;0.7920064408135878;0.5887481172553745;0.6351706036745407;0.6281703263404494;0.8249656346639527
844;0.7949167397020158;0.7920064408135878;0.5885088807127857;0.6351706036745407;0.6281703263404494;0.8247422874809688
845;0.7949167397020158;0.7920064408135878;0.5882108792482234;0.6351706036745407;0.6281703263404494;0.8245620925712446
846;0.7949167397020158;0.7920064408135878;0.5881493410362342;0.6325459317585301;0.6260061097909757;0.8245606423576161
847;0.7940403155127082;0.7910999690275865;0.5879241449606996;0.6325459317585301;0.6260061097909757;0.8245925598167956
848;0.7940403155127082;0.7910999690275865;0.5877359524913265;0.6325459317585301;0.6260061097909757;0.8244767003887024
849;0.7957931638913234;0.7929225686383942;0.5872688246107164;0.6325459317585301;0.6260061097909757;0.8243335169610229
850;0.7957931638913234;0.7929225686383942;0.5871888333442834;0.6325459317585301;0.6260061097909757;0.8243745612317039
851;0.7957931638913234;0.7929225686383942;0.5869967118272883;0.6325459317585301;0.6260061097909757;0.8242959719319498
852;0.796669588080631;0.7938185660862157;0.5867195914799422;0.6325459317585301;0.6260061097909757;0.8242262616225634
853;0.7957931638913234;0.7929225686383942;0.5865538026784316;0.6325459317585301;0.6260061097909757;0.8243300143807384
854;0.7957931638913234;0.7929225686383942;0.5863983002220158;0.6325459317585301;0.6260061097909757;0.824413197762998
855;0.7957931638913234;0.7929225686383942;0.5863936646342307;0.6325459317585301;0.6260061097909757;0.8244116127560718
856;0.7957931638913234;0.7929225686383942;0.5862925020923756;0.6325459317585301;0.6260061097909757;0.8244294390818891
857;0.7957931638913234;0.7929225686383942;0.5861140829539767;0.6325459317585301;0.6260061097909757;0.8244241844529075
858;0.7957931638913234;0.7929225686383942;0.5858670960146193;0.6325459317585301;0.6260061097909757;0.8246014121745133
859;0.7957931638913234;0.7929225686383942;0.5858566994534694;0.6325459317585301;0.6260061097909757;0.8246013887202481
860;0.7957931638913234;0.7929225686383942;0.5854334694910629;0.6325459317585301;0.6260061097909757;0.8246591597771845
861;0.7957931638913234;0.7929225686383942;0.5852795891558906;0.6325459317585301;0.6260061097909757;0.8246572739840684
862;0.7957931638913234;0.7929225686383942;0.585194980118505;0.6325459317585301;0.6260061097909757;0.8246515557962198
863;0.7957931638913234;0.7929225686383942;0.5850994513767431;0.6325459317585301;0.6260061097909757;0.8246277070565533
864;0.796669588080631;0.7938185660862157;0.5848813144979447;0.6325459317585301;0.6260061097909757;0.824425076141525
865;0.796669588080631;0.7938185660862157;0.5845409411027063;0.6351706036745407;0.6285196033190713;0.824473109945923
866;0.7957931638913234;0.7929225686383942;0.5843574045869059;0.6325459317585301;0.6260061097909757;0.8243729198390027
867;0.7957931638913234;0.7929225686383942;0.5842281918779781;0.6325459317585301;0.6260061097909757;0.8243102669785954
868;0.796669588080631;0.7938866260773132;0.5840670127060914;0.6351706036745407;0.6285196033190713;0.8243305564706923
869;0.796669588080631;0.7938866260773132;0.5838549546271943;0.6325459317585301;0.6260061097909757;0.8242381186223126
870;0.796669588080631;0.7938866260773132;0.5837044981888028;0.6325459317585301;0.6260061097909757;0.8243160980634396
871;0.796669588080631;0.7938866260773132;0.5835098254331993;0.6325459317585301;0.6260061097909757;0.8241764643534754
872;0.796669588080631;0.7938866260773132;0.5833356429847214;0.6325459317585301;0.6260061097909757;0.8242280333576538
873;0.7984224364592463;0.7956697393295317;0.5829355612632982;0.6325459317585301;0.6260061097909757;0.8241669828378938
874;0.7984224364592463;0.7956697393295317;0.5824835227950117;0.6325459317585301;0.6260061097909757;0.8242635393939144
875;0.7984224364592463;0.7956697393295317;0.5823478576652161;0.6325459317585301;0.6260061097909757;0.8242903484902537
876;0.7992988606485539;0.7965664159018471;0.5821665064550444;0.6325459317585301;0.6260061097909757;0.8243995109575449
877;0.7992988606485539;0.7965664159018471;0.5818751644511647;0.6325459317585301;0.6260061097909757;0.8242601769776134
878;0.8001752848378615;0.7975039041567369;0.5816186379004016;0.6325459317585301;0.6260061097909757;0.8242062717277753
879;0.8001752848378615;0.7975039041567369;0.5813861870643657;0.6325459317585301;0.6260061097909757;0.8242083601780026
880;0.8001752848378615;0.7974621718242917;0.5810798039404323;0.6325459317585301;0.6260061097909757;0.8242455271425093
881;0.8010517090271692;0.7984003123117142;0.5810204691017014;0.6325459317585301;0.6260061097909757;0.8242384514366302
882;0.8010517090271692;0.7984003123117142;0.5807000317417399;0.6325459317585301;0.6260061097909757;0.8241841019084876
883;0.8019281332164768;0.7993077130197853;0.5805207251070651;0.6325459317585301;0.6260061097909757;0.8242605335620465
884;0.8010517090271692;0.7984003123117142;0.5803227957284184;0.6325459317585301;0.6260061097909757;0.824328707562971
885;0.8019281332164768;0.7993077130197853;0.5802797862401342;0.6325459317585301;0.6260061097909757;0.8243594828429524
886;0.8019281332164768;0.7993492227121676;0.5801525286379532;0.6325459317585301;0.6260061097909757;0.8244776288957658
887;0.8019281332164768;0.7993492227121676;0.5801056155964811;0.6325459317585301;0.6260061097909757;0.8244731202516556
888;0.8010517090271692;0.7984776490479757;0.5797407390959224;0.6325459317585301;0.6260061097909757;0.8244591630280164
889;0.803680981595092;0.8012035580765697;0.5791749966299953;0.6325459317585301;0.6260061097909757;0.8249623123330941
890;0.803680981595092;0.8012035580765697;0.5789956920578184;0.6325459317585301;0.6260061097909757;0.8249808372575671
891;0.803680981595092;0.8012035580765697;0.5787568563269396;0.6325459317585301;0.6260061097909757;0.8250262638051282
892;0.803680981595092;0.8012035580765697;0.5784374393447477;0.6325459317585301;0.6260061097909757;0.8250410360992325
893;0.8028045574057844;0.800307790969394;0.578000174278488;0.6325459317585301;0.6260061097909757;0.8251310048616113
894;0.8028045574057844;0.800307790969394;0.5777408914506216;0.6325459317585301;0.6260061097909757;0.825198448658906
895;0.8028045574057844;0.800307790969394;0.5776822931712574;0.6325459317585301;0.6260061097909757;0.8252625907854073
896;0.8045574057843996;0.8021119069062356;0.5771035768391133;0.6325459317585301;0.6260061097909757;0.8253724662741653
897;0.8045574057843996;0.8021119069062356;0.5768851057645907;0.6325459317585301;0.6260061097909757;0.8251936059109977
898;0.8045574057843996;0.8021119069062356;0.5768717491588743;0.6325459317585301;0.6260061097909757;0.8251604744501727
899;0.8045574057843996;0.8021119069062356;0.5767256776082877;0.6325459317585301;0.6260061097909757;0.8252279308630746
900;0.8045574057843996;0.8021119069062356;0.576471536295815;0.6299212598425197;0.6228506410929545;0.8251665243236754
901;0.8045574057843996;0.8021119069062356;0.5761923892279743;0.6325459317585301;0.6260061097909757;0.8253034159232874
902;0.8054338299737073;0.8029470535635957;0.5757643925333495;0.6325459317585301;0.6260061097909757;0.8249562195271999
903;0.8054338299737073;0.8029470535635957;0.5755799941687347;0.6325459317585301;0.6260061097909757;0.8249403017642762
904;0.8054338299737073;0.8029470535635957;0.5754316837713449;0.6325459317585301;0.6260061097909757;0.824929633881614
905;0.8054338299737073;0.8029470535635957;0.5753920409119788;0.6325459317585301;0.6260061097909757;0.8249702485898796
906;0.8045574057843996;0.8019864719356485;0.57510678563993;0.6325459317585301;0.6260061097909757;0.8251383590830345
907;0.803680981595092;0.8011523505299692;0.5746982967388824;0.6325459317585301;0.6260061097909757;0.8252071412452643
908;0.8045574057843996;0.8021119069062356;0.5744530319459551;0.6325459317585301;0.6260061097909757;0.8252034960226007
909;0.8045574057843996;0.8021119069062356;0.574436318377634;0.6325459317585301;0.6260061097909757;0.8252039320028226
910;0.8045574057843996;0.8021119069062356;0.5742448716796262;0.6325459317585301;0.6260061097909757;0.8251433639112872
911;0.8045574057843996;0.8021119069062356;0.5738747193661179;0.6325459317585301;0.6260061097909757;0.8250613583455298
912;0.8045574057843996;0.8021119069062356;0.5737323340030172;0.6325459317585301;0.6260061097909757;0.8249788926710006
913;0.8045574057843996;0.8021119069062356;0.57361243419414;0.6325459317585301;0.6260061097909757;0.8249306335905762
914;0.8045574057843996;0.8021119069062356;0.5735957503436299;0.6325459317585301;0.6260061097909757;0.8249344486084227
915;0.8045574057843996;0.8021119069062356;0.5734939840614808;0.6325459317585301;0.6260061097909757;0.824978791577673
916;0.8054338299737073;0.8029470535635957;0.573210263048952;0.6351706036745407;0.6285196033190713;0.824898627234311
917;0.8054338299737073;0.8029470535635957;0.5728849272655961;0.6351706036745407;0.6285196033190713;0.8246897446820407
918;0.8054338299737073;0.8029470535635957;0.5724178589667894;0.6351706036745407;0.6285196033190713;0.824985736947551
919;0.8054338299737073;0.8029336912342919;0.5719102503147372;0.6325459317585301;0.6260061097909757;0.8251945370415628
920;0.8054338299737073;0.8029336912342919;0.5716742584797683;0.6351706036745407;0.6285196033190713;0.8253627566376084
921;0.8054338299737073;0.8029336912342919;0.5715159746819584;0.6351706036745407;0.6285196033190713;0.825303727183065
922;0.8045574057843996;0.8020984204466116;0.5713444551495368;0.6351706036745407;0.6285196033190713;0.8253603246129838
923;0.8045574057843996;0.8020984204466116;0.5711881432571616;0.6351706036745407;0.6285196033190713;0.8253458368292871
924;0.8045574057843996;0.8020984204466116;0.570866274350348;0.6351706036745407;0.6285196033190713;0.8254402113009249
925;0.8045574057843996;0.8020984204466116;0.5707234172107045;0.6351706036745407;0.6285196033190713;0.8254446300241681
926;0.8054338299737073;0.8029336912342919;0.5706180809657685;0.6351706036745407;0.6285196033190713;0.8253654527907519
927;0.8045574057843996;0.8020984204466116;0.570068492736263;0.6351706036745407;0.6285196033190713;0.8253017461205459
928;0.803680981595092;0.8011629965057823;0.5698931488793918;0.6351706036745407;0.6285196033190713;0.8254150450861283
929;0.8028045574057844;0.800256427995817;0.5697344188349953;0.6351706036745407;0.6285196033190713;0.8255026907386972
930;0.8028045574057844;0.800256427995817;0.5696681143050712;0.6351706036745407;0.6285196033190713;0.8254914100488062
931;0.8045574057843996;0.8021485873209194;0.5694400982592203;0.6351706036745407;0.6285196033190713;0.8254799329657423
932;0.8045574057843996;0.8020264037279027;0.5692596191839266;0.6351706036745407;0.6285196033190713;0.825518810079121
933;0.8045574057843996;0.8021485873209194;0.5688208258278288;0.6351706036745407;0.6285196033190713;0.8257645258079069
934;0.8045574057843996;0.8021485873209194;0.5687453096127826;0.6351706036745407;0.6285196033190713;0.8257363252458444
935;0.8045574057843996;0.8021485873209194;0.5687070341310089;0.6351706036745407;0.6285196033190713;0.825737744074603
936;0.8045574057843996;0.8021485873209194;0.5685093431333739;0.6325459317585301;0.6253508651129092;0.8257608285278939
937;0.8045574057843996;0.8021485873209194;0.5684189407312208;0.6325459317585301;0.6253508651129092;0.8257678980430349
938;0.8045574057843996;0.8021485873209194;0.5684088899872728;0.6325459317585301;0.6253508651129092;0.8257658144167559
939;0.8045574057843996;0.8021485873209194;0.5681803984604727;0.6351706036745407;0.6285196033190713;0.8256663501395631
940;0.8045574057843996;0.8021485873209194;0.5681662543243989;0.6351706036745407;0.6285196033190713;0.8256656782870165
941;0.8045574057843996;0.8021485873209194;0.5679179143912534;0.6351706036745407;0.6285196033190713;0.825650372490241
942;0.8045574057843996;0.8021485873209194;0.5677949078269887;0.6351706036745407;0.6285196033190713;0.8257628395686291
943;0.8045574057843996;0.8021485873209194;0.5677349471973602;0.6351706036745407;0.6285196033190713;0.8257185874891502
944;0.8045574057843996;0.8021485873209194;0.5675820237274679;0.6351706036745407;0.6285196033190713;0.8255620863376868
945;0.8054338299737073;0.8029846228136519;0.5674068824719313;0.6351706036745407;0.6285196033190713;0.8254885422982816
946;0.8045574057843996;0.8021485873209194;0.5672369125090566;0.6351706036745407;0.6285196033190713;0.8253498232460028
947;0.8045574057843996;0.8021485873209194;0.5671608316447375;0.6351706036745407;0.6285196033190713;0.8253174453583264
948;0.8054338299737073;0.8031045976299658;0.5670917030391892;0.6325459317585301;0.6253508651129092;0.825353918938125
949;0.8045574057843996;0.8021740570894368;0.5666927293992142;0.6351706036745407;0.6285196033190713;0.8253051294392479
950;0.8054338299737073;0.8029971057950159;0.5665568321708602;0.6351706036745407;0.6285196033190713;0.8253084191030241
951;0.8054338299737073;0.8029971057950159;0.5664842173862719;0.6325459317585301;0.6253508651129092;0.8253113403320804
952;0.8063102541630149;0.8039282122212056;0.5662453251083606;0.6325459317585301;0.6253508651129092;0.8253568895019476
953;0.8063102541630149;0.8039282122212056;0.5659389855276697;0.6351706036745407;0.6285196033190713;0.8254092120566983
954;0.8063102541630149;0.8038808213150446;0.5655814651591251;0.6325459317585301;0.6253508651129092;0.8254324120342986
955;0.8063102541630149;0.8039064318319201;0.5654114322740886;0.6351706036745407;0.6285196033190713;0.8253560956377064
956;0.8054338299737073;0.8029971057950159;0.5651032322668399;0.6351706036745407;0.6285196033190713;0.8251317145459451
957;0.8054338299737073;0.8029971057950159;0.5650503075139742;0.6351706036745407;0.6285196033190713;0.8250755043023771
958;0.8054338299737073;0.8029971057950159;0.5650275092892524;0.6351706036745407;0.6285196033190713;0.8250299753303468
959;0.8063102541630149;0.8039064318319201;0.5647964993855693;0.6351706036745407;0.6285196033190713;0.8251283184739361
960;0.8063102541630149;0.8039064318319201;0.564548349558051;0.6351706036745407;0.6285196033190713;0.8252730597733218
961;0.8071866783523225;0.8048003887485516;0.5642997937416874;0.6351706036745407;0.6278421801599756;0.8253133316679192
962;0.8071866783523225;0.8048379791846411;0.5637979744851734;0.6377952755905512;0.6310241473689362;0.8251819257223825
963;0.8071866783523225;0.8048379791846411;0.5637042072836848;0.6377952755905512;0.6310241473689362;0.8251730766836177
964;0.8071866783523225;0.8048379791846411;0.563513910543926;0.6377952755905512;0.6310241473689362;0.8250326328600684
965;0.8071866783523225;0.8048379791846411;0.5634420053404647;0.6377952755905512;0.6310241473689362;0.8250122289565341
966;0.8071866783523225;0.8048379791846411;0.5632492999342287;0.6377952755905512;0.6310241473689362;0.8250118981335083
967;0.8089395267309377;0.8065580845535194;0.5630544095091787;0.6377952755905512;0.6310241473689362;0.8249549707047347
968;0.8089395267309377;0.8065580845535194;0.5628436283741403;0.6377952755905512;0.6310241473689362;0.8248781749333564
969;0.810692375109553;0.808351712656379;0.5625064756378436;0.6377952755905512;0.6310241473689362;0.8248760745757456
970;0.8089395267309377;0.8065580845535194;0.5618163742534711;0.6377952755905512;0.6310241473689362;0.8250717822826119
971;0.8089395267309377;0.8065580845535194;0.5617996693813562;0.6377952755905512;0.6310241473689362;0.8250544126282557
972;0.8089395267309377;0.8065580845535194;0.5617892732566161;0.6377952755905512;0.6310241473689362;0.825052543819591
973;0.8089395267309377;0.8065580845535194;0.5615572990676915;0.6377952755905512;0.6310241473689362;0.8250163766012609
974;0.8089395267309377;0.8065580845535194;0.561461186684348;0.6377952755905512;0.6310241473689362;0.8249880495489136
975;0.810692375109553;0.8083411257602535;0.5610579986595688;0.6351706036745407;0.6285196033190713;0.8250285926579073
976;0.810692375109553;0.8084088648473191;0.5605860973282856;0.6351706036745407;0.6285196033190713;0.8253306657218621
977;0.8098159509202454;0.8075147639366786;0.5605044953774874;0.6351706036745407;0.6285196033190713;0.8254381196628141
978;0.8098159509202454;0.8075147639366786;0.5603874866831241;0.6351706036745407;0.6285196033190713;0.825553596803078
979;0.8115687992988606;0.8092706860898099;0.5600776409150214;0.6351706036745407;0.6285196033190713;0.8256881483384456
980;0.8115687992988606;0.8092706860898099;0.5600246482653984;0.6351706036745407;0.6285196033190713;0.8256750291342136
981;0.8098159509202454;0.8074892974138121;0.5598151975384138;0.6351706036745407;0.6285196033190713;0.8255972955563171
982;0.810692375109553;0.8084437754795517;0.5597056795197204;0.6351706036745407;0.6285196033190713;0.8255447037638145
983;0.8115687992988606;0.8092706860898099;0.5593825668721801;0.6351706036745407;0.6285196033190713;0.8255363978245751
984;0.8124452234881683;0.810106854669256;0.5591206288503275;0.6351706036745407;0.6285196033190713;0.8254701085102608
985;0.8124452234881683;0.810106854669256;0.5590387774304286;0.6351706036745407;0.6285196033190713;0.8254772059756965
986;0.8124452234881683;0.810106854669256;0.5587553151132657;0.6351706036745407;0.6285196033190713;0.8254723688525065
987;0.8124452234881683;0.810106854669256;0.5584298369799283;0.6351706036745407;0.6285196033190713;0.8253500716723783
988;0.8124452234881683;0.810106854669256;0.5581717492035547;0.6351706036745407;0.6285196033190713;0.8251703327422409
989;0.8141980718667835;0.8119876086772698;0.5580073502304902;0.6351706036745407;0.6285196033190713;0.8252232019129164
990;0.8150744960560912;0.8128837872779149;0.5577529961852117;0.6351706036745407;0.6285196033190713;0.8251904998555705
991;0.8141980718667835;0.8119571618699257;0.5575373065447382;0.6351706036745407;0.6285196033190713;0.8251955851085939
992;0.8141980718667835;0.8119571618699257;0.5571950596718093;0.6377952755905512;0.6309881559299325;0.8250613387748792
993;0.8150744960560912;0.8128837872779149;0.5571800693753587;0.6377952755905512;0.6309881559299325;0.8250486346031208
994;0.8150744960560912;0.8128954526718049;0.5568436583965557;0.6351706036745407;0.6285196033190713;0.8249854007242043
995;0.8159509202453987;0.8138478325120859;0.5567811845757425;0.6351706036745407;0.6285196033190713;0.8249676548644621
996;0.8159509202453987;0.8138355277798891;0.5565576428032093;0.6377952755905512;0.6309881559299325;0.8250583908111131
997;0.8159509202453987;0.8138355277798891;0.5564135906794659;0.6377952755905512;0.6309881559299325;0.825027281207777
998;0.8159509202453987;0.8138772224719077;0.5560999327720638;0.6377952755905512;0.6309881559299325;0.8248392491237021
999;0.8168273444347064;0.8148155502284898;0.556006950153127;0.6351706036745407;0.6285196033190713;0.8248719717331948
