;missing in:;chi2:;p_value;category
6;tumor_stage;1232.5919224209554;1.369488099004946e-265;cohort
3437;tumor_size;1904.0;2.837065583989557e-227;nottingham_prognostic_index
3751;taf4b_mut;894.5260987392483;1.7108822427622964e-105;ahnak_mut
5542;dtwd2_mut;775.859067486455;1.2422355888787085e-104;birc6_mut
6002;magea8_mut;689.9922208771874;1.0608602981944495e-101;atr_mut
6870;tbl1xr1_mut;950.224662521456;2.442776498806046e-100;map3k1_mut
302;primary_tumor_laterality;432.62833911987127;2.4719395564342236e-92;cohort
6879;tbl1xr1_mut;712.3432641502263;9.848451215213024e-90;herc2_mut
5541;dtwd2_mut;690.0887363215955;1.10789212907948e-87;tg_mut
460;neoplasm_histologic_grade;1087.4434212154224;3.1102727022457104e-87;nottingham_prognostic_index
5689;ctnna1_mut;690.0967370649643;1.2481584133483146e-85;akap9_mut
3786;taf4b_mut;525.5464196956096;1.5765209080043277e-80;arid1b_mut
6148;foxo1_mut;569.304959336038;8.868921122552565e-80;col22a1_mut
5719;ctnna1_mut;517.2490456628651;2.0863419885833786e-79;usp9x_mut
5562;dtwd2_mut;517.2817783011678;2.179181509075919e-78;map2k4_mut
6647;ccnd3_mut;421.6298139907324;1.9332645805313089e-72;arid5b_mut
5266;clrn2_mut;473.9529520961172;2.1320155149336098e-70;lamb3_mut
5674;ctnna1_mut;863.3540693132949;2.737580009257308e-69;ahnak2_mut
6726;nr3c1_mut;632.9761360304897;7.451305906269016e-68;kmt2d_mut
4778;ppp2r2a_mut;1003.8800494088791;2.748997835795074e-66;tp53_mut
6286;nt5e_mut;569.4026270551519;1.124780678197717e-65;tg_mut
6187;foxo1_mut;379.3155439582678;1.303161923610776e-65;usp28_mut
6775;nr3c1_mut;421.67456370805274;3.509383346909255e-65;ctcf_mut
5699;ctnna1_mut;517.3651879166778;2.1242901814309346e-64;ncor2_mut
6575;ccnd3_mut;633.0562831973449;4.019355740368322e-64;cdh1_mut
4965;nf2_mut;473.9873150105708;6.876194454547143e-64;nf1_mut
6134;foxo1_mut;569.4439300969395;7.748876627198786e-64;herc2_mut
6136;foxo1_mut;569.4114232261745;7.852159831598922e-64;akap9_mut
6617;ccnd3_mut;421.6987264624166;3.71255061463293e-63;afdn_mut
5696;ctnna1_mut;517.3855492689217;8.259877197729453e-63;lama2_mut
6337;nt5e_mut;379.3085302870307;5.280940731989127e-61;brca2_mut
6765;nr3c1_mut;421.7017614844112;9.834278938090078e-61;thsd7a_mut
3652;flt3_mut;397.94192632827077;1.6720682634003114e-60;pik3r1_mut
3654;flt3_mut;397.9287602727102;5.22468706838997e-59;apc_mut
3762;taf4b_mut;525.8469717405458;5.9090245679011365e-58;tg_mut
5755;ctnna1_mut;344.642484716106;5.933525864495028e-58;map3k10_mut
5691;ctnna1_mut;517.4266798802992;3.435547098134323e-57;birc6_mut
5678;ctnna1_mut;690.3233935286299;4.117949640150685e-57;map3k1_mut
6180;foxo1_mut;379.33667537375635;7.420909644496433e-57;asxl1_mut
6173;foxo1_mut;379.3508388054509;2.1328289610374965e-55;alk_mut
6178;foxo1_mut;379.34021052368746;2.142969285875338e-55;apc_mut
6046;magea8_mut;344.65451187374856;3.6671611664311236e-55;l1cam_mut
6319;nt5e_mut;379.3686290846032;6.34023401113655e-55;afdn_mut
6603;ccnd3_mut;421.7538629709779;1.585095883827013e-54;runx1_mut
5248;clrn2_mut;474.09640966154655;6.959505487312668e-54;arid1a_mut
6419;braf_mut;759.8938640607564;1.3689778845528007e-53;ahnak2_mut
6160;foxo1_mut;379.3972940937434;3.5820466079426544e-52;lamb3_mut
5411;prr16_mut;401.2337984228734;9.976445521304344e-51;runx1_mut
5735;ctnna1_mut;344.69488200052814;1.3491680751442715e-50;taf1_mut
4242;large1_mut;354.83501788213346;3.3379572512281923e-50;afdn_mut
6883;tbl1xr1_mut;474.7627480399824;9.112677050208214e-50;birc6_mut
4946;nf2_mut;474.14019842796483;1.1661951466939555e-49;birc6_mut
5677;ctnna1_mut;519.2730531535794;7.267015193491696e-49;gata3_mut
5726;ctnna1_mut;344.7193126628268;1.0047223885003254e-48;alk_mut
5683;ctnna1_mut;517.5426744998853;2.844337478318034e-48;kmt2d_mut
5231;clrn2_mut;632.6060044266102;3.4818311938476484e-48;map3k1_mut
5093;ldlrap1_mut;474.1804742023375;2.408419439336295e-47;akap9_mut
6434;braf_mut;473.7087833106518;2.893164728966636e-47;akap9_mut
6591;ccnd3_mut;421.83544170414746;3.4931361652880204e-47;notch1_mut
3463;tumor_size;472.9545799635728;3.878530315371405e-47;akap9_mut
4742;cancer_type_detailed;252.19159564423092;4.775717234839357e-47;chek2_mut
4596;oncotree_code;252.19159564423092;4.775717234839357e-47;chek2_mut
4450;tumor_other_histologic_subtype;252.19159564423092;4.775717234839357e-47;chek2_mut
6023;magea8_mut;344.7315872597337;6.21850736808516e-47;rb1_mut
5725;ctnna1_mut;344.7315872597337;6.21850736808516e-47;rb1_mut
4218;large1_mut;413.41540131671115;1.0553410681214625e-45;ncor2_mut
5713;ctnna1_mut;344.77279087500574;1.2065595766801771e-45;lamb3_mut
5681;ctnna1_mut;517.6593753642685;5.043857120231288e-45;cdh1_mut
3805;taf4b_mut;315.0941191791781;1.991923668070168e-44;asxl1_mut
6620;ccnd3_mut;315.4034479091422;3.819627404080785e-43;alk_mut
6445;braf_mut;379.4811081733639;3.079810998057431e-42;col12a1_mut
3647;flt3_mut;298.4468295286473;3.7256191281454907e-42;erbb3_mut
3342;ptpn22_mut;329.85993422512206;1.2282973317568767e-41;shank2_mut
4980;nf2_mut;315.8776177749411;1.625541307729832e-41;rb1_mut
6124;foxo1_mut;474.0630647747587;1.656711080113754e-41;gata3_mut
6683;ccnd3_mut;210.69637851773984;3.5482783395309436e-41;prkg1_mut
5123;ldlrap1_mut;315.9008818543702;1.0896840797711092e-40;usp9x_mut
5271;clrn2_mut;315.90088185437014;7.077264892805068e-40;ptprd_mut
6144;foxo1_mut;379.5294240985614;8.039901380466824e-40;notch1_mut
6146;foxo1_mut;379.5070384365881;8.111361770714404e-40;ncor2_mut
6006;magea8_mut;344.82282865329034;9.897972805423302e-40;myh9_mut
6957;tbl1xr1_mut;237.19651769751704;1.1980708137409821e-39;dcaf4l2_mut
5265;clrn2_mut;315.9289652821408;1.7557317863732246e-39;ros1_mut
5020;nf2_mut;235.92213369180098;2.1652217390876646e-39;dcaf4l2_mut
2567;nek1_mut;453.42930702537365;4.497776730573766e-39;dnah5_mut
2481;npnt_mut;252.67142713136153;5.1763858872769e-39;pbrm1_mut
4837;ppp2r2a_mut;291.4356758643907;1.2251737757690352e-38;apc_mut
6441;braf_mut;379.5294240985614;1.7038361680797156e-38;lama2_mut
3602;flt3_mut;498.3925584666057;1.8874849039493016e-38;ahnak_mut
6828;nr3c1_mut;210.7077614210461;1.9969517510982016e-38;chek2_mut
5701;ctnna1_mut;344.8607890566353;2.6992439862035516e-38;col22a1_mut
3603;flt3_mut;498.38591818844156;3.4411579213645417e-38;dnah11_mut
3066;stk11_mut;269.7005484664433;5.027532855653792e-38;foxo3_mut
4219;large1_mut;355.02124225566985;5.63412260634218e-38;col12a1_mut
6123;foxo1_mut;568.2842074948337;3.047261688081497e-37;syne1_mut
6139;foxo1_mut;379.55572911478146;3.2538459533578775e-37;utrn_mut
4077;prkacg_mut;333.98418867199626;9.580052538148817e-37;stab2_mut
6385;nt5e_mut;189.53392092234049;1.0206360206722968e-36;prkg1_mut
2565;nek1_mut;453.49166096727356;1.364767571497548e-36;ush2a_mut
5706;ctnna1_mut;344.84387161940424;1.4648200635958577e-36;ncor1_mut
4825;ppp2r2a_mut;291.49268690404585;3.3347746368650955e-36;usp9x_mut
6234;foxo1_mut;189.54256480971685;5.131491266882539e-36;cdkn2a_mut
6949;tbl1xr1_mut;237.2064634699812;5.5714635502757815e-36;erbb4_mut
3412;ptpn22_mut;188.67602733503588;7.789678253402933e-36;cdkn2a_mut
6717;nr3c1_mut;633.4417933339628;9.009601848510998e-36;ahnak2_mut
4824;ppp2r2a_mut;291.492686904046;1.9999792958926418e-35;ptprd_mut
5299;clrn2_mut;235.95839094705482;2.984568203444412e-35;ncoa3_mut
6140;foxo1_mut;379.5519587499655;4.674674024497602e-35;tbx3_mut
5263;clrn2_mut;315.96669537754804;5.304921942771935e-35;nf1_mut
6230;foxo1_mut;187.82707872417853;5.536850261012549e-35;gpr32_mut
2220;er_status_measured_by_ihc;187.80024186169237;5.608475167354487e-35;acvrl1_mut
2706;sik1_mut;552.0038854389356;6.059874840152967e-35;syne1_mut
5224;clrn2_mut;486.6945637927149;6.31211872457244e-35;pik3ca_mut
6871;tbl1xr1_mut;474.95393811533063;6.392671242618619e-35;ahnak_mut
4076;prkacg_mut;333.9908135706823;1.0621834848026457e-34;ncor1_mut
3304;ptpn22_mut;473.36818825194626;1.1009106940581557e-34;ahnak_mut
4963;nf2_mut;315.9809290714782;1.1811920244009884e-34;myh9_mut
4121;prkacg_mut;222.41871722468738;1.4255386351970518e-34;jak1_mut
3780;taf4b_mut;315.29827326167657;1.5531012612811947e-34;myh9_mut
6284;nt5e_mut;379.61662916193166;1.798040672327274e-34;pde4dip_mut
4402;tumor_other_histologic_subtype;252.35083043157474;2.6943816095465713e-34;ctnna3_mut
4548;oncotree_code;252.35083043157474;2.6943816095465713e-34;ctnna3_mut
4694;cancer_type_detailed;252.35083043157474;2.6943816095465713e-34;ctnna3_mut
6580;ccnd3_mut;421.9556619700041;3.9218288313064556e-34;dnah5_mut
6729;nr3c1_mut;421.95566197000414;3.921828831306568e-34;dnah5_mut
6299;nt5e_mut;189.84307717574725;4.045580349283943e-34;akt1_mut
5399;prr16_mut;344.9248957632241;5.892220001335729e-34;notch1_mut
5486;prr16_mut;172.23452965440416;8.4827984561694e-34;kras_mut
6565;ccnd3_mut;478.0914223353121;1.1586973199129793e-33;pik3ca_mut
4264;large1_mut;236.45306144633977;1.7404192529050248e-33;lifr_mut
6226;foxo1_mut;189.55556494192186;1.8917730698425063e-33;prkcz_mut
6228;foxo1_mut;189.55122698136057;1.895644736273369e-33;prkce_mut
6526;braf_mut;189.55122698136054;1.8956447362733974e-33;prkce_mut
6462;braf_mut;283.68746464628555;2.8736268531768767e-33;shank2_mut
3315;ptpn22_mut;378.3898791350865;4.126184703892687e-33;tg_mut
5790;ctnna1_mut;172.21511672321117;4.427431123909699e-33;frmd3_mut
6576;ccnd3_mut;422.0159814297229;4.433815868530725e-33;dnah2_mut
6523;braf_mut;189.5555649419218;7.404883801733884e-33;clk3_mut
6225;foxo1_mut;189.55556494192177;7.404883801733993e-33;clk3_mut
5396;prr16_mut;344.93352373834426;1.0297745731982398e-32;col6a3_mut
1434;myo3a_mut;227.48371628006538;1.1176254577940679e-32;aff2_mut
6420;braf_mut;569.7791242435928;1.2318150339537098e-32;kmt2c_mut
4123;prkacg_mut;222.41871722468738;1.2510095426046728e-32;arid5b_mut
1808;sbno1_mut;469.50398826632374;2.0635359544387663e-32;pik3ca_mut
5821;agtr2_mut;746.8511182510381;3.15714202625379e-32;tp53_mut
3972;hdac9_mut;209.9751085505664;3.946117497147651e-32;jak1_mut
2164;er_status_measured_by_ihc;250.89869021053656;5.996701799839798e-32;asxl2_mut
3189;sik2_mut;269.8987759543024;6.424507492968394e-32;lamb3_mut
6432;braf_mut;379.6552489131157;6.637686324994561e-32;herc2_mut
5823;agtr2_mut;603.6297409918334;7.536112226979611e-32;ahnak2_mut
6799;nr3c1_mut;210.76522173475237;8.502949902790572e-32;smarcc2_mut
6653;ccnd3_mut;210.75365631841913;8.547155043190589e-32;zfp36l1_mut
4091;prkacg_mut;258.5009125819499;9.208072065696014e-32;setd1a_mut
6215;foxo1_mut;189.5860596758301;9.996454066607212e-32;gps2_mut
6223;foxo1_mut;189.56860641000023;1.0077646850205163e-31;rpgr_mut
3905;hdac9_mut;420.83603044282694;1.2998789447387328e-31;ush2a_mut
5394;prr16_mut;344.95517746613643;1.630593261272013e-31;utrn_mut
3155;sik2_mut;450.7367937950343;2.346600519964007e-31;ahnak_mut
4257;large1_mut;236.4799960055559;2.521485041846869e-31;brca1_mut
6793;nr3c1_mut;210.76908509344221;2.5551421737275694e-31;chd1_mut
2856;type_of_breast_surgery;516.22439614547;2.6635500372406964e-31;map3k1_mut
2767;sik1_mut;235.72046247520004;3.4919312835629105e-31;ctnna3_mut
6220;foxo1_mut;189.57732378388818;3.529129245534182e-31;ttyh1_mut
2455;npnt_mut;252.8887395786596;3.9402882849558053e-31;afdn_mut
3684;flt3_mut;198.80140378189859;6.234693512345833e-31;casp8_mut
6651;ccnd3_mut;210.7613624903955;7.559051485429181e-31;erbb4_mut
4532;oncotree_code;252.4447315092629;1.1479714805579927e-30;setd1a_mut
4678;cancer_type_detailed;252.4447315092629;1.1479714805579927e-30;setd1a_mut
4386;tumor_other_histologic_subtype;252.4447315092629;1.1479714805579927e-30;setd1a_mut
6916;tbl1xr1_mut;237.28718838046603;1.1871414736705486e-30;erbb3_mut
6222;foxo1_mut;189.5729627858694;1.2051727500475989e-30;map3k13_mut
5405;prr16_mut;172.5671222827947;1.4242611430906733e-30;akt1_mut
6466;braf_mut;251.77225222018183;1.5180442959743384e-30;setd1a_mut
5636;dtwd2_mut;172.23452965440416;1.665989744786378e-30;chek2_mut
6512;braf_mut;189.5860596758301;3.96473360829644e-30;cdkn1b_mut
5342;clrn2_mut;157.7923789654538;4.628635414089679e-30;prkg1_mut
5779;ctnna1_mut;172.24426693417715;6.4542682529573e-30;prkcz_mut
5483;prr16_mut;172.23939571965298;6.469013327150602e-30;prkce_mut
2819;sik1_mut;156.90693014465091;7.087423374742037e-30;prkg1_mut
6925;tbl1xr1_mut;237.26004885631806;7.572357742406615e-30;asxl1_mut
4253;large1_mut;236.50704622578857;1.039372363182019e-29;fancd2_mut
5395;prr16_mut;344.9508371127121;1.682187649985687e-29;tbx3_mut
3679;flt3_mut;198.83454539923582;1.757440498244702e-29;smarcc2_mut
4813;ppp2r2a_mut;291.60343040227013;1.7986541942402098e-29;stab2_mut
3625;flt3_mut;298.6689222354604;2.1932263920269411e-29;pten_mut
5778;ctnna1_mut;172.24426693417715;2.4096604489178538e-29;clk3_mut
2204;er_status_measured_by_ihc;187.9188683221285;2.7154253107217296e-29;brip1_mut
5103;ldlrap1_mut;316.0673193592662;3.3940499490566374e-29;ncor2_mut
6505;braf_mut;189.5991983643757;3.978225135017472e-29;smad4_mut
6358;nt5e_mut;189.59481414489466;3.9860896693537103e-29;prkcq_mut
3504;tumor_size;235.27112012599525;4.285360563738877e-29;asxl2_mut
2405;npnt_mut;655.4389638889693;4.4205193048687e-29;muc16_mut
4849;ppp2r2a_mut;217.6553227840378;4.5395659419678544e-29;arid2_mut
6641;ccnd3_mut;210.7806999214094;4.672473441597508e-29;bap1_mut
3678;flt3_mut;198.8345453992358;5.140110365119488e-29;map3k10_mut
3389;ptpn22_mut;188.78108066924696;5.750485132054137e-29;palld_mut
5986;magea8_mut;345.0252841377969;5.870086046258998e-29;pde4dip_mut
3014;stk11_mut;360.39536934704233;6.528353068980325e-29;herc2_mut
3024;stk11_mut;314.2843184600198;6.613542479910351e-29;notch1_mut
3002;stk11_mut;541.1845157269106;7.337178169569864e-29;kmt2c_mut
5474;prr16_mut;172.2687005327587;8.560187309602386e-29;fbxw7_mut
6070;magea8_mut;172.26870053275866;8.560187309602512e-29;fbxw7_mut
4245;large1_mut;236.54102278739666;1.4684127642204605e-28;alk_mut
4250;large1_mut;236.52061494184827;1.480877640493244e-28;apc_mut
3623;flt3_mut;298.6923008575751;1.841605333132195e-28;col12a1_mut
6920;tbl1xr1_mut;237.2735894046955;2.5741352259816445e-28;ubr5_mut
5478;prr16_mut;172.25891155526656;2.9814331936731212e-28;rpgr_mut
6784;nr3c1_mut;210.79235201620426;3.302125405956184e-28;brca2_mut
5333;clrn2_mut;157.81935113407982;3.744125330988321e-28;lipi_mut
3766;taf4b_mut;315.4868790178723;6.198655448687634e-28;col6a3_mut
6133;foxo1_mut;379.67081886246456;9.949905652875318e-28;dnah5_mut
6206;foxo1_mut;189.59919836437572;1.0609022492194697e-27;zfp36l1_mut
6504;braf_mut;189.5991983643757;1.0609022492194697e-27;zfp36l1_mut
5672;ctnna1_mut;707.766754208883;1.0915187538324163e-27;tp53_mut
3964;hdac9_mut;210.02186445579875;1.1935469243340485e-27;arid2_mut
1826;sbno1_mut;351.72129912616754;1.3866708335270566e-27;akap9_mut
5040;nf2_mut;157.8085451595457;1.4678299606309735e-27;chek2_mut
1587;ptprm_mut;202.68007641877796;1.559189088824446e-27;l1cam_mut
3443;tumor_size;130.4622976190476;3.1012323954805072e-27;tumor_stage
6073;magea8_mut;172.26380344884365;3.243130072205024e-27;map3k13_mut
3238;sik2_mut;179.7161703778804;3.368930052946719e-27;prkcq_mut
5099;ldlrap1_mut;316.10138013183894;3.498291240121241e-27;arid1a_mut
4099;prkacg_mut;222.5426631580478;3.564799706910635e-27;pik3r1_mut
3379;ptpn22_mut;188.81639694729023;4.276944563893916e-27;egfr_mut
944;myo1a_mut;278.99712456705186;4.729434364976008e-27;col22a1_mut
5332;clrn2_mut;157.81935113407982;5.4438561177358864e-27;prkcz_mut
5036;nf2_mut;157.81394528960107;5.457575671404237e-27;prkce_mut
3329;ptpn22_mut;283.6383987765495;6.714055346686224e-27;atr_mut
2809;sik1_mut;156.96121880745994;8.117031514355077e-27;prkcz_mut
5467;prr16_mut;172.28834093736012;1.0124907681427927e-26;dcaf4l2_mut
5765;ctnna1_mut;172.28834093736012;1.0124907681427927e-26;dcaf4l2_mut
6063;magea8_mut;172.28834093736012;1.0124907681427927e-26;dcaf4l2_mut
5771;ctnna1_mut;172.2687005327587;1.0215046751196727e-26;nrg3_mut
6609;ccnd3_mut;210.8869321832717;1.3249084603928205e-26;erbb2_mut
6780;nr3c1_mut;210.80794642388616;1.3696264316561644e-26;ctnna3_mut
5538;dtwd2_mut;345.0697422678405;1.4139030035971257e-26;herc2_mut
3032;stk11_mut;270.05739190946224;1.6882528203506705e-26;thada_mut
5331;clrn2_mut;157.81935113407977;1.9466212394468953e-26;clk3_mut
3620;flt3_mut;298.7945042498121;2.058632347098816e-26;notch1_mut
6200;foxo1_mut;189.61678198237954;2.308412431019053e-26;arid5b_mut
5620;dtwd2_mut;172.2785103046799;3.122707096429521e-26;men1_mut
5919;agtr2_mut;172.27360281527663;3.129586493911503e-26;brip1_mut
3378;ptpn22_mut;188.8252495484362;3.2565130274136e-26;arid5b_mut
1380;myo3a_mut;333.7362907044729;3.7941042118445363e-26;tg_mut
1856;sbno1_mut;235.16753060753064;3.824325167237396e-26;usp9x_mut
4557;oncotree_code;188.33688761689314;4.026317672641361e-26;ncoa3_mut
4411;tumor_other_histologic_subtype;188.33688761689314;4.026317672641361e-26;ncoa3_mut
4703;cancer_type_detailed;188.33688761689314;4.026317672641361e-26;ncoa3_mut
2584;nek1_mut;150.69453406316413;4.098721694083795e-26;akt1_mut
2518;npnt_mut;144.72034115158527;4.5341944597699355e-26;acvrl1_mut
4096;prkacg_mut;222.5500247287115;4.6532744957751316e-26;alk_mut
1681;gldc_mut;322.7067064671655;4.9238871013039624e-26;tbx3_mut
3664;flt3_mut;198.89288439328365;5.35078772387571e-26;brca2_mut
5698;ctnna1_mut;264.935107776371;5.85117165528028e-26;cbfb_mut
6460;braf_mut;207.12894553250783;6.411342451063567e-26;erbb2_mut
5418;prr16_mut;175.50795045118835;6.511545658053449e-26;sf3b1_mut
3067;stk11_mut;179.8386176629014;7.864872248518532e-26;usp28_mut
6910;tbl1xr1_mut;237.3008461626184;7.945994558880696e-26;ptprd_mut
2290;fam20c_mut;269.3763984886938;9.027288232508586e-26;stab2_mut
5466;prr16_mut;172.28834093736015;9.298997671271086e-26;palld_mut
5913;agtr2_mut;172.28834093736015;9.298997671271086e-26;palld_mut
5613;dtwd2_mut;172.28834093736015;9.298997671271086e-26;prkcq_mut
3613;flt3_mut;330.93376821868856;1.0099073884365737e-25;tg_mut
4239;large1_mut;236.59576729271643;1.0517698619919761e-25;setd2_mut
4093;prkacg_mut;222.58695176558106;1.05463638209872e-25;afdn_mut
6191;foxo1_mut;189.63886723214375;1.625292593797289e-25;aff2_mut
6904;tbl1xr1_mut;237.3214439349425;1.717424731290305e-25;ros1_mut
3345;ptpn22_mut;235.34388339932295;1.7294290081234407e-25;setd2_mut
6629;ccnd3_mut;210.81576872602275;1.9275631004861582e-25;taf1_mut
5321;clrn2_mut;157.85735281403993;2.1861865550296957e-25;gps2_mut
3082;stk11_mut;179.75366581305428;2.2718694899450396e-25;map3k10_mut
4803;ppp2r2a_mut;291.71129082066204;2.7458882623412447e-25;notch1_mut
4805;ppp2r2a_mut;291.67868310078785;2.778686088936637e-25;ncor2_mut
1426;myo3a_mut;207.7849906228909;2.843386122010014e-25;kdm6a_mut
2908;type_of_breast_surgery;213.6384464208904;3.3206933441137556e-25;asxl2_mut
1193;mutation_count;120.70547124180541;3.77549486625852e-25;cohort
3013;stk11_mut;360.4290449537205;6.443845790643475e-25;dnah5_mut
4041;prkacg_mut;415.9069256365042;7.0637580974148e-25;pik3ca_mut
5751;ctnna1_mut;172.31300922272374;7.644921082301987e-25;jak1_mut
2573;nek1_mut;302.247070802414;9.587882670163668e-25;utrn_mut
6773;nr3c1_mut;210.83539811788236;1.0454655009851074e-24;asxl2_mut
6192;foxo1_mut;189.63886723214378;1.0758416446222548e-24;lifr_mut
2040;kdm3a_mut;176.11928472876795;1.108776973020084e-24;egfr_mut
4339;tumor_other_histologic_subtype;545.7985653884766;1.2854507047006089e-24;ahnak2_mut
4631;cancer_type_detailed;545.7985653884766;1.2854507047006089e-24;ahnak2_mut
4485;oncotree_code;545.7985653884766;1.2854507047006089e-24;ahnak2_mut
1980;kdm3a_mut;294.45293942360905;1.2952228816239913e-24;col6a3_mut
4885;ppp2r2a_mut;145.61473104720065;1.572206581164402e-24;prkcz_mut
4789;ppp2r2a_mut;363.94154948993656;1.7244205530005213e-24;kmt2d_mut
3660;flt3_mut;198.92641747912904;1.9643497186165663e-24;ctnna3_mut
2415;npnt_mut;363.424264766118;2.043493377837122e-24;kmt2d_mut
6156;foxo1_mut;251.8299569461188;2.0875506815844592e-24;runx1_mut
5740;ctnna1_mut;172.352753158286;2.092554979057324e-24;usp28_mut
5458;prr16_mut;172.30806505173078;2.133820885507297e-24;smarcc2_mut
5969;magea8_mut;412.3437584055404;2.1461581084539996e-24;pik3ca_mut
5759;ctnna1_mut;172.29326409729015;2.1476666633827586e-24;zfp36l1_mut
6621;ccnd3_mut;210.8393366740101;2.3951668125528738e-24;adgra2_mut
6770;nr3c1_mut;210.83933667401004;2.3951668125529424e-24;adgra2_mut
1077;fanca_mut;367.4307931354339;2.6770843337794815e-24;ryr2_mut
6188;foxo1_mut;189.6432984544494;2.6939434303770817e-24;brca2_mut
6426;braf_mut;379.83047377033586;3.029943621445928e-24;cdh1_mut
2841;type_of_breast_surgery;630.5132295089695;3.328546168999255e-24;nottingham_prognostic_index
4205;large1_mut;355.33533400925893;3.477639206007195e-24;dnah5_mut
3366;ptpn22_mut;188.87856398378693;3.719179839467978e-24;brca2_mut
3228;sik2_mut;179.76306465547992;4.318214283348284e-24;setdb1_mut
3079;stk11_mut;179.76306465547992;4.318214283348284e-24;setdb1_mut
4128;prkacg_mut;165.8925727217372;4.571876932848436e-24;agmo_mut
3744;taf4b_mut;675.0552744263256;4.645961264633768e-24;tp53_mut
1754;gldc_mut;160.75419009978228;5.369437599639401e-24;bcas3_mut
6774;nr3c1_mut;210.82753370381974;5.455683785968987e-24;apc_mut
5456;prr16_mut;172.3080650517308;5.815382870114514e-24;egfr_mut
6053;magea8_mut;172.30806505173078;5.8153828701145984e-24;map3k10_mut
5903;agtr2_mut;172.30806505173078;5.8153828701145984e-24;egfr_mut
5324;clrn2_mut;157.8464663911336;6.644639651105696e-24;nrg3_mut
6339;nt5e_mut;189.64329845444936;6.650555798347004e-24;arid2_mut
6190;foxo1_mut;189.64329845444936;6.650555798347004e-24;arid2_mut
2097;er_status_measured_by_ihc;627.6786146653542;6.905984956330162e-24;nottingham_prognostic_index
1890;sbno1_mut;176.1337383594846;7.863705678739822e-24;arid5b_mut
2721;sik1_mut;314.9625104093899;7.928164805816326e-24;birc6_mut
2417;npnt_mut;363.3718024895871;1.0010562839804049e-23;ryr2_mut
4084;prkacg_mut;222.6464513293783;1.208981526704654e-23;arid1b_mut
1688;gldc_mut;268.8129848666115;1.2536446683326003e-23;col12a1_mut
4662;cancer_type_detailed;252.59818036396774;1.2560654482241591e-23;thada_mut
4370;tumor_other_histologic_subtype;252.59818036396774;1.2560654482241591e-23;thada_mut
4516;oncotree_code;252.59818036396774;1.2560654482241591e-23;thada_mut
5451;prr16_mut;172.32291339449947;1.542377513814173e-23;pbrm1_mut
5757;ctnna1_mut;172.30312614609568;1.5555959508279875e-23;erbb4_mut
5243;clrn2_mut;316.1901882276053;1.6407448105241718e-23;tg_mut
5173;ldlrap1_mut;157.85735281403993;1.9447651231319897e-23;men1_mut
2038;kdm3a_mut;176.1337383594846;2.0404259583304283e-23;setdb1_mut
2554;nek1_mut;606.1875833692516;2.3202973866287673e-23;muc16_mut
2720;sik1_mut;315.0324497801022;2.4362363325766142e-23;tg_mut
1975;kdm3a_mut;323.18987679298255;2.5508099187802748e-23;akap9_mut
4202;large1_mut;355.3872410546139;2.810870432940208e-23;kmt2d_mut
3166;sik2_mut;314.43978041300636;2.981899662921919e-23;tg_mut
1844;sbno1_mut;253.81454222022836;3.093506153189384e-23;stab2_mut
3793;taf4b_mut;210.1719245571945;3.5154818169336485e-23;setd1a_mut
6484;braf_mut;189.65217513210882;3.855677459242208e-23;foxo3_mut
5895;agtr2_mut;172.32787341218526;4.0273061085458196e-23;ncoa3_mut
5673;ctnna1_mut;603.6806453719677;4.42712801429063e-23;muc16_mut
3221;sik2_mut;179.81020957058666;6.840020194866638e-23;lifr_mut
1986;kdm3a_mut;263.9933950669406;7.258274285414513e-23;col12a1_mut
6184;foxo1_mut;189.6610708380161;9.06337522456863e-23;ctnna3_mut
5702;ctnna1_mut;257.8081927584027;9.9695221414186e-23;pten_mut
5603;dtwd2_mut;172.31300922272374;1.0403602740640506e-22;setdb1_mut
3362;ptpn22_mut;188.91429741741254;1.232214699320239e-22;ctnna3_mut
3653;flt3_mut;198.98544761545438;1.283372225766046e-22;asxl2_mut
5234;clrn2_mut;367.96163146042295;1.3245433773367482e-22;cdh1_mut
3596;flt3_mut;598.9726065524374;1.4794880134028353e-22;muc16_mut
3068;stk11_mut;179.81966880702947;1.6649747984483938e-22;brca2_mut
6568;ccnd3_mut;527.1616408860003;2.0895036584052014e-22;ahnak2_mut
6040;magea8_mut;172.34278529423327;2.5888050520177115e-22;cacna2d3_mut
2031;kdm3a_mut;176.20623826556482;3.1031990016661884e-22;lifr_mut
3759;taf4b_mut;315.71897241886643;3.1300392102445366e-22;herc2_mut
3761;taf4b_mut;315.63569497547485;3.218232445445888e-22;akap9_mut
2717;sik1_mut;315.17398249313146;3.7540077309861154e-22;herc2_mut
2651;nek1_mut;150.68313601330607;4.650633725937308e-22;brip1_mut
6183;foxo1_mut;189.66998563342094;4.818453622642022e-22;kdm6a_mut
6616;ccnd3_mut;210.8630573300838;5.743602524955368e-22;thsd7a_mut
6045;magea8_mut;172.32787341218526;6.449154258898653e-22;bap1_mut
2878;type_of_breast_surgery;257.76229959592837;6.905224344706644e-22;col12a1_mut
5682;ctnna1_mut;345.169334562349;7.522730840077787e-22;dnah2_mut
5534;dtwd2_mut;345.1237573836624;7.6329347157698835e-22;kmt2d_mut
3483;tumor_size;235.4667416419353;9.82708494286039e-22;runx1_mut
6480;braf_mut;189.66998563342102;1.0905739578288213e-21;taf1_mut
5160;ldlrap1_mut;157.89015128049462;1.1173159639261826e-21;smarcc2_mut
5163;ldlrap1_mut;157.873725878278;1.1252598104306554e-21;zfp36l1_mut
4229;large1_mut;236.69271814187073;1.2184571610182459e-21;nf1_mut
2075;kdm3a_mut;117.22880725255395;1.236974812227456e-21;prkg1_mut
1927;sbno1_mut;117.2136481661798;1.2459110630134237e-21;frmd3_mut
2641;nek1_mut;150.729240587456;1.276182018106061e-21;smad4_mut
5831;agtr2_mut;343.4819661247533;1.2879434100787431e-21;dnah2_mut
5745;ctnna1_mut;172.33780935354628;1.5627963177510374e-21;lifr_mut
5894;agtr2_mut;172.33780935354625;1.5627963177510596e-21;lifr_mut
6126;foxo1_mut;379.84684578982365;1.7055368319301348e-21;ahnak_mut
6275;nt5e_mut;379.84684578982353;1.7055368319301363e-21;ahnak_mut
6890;tbl1xr1_mut;237.43360251860554;1.8003302052861908e-21;cbfb_mut
998;myo1a_mut;158.8705774034967;1.916444071779948e-21;map3k10_mut
2112;er_status_measured_by_ihc;440.8933912701858;1.9321515662080135e-21;map3k1_mut
1129;fanca_mut;181.94424624603923;2.1390330578644283e-21;ctnna3_mut
3215;sik2_mut;179.83861766290147;2.193917349592061e-21;foxo3_mut
6325;nt5e_mut;189.69235654281536;2.414399886341989e-21;pik3r1_mut
6179;foxo1_mut;189.68339375396835;2.4230955351874776e-21;ctcf_mut
6329;nt5e_mut;189.67891957983662;2.427448029090727e-21;asxl1_mut
6479;braf_mut;189.67445020889767;2.431803631077907e-21;fancd2_mut
6181;foxo1_mut;189.6744502088975;2.4318036310780482e-21;fancd2_mut
6614;ccnd3_mut;210.87099840737835;2.493986547062018e-21;setd2_mut
6276;nt5e_mut;379.84274568315016;2.7155294030757898e-21;dnah11_mut
6425;braf_mut;379.84274568315016;2.7155294030757898e-21;dnah11_mut
5009;nf2_mut;157.89015128049456;2.9168747932983545e-21;egfr_mut
3507;tumor_size;188.95018437814286;3.2511443554330562e-21;asxl1_mut
3508;tumor_size;188.9411981907136;3.2628730176823256e-21;fancd2_mut
6897;tbl1xr1_mut;237.3805389850786;3.5419095522232504e-21;thada_mut
6039;magea8_mut;172.34278529423324;3.732514856947659e-21;brca2_mut
2163;er_status_measured_by_ihc;188.254412954257;4.296073254346319e-21;pik3r1_mut
3064;stk11_mut;179.85760713797146;5.00364289778977e-21;ctnna3_mut
6755;nr3c1_mut;210.89492499384727;5.0805126454500614e-21;ros1_mut
1983;kdm3a_mut;264.1674001785942;5.173502860472276e-21;notch1_mut
6177;foxo1_mut;189.69235654281542;5.325199177825537e-21;asxl2_mut
964;myo1a_mut;197.21137977207533;5.93191074745102e-21;setd1a_mut
3479;tumor_size;235.53309092092312;6.966990968673501e-21;thada_mut
5310;clrn2_mut;157.88467031560867;7.47564184560204e-21;erbb4_mut
5743;ctnna1_mut;172.34278529423327;8.79059552256676e-21;arid2_mut
2581;nek1_mut;250.59088497727595;8.993907430395013e-21;col12a1_mut
5684;ctnna1_mut;345.1192280708342;9.066846787103332e-21;ush2a_mut
5833;agtr2_mut;345.11922807083414;9.066846787103591e-21;ush2a_mut
6760;nr3c1_mut;210.8829422691674;1.0391118825329066e-20;shank2_mut
6611;ccnd3_mut;210.88294226916736;1.0391118825329214e-20;shank2_mut
6174;foxo1_mut;189.69684517307502;1.1579249190280233e-20;adgra2_mut
5079;ldlrap1_mut;474.68753655479725;1.296981996376462e-20;kmt2c_mut
3648;flt3_mut;199.01937914703183;1.3059271155776435e-20;rb1_mut
2737;sik1_mut;236.10459383688328;2.0454194492116674e-20;stab2_mut
1961;kdm3a_mut;472.4627053585137;2.3677946880536755e-20;kmt2c_mut
6893;tbl1xr1_mut;237.3910818713451;2.4209453889714235e-20;col22a1_mut
6471;braf_mut;189.69684517307493;2.4918627630664048e-20;alk_mut
3212;sik2_mut;179.87663736298808;2.514636652310808e-20;kdm6a_mut
2423;npnt_mut;290.6153774126062;2.97218754601471e-20;birc6_mut
4864;ppp2r2a_mut;145.68050676556922;3.111033436283844e-20;agmo_mut
21;tumor_stage;84.60155773474958;3.649775514312956e-20;radio_therapy
4735;cancer_type_detailed;126.09014737695169;4.0096736650784454e-20;clk3_mut
4589;oncotree_code;126.09014737695169;4.0096736650784454e-20;clk3_mut
4443;tumor_other_histologic_subtype;126.09014737695169;4.0096736650784454e-20;clk3_mut
1112;fanca_mut;203.48274932675923;4.2305262687969204e-20;setd2_mut
5995;magea8_mut;257.8765357766707;4.630414160660596e-20;notch1_mut
5441;prr16_mut;172.35275315828602;4.636692181712777e-20;foxo3_mut
6170;foxo1_mut;189.71936099512692;5.2528554283148934e-20;afdn_mut
6473;braf_mut;189.69684517307496;5.299274635312257e-20;ubr5_mut
2636;nek1_mut;150.76394797332375;6.096587892387401e-20;map3k10_mut
3612;flt3_mut;298.9708514055278;7.760070822081078e-20;akap9_mut
6715;nr3c1_mut;634.7844926937302;7.919898401765551e-20;tp53_mut
1588;ptprm_mut;152.07705925236198;8.756316577809883e-20;pbrm1_mut
5417;prr16_mut;172.4638251862198;9.979761954893974e-20;erbb2_mut
5715;ctnna1_mut;172.4638251862198;9.979761954893974e-20;erbb2_mut
5440;prr16_mut;172.3577450987731;1.0415401326599142e-19;brca1_mut
6317;nt5e_mut;189.72840138353817;1.1004190086845085e-19;setd1a_mut
3205;sik2_mut;179.92439206965943;1.1841683999962443e-19;pik3r1_mut
3061;stk11_mut;179.88616779773872;1.2022213380700977e-19;fancd2_mut
2893;type_of_breast_surgery;171.82941086394112;1.288407599320814e-19;erbb2_mut
4304;large1_mut;118.14450227541477;1.44770098762335e-19;chek2_mut
6418;braf_mut;570.1065511394129;1.9750843633608567e-19;muc16_mut
2664;nek1_mut;112.0048592263214;2.1020177464073117e-19;gpr32_mut
3641;flt3_mut;199.06199990189833;2.2678068379045864e-19;ptprd_mut
5255;clrn2_mut;236.1826097869424;2.3852259223348566e-19;pten_mut
5003;nf2_mut;157.90662927204585;2.6131771828748207e-19;l1cam_mut
3465;tumor_size;283.89246999304106;2.722488673013651e-19;birc6_mut
4656;cancer_type_detailed;252.67642659814365;2.7850747851044826e-19;ncor2_mut
4510;oncotree_code;252.67642659814365;2.7850747851044826e-19;ncor2_mut
4364;tumor_other_histologic_subtype;252.67642659814365;2.7850747851044826e-19;ncor2_mut
5558;dtwd2_mut;228.77517383996982;2.8553067384896463e-19;stab2_mut
5676;ctnna1_mut;430.8418695098607;3.6598879549145365e-19;syne1_mut
2133;er_status_measured_by_ihc;251.46713252638932;4.217250720304954e-19;ncor2_mut
6470;braf_mut;189.71034010081482;4.734975281393311e-19;rb1_mut
5724;ctnna1_mut;172.42313036457026;4.928565485455594e-19;erbb3_mut
6022;magea8_mut;172.42313036457026;4.928565485455594e-19;erbb3_mut
5736;ctnna1_mut;172.3727530571902;5.028145264707024e-19;kdm6a_mut
4856;ppp2r2a_mut;145.69857946973428;5.211490330101486e-19;chd1_mut
5298;clrn2_mut;157.92316010590034;6.050225657455596e-19;lifr_mut
5000;nf2_mut;157.92316010590034;6.050225657455596e-19;lifr_mut
4225;large1_mut;236.74878537254756;6.495935153236602e-19;ncor1_mut
1916;sbno1_mut;117.3048433048433;6.853009480182181e-19;prkcz_mut
6119;foxo1_mut;625.4281046466754;6.94165541203986e-19;tp53_mut
1540;ptprm_mut;227.8855365951467;7.252606004962139e-19;col22a1_mut
2633;nek1_mut;150.775541769598;8.931913322199648e-19;setdb1_mut
5586;dtwd2_mut;172.3727530571902;1.0857625215212206e-18;taf1_mut
6033;magea8_mut;172.3727530571902;1.0857625215212206e-18;taf1_mut
4863;ppp2r2a_mut;145.6865245847055;1.2874551521526565e-18;erbb4_mut
2142;er_status_measured_by_ihc;218.98995183562047;1.469309080588075e-18;myh9_mut
2345;fam20c_mut;134.41475239432816;1.5252006853800356e-18;prkcq_mut
4009;hdac9_mut;104.90989921973964;1.5925581768642978e-18;akt2_mut
3860;taf4b_mut;104.90989921973964;1.5925581768642978e-18;akt2_mut
2771;sik1_mut;157.1812765957447;1.8750392147863845e-18;brca2_mut
2970;type_of_breast_surgery;85.61175460942181;1.9179499096266494e-18;ndfip1_mut
6166;foxo1_mut;189.73292890778833;1.9209572122130666e-18;usp9x_mut
6467;braf_mut;189.7238787486229;1.927536731203898e-18;thsd7a_mut
6318;nt5e_mut;189.72387874862287;1.9275367312039257e-18;thsd7a_mut
3041;stk11_mut;191.31778816885364;2.108987338003129e-18;arid1b_mut
1864;sbno1_mut;176.3965641761659;2.1327509478583996e-18;adgra2_mut
5431;prr16_mut;172.397873963022;2.291396857047933e-18;pik3r1_mut
5583;dtwd2_mut;172.38780940236202;2.300440345230401e-18;ctcf_mut
5584;dtwd2_mut;172.38278522989515;2.3049680969430044e-18;asxl1_mut
5733;ctnna1_mut;172.38278522989512;2.304968096943037e-18;asxl1_mut
5435;prr16_mut;172.3827852298951;2.3049680969430707e-18;asxl1_mut
5734;ctnna1_mut;172.37776645106476;2.309499849139198e-18;fancd2_mut
5585;dtwd2_mut;172.37776645106476;2.309499849139198e-18;fancd2_mut
4198;large1_mut;355.62677044099183;2.3136153964720695e-18;ahnak_mut
4440;tumor_other_histologic_subtype;126.11828732175506;2.9110157488857973e-18;map3k13_mut
4586;oncotree_code;126.11828732175506;2.9110157488857973e-18;map3k13_mut
4732;cancer_type_detailed;126.11828732175506;2.9110157488857973e-18;map3k13_mut
4852;ppp2r2a_mut;145.7167100683067;3.0632812757415856e-18;ncoa3_mut
5147;ldlrap1_mut;157.92868217054257;3.122700729755668e-18;arid2_mut
1816;sbno1_mut;354.230066872428;3.472288603878521e-18;ahnak_mut
6719;nr3c1_mut;422.3072048074131;3.698877995291067e-18;syne1_mut
6459;braf_mut;189.75564014732007;3.793072384735222e-18;arid1b_mut
6161;foxo1_mut;189.75564014732004;3.793072384735274e-18;arid1b_mut
5730;ctnna1_mut;172.397873963022;4.821936638159269e-18;asxl2_mut
3338;ptpn22_mut;189.10443995650152;4.84233580659936e-18;lamb3_mut
3487;tumor_size;189.1044399565015;4.84233580659943e-18;lamb3_mut
2259;fam20c_mut;421.1284724701849;5.075647850796907e-18;syne1_mut
1081;fanca_mut;285.8758875095399;5.1665038004770996e-18;akap9_mut
3712;flt3_mut;99.33541390692498;5.836403682017371e-18;prkg1_mut
5236;clrn2_mut;316.3216662751546;5.961392342041625e-18;kmt2d_mut
4938;nf2_mut;316.32166627515454;5.961392342041795e-18;kmt2d_mut
931;myo1a_mut;271.0124238624629;6.342357599634197e-18;pde4dip_mut
3151;sik2_mut;451.20850047117665;6.579816110480291e-18;kmt2c_mut
6725;nr3c1_mut;315.73582898176033;7.117989829743284e-18;dnah2_mut
6167;foxo1_mut;189.73292890778845;7.541459750405946e-18;setd2_mut
6316;nt5e_mut;189.73292890778845;7.541459750405946e-18;setd2_mut
6314;nt5e_mut;189.73292890778836;7.541459750406273e-18;ptprd_mut
6165;foxo1_mut;189.73292890778833;7.541459750406379e-18;ptprd_mut
6752;nr3c1_mut;210.93110825131387;7.588524363701308e-18;runx1_mut
1959;kdm3a_mut;554.6797311862902;7.960865098319888e-18;muc16_mut
2014;kdm3a_mut;176.39656417616587;9.08766091314847e-18;ubr5_mut
2116;er_status_measured_by_ihc;314.91012786954;9.135700934980923e-18;dnah2_mut
3343;ptpn22_mut;189.05877638147706;9.693755939889603e-18;ptprd_mut
6025;magea8_mut;172.40291436867008;1.0002137172026444e-17;adgra2_mut
5429;prr16_mut;172.40291436867005;1.0002137172026592e-17;adgra2_mut
2201;er_status_measured_by_ihc;125.33289956212914;1.1081293799938324e-17;cdkn1b_mut
2703;sik1_mut;552.8311553362275;1.2306412820308865e-17;muc16_mut
2152;er_status_measured_by_ihc;188.37742905765964;1.248990935821365e-17;ptprd_mut
6604;ccnd3_mut;210.92707037145618;1.405213947984934e-17;nf1_mut
6159;foxo1_mut;189.76019717477487;1.4571817640636284e-17;ros1_mut
6457;braf_mut;189.7601971747749;1.4571817640636487e-17;ros1_mut
5143;ldlrap1_mut;157.93974403665152;1.5111606377226e-17;foxo3_mut
4850;ppp2r2a_mut;145.72882943510587;1.6721345010593793e-17;aff2_mut
3782;taf4b_mut;210.29258691942798;1.7598920862853456e-17;nf1_mut
3852;taf4b_mut;104.94438465801728;1.8645260569306662e-17;lipi_mut
4434;tumor_other_histologic_subtype;126.13947073745277;2.0576601797078885e-17;men1_mut
4580;oncotree_code;126.13947073745277;2.0576601797078885e-17;men1_mut
4726;cancer_type_detailed;126.13947073745277;2.0576601797078885e-17;men1_mut
5731;ctnna1_mut;172.38780940236205;2.065632322734765e-17;apc_mut
5880;agtr2_mut;172.38780940236205;2.065632322734765e-17;apc_mut
6029;magea8_mut;172.38780940236202;2.0656323227347953e-17;apc_mut
3018;stk11_mut;270.3288132016807;2.1840804561909493e-17;birc6_mut
4649;cancer_type_detailed;252.76236936118087;2.2177959120700513e-17;utrn_mut
4357;tumor_other_histologic_subtype;252.76236936118087;2.2177959120700513e-17;utrn_mut
4503;oncotree_code;252.76236936118087;2.2177959120700513e-17;utrn_mut
5238;clrn2_mut;316.29608188315626;2.3563846160296983e-17;ryr2_mut
6751;nr3c1_mut;210.9391972283119;2.5669381275154944e-17;myh9_mut
3906;hdac9_mut;315.77250638974795;2.7542983455334363e-17;ryr2_mut
6164;foxo1_mut;189.74654089596459;2.8309196305124116e-17;shank2_mut
5290;clrn2_mut;157.95082961522803;3.2444073275647975e-17;ctnna3_mut
1400;myo3a_mut;208.35227577107918;3.4966736072708356e-17;nf1_mut
3491;tumor_size;189.0861448587657;3.607919848101725e-17;shank2_mut
1526;ptprm_mut;279.2994895907792;4.087087538157017e-17;herc2_mut
5728;ctnna1_mut;172.40291436867005;4.1671961628752556e-17;ubr5_mut
1528;ptprm_mut;279.1246916126206;4.3163979443125504e-17;akap9_mut
5679;ctnna1_mut;345.2903039907794;4.543037377307772e-17;ahnak_mut
6748;nr3c1_mut;210.9635704184456;4.633137763429092e-17;thada_mut
6889;tbl1xr1_mut;237.44432082438263;4.841589179460481e-17;notch1_mut
6891;tbl1xr1_mut;237.42291964524424;4.876278576403845e-17;ncor2_mut
1666;gldc_mut;403.66629169575526;5.5193037640960956e-17;map3k1_mut
4939;nf2_mut;316.31653780042984;5.714745568690861e-17;ush2a_mut
2333;fam20c_mut;134.4808579702765;5.74513035836993e-17;chd1_mut
4216;large1_mut;236.883932503209;5.836211085531162e-17;notch1_mut
3857;taf4b_mut;104.92712371190262;5.998581766927883e-17;chek2_mut
4057;prkacg_mut;277.8410843275708;6.440883385334855e-17;herc2_mut
4059;prkacg_mut;277.7643138381807;6.596696210166263e-17;akap9_mut
5978;magea8_mut;345.2855840464482;6.902191068654007e-17;dnah11_mut
3709;flt3_mut;99.35369844992749;7.339836293970471e-17;acvrl1_mut
2714;sik1_mut;315.28676189902137;7.741415885341089e-17;ush2a_mut
2035;kdm3a_mut;135.81796255248761;7.818847562700299e-17;pbrm1_mut
5721;ctnna1_mut;172.4383497002196;8.247379398330356e-17;setd1a_mut
5572;dtwd2_mut;172.4383497002196;8.247379398330356e-17;setd1a_mut
4851;ppp2r2a_mut;145.72882943510584;8.543225531302118e-17;lifr_mut
1997;kdm3a_mut;183.06706537222843;8.906750732446444e-17;map2k4_mut
3385;ptpn22_mut;124.64948517564864;9.95530973570944e-17;smad4_mut
3534;tumor_size;124.64948517564862;9.955309735709513e-17;smad4_mut
2477;npnt_mut;144.9859764072423;1.151539666485303e-16;lifr_mut
2426;npnt_mut;241.00830482937704;1.2687761747163706e-16;col6a3_mut
5289;clrn2_mut;157.9619389825996;1.4400515216540867e-16;kdm6a_mut
2719;sik1_mut;274.889541884453;1.609981307706191e-16;akap9_mut
6121;foxo1_mut;474.3479459700602;1.640677988366616e-16;ahnak2_mut
5522;dtwd2_mut;350.766032935414;1.726858936933349e-16;pik3ca_mut
4002;hdac9_mut;104.9357496209869;1.82282546045988e-16;prkce_mut
1721;gldc_mut;161.07807238803264;1.8455969026074665e-16;asxl1_mut
1122;fanca_mut;162.77387463079268;1.9672557594138154e-16;asxl2_mut
1421;myo3a_mut;166.39580611638644;2.0228030230395823e-16;apc_mut
3561;tumor_size;94.34591494196408;2.1779472352395807e-16;cdkn2a_mut
4286;large1_mut;118.21271501480689;2.3920188057169823e-16;cdkn1b_mut
3047;stk11_mut;180.011001038213;2.7340744207580435e-16;setd2_mut
5874;agtr2_mut;172.41806819201193;3.232995308763091e-16;rb1_mut
5427;prr16_mut;172.41806819201193;3.232995308763091e-16;rb1_mut
2051;kdm3a_mut;117.44272686377948;3.3288919386053654e-16;dcaf4l2_mut
1692;gldc_mut;215.1696651763292;3.480917208199368e-16;atr_mut
6888;tbl1xr1_mut;237.44432082438266;4.0636544837877435e-16;lama2_mut
2903;type_of_breast_surgery;171.73736199036466;4.1624404287680626e-16;rb1_mut
4213;large1_mut;236.8983238441841;4.853048095218446e-16;col6a3_mut
3039;stk11_mut;180.06921003045477;5.091731047595597e-16;ros1_mut
3265;sik2_mut;89.79513687948133;5.117744156887151e-16;prkg1_mut
3116;stk11_mut;89.79513687948133;5.117744156887151e-16;prkg1_mut
3117;stk11_mut;89.7849303823611;5.142214058816304e-16;frmd3_mut
1524;ptprm_mut;305.6514951859829;5.431530744927579e-16;ryr2_mut
1972;kdm3a_mut;294.9351666956069;5.875860751283388e-16;dnah5_mut
5282;clrn2_mut;157.98981698087243;6.01903485374249e-16;pik3r1_mut
5133;ldlrap1_mut;157.98981698087235;6.019034853742578e-16;pik3r1_mut
5285;clrn2_mut;157.97864780542255;6.044747564685721e-16;ctcf_mut
5138;ldlrap1_mut;157.96750261102582;6.070514002808064e-16;fancd2_mut
4989;nf2_mut;157.9675026110258;6.070514002808146e-16;fancd2_mut
5085;ldlrap1_mut;316.4889042961979;7.227541955585589e-16;cdh1_mut
1715;gldc_mut;161.14368557064694;7.366859405448011e-16;adgra2_mut
4551;oncotree_code;126.24640843018805;7.384875289017138e-16;usp28_mut
4405;tumor_other_histologic_subtype;126.24640843018805;7.384875289017138e-16;usp28_mut
4697;cancer_type_detailed;126.24640843018805;7.384875289017138e-16;usp28_mut
2759;sik1_mut;157.30432666079145;7.817614302240056e-16;pik3r1_mut
6382;nt5e_mut;93.83992489419423;9.245690653255179e-16;acvrl1_mut
3044;stk11_mut;180.04005826119462;9.69394723941759e-16;shank2_mut
3445;tumor_size;344.3774075282091;1.009754818850065e-15;pik3ca_mut
1694;gldc_mut;215.15371868315583;1.0600615622099382e-15;ncor1_mut
5871;agtr2_mut;172.43327110981394;1.1977587236230545e-15;thsd7a_mut
5722;ctnna1_mut;172.43327110981392;1.1977587236230707e-15;thsd7a_mut
5784;ctnna1_mut;85.18616966785082;1.2007638600861853e-15;kras_mut
4281;large1_mut;118.22796204687373;1.5077602698733695e-15;prkcq_mut
3164;sik2_mut;253.35438466978698;1.7142991312872494e-15;pde4dip_mut
4711;cancer_type_detailed;126.18204071295187;1.7738804532784078e-15;egfr_mut
4419;tumor_other_histologic_subtype;126.18204071295187;1.7738804532784078e-15;egfr_mut
4565;oncotree_code;126.18204071295187;1.7738804532784078e-15;egfr_mut
2605;nek1_mut;151.0337695060319;2.0791104905051675e-15;erbb3_mut
2048;kdm3a_mut;117.44272686377948;2.098368075172707e-15;prkcq_mut
5862;agtr2_mut;172.46893685284167;2.246775197215147e-15;lamb3_mut
5863;agtr2_mut;172.46893685284167;2.246775197215147e-15;arid1b_mut
5714;ctnna1_mut;172.46893685284167;2.246775197215147e-15;arid1b_mut
5564;dtwd2_mut;172.46893685284164;2.2467751972151777e-15;lamb3_mut
5565;dtwd2_mut;172.46893685284164;2.2467751972151777e-15;arid1b_mut
790;ep300_mut;231.81766372231817;2.505384242556752e-15;lama2_mut
6221;foxo1_mut;93.87032287034684;2.896975171922443e-15;or6a2_mut
6884;tbl1xr1_mut;237.4694689913225;3.0815174138993332e-15;utrn_mut
2709;sik1_mut;329.9325013133699;3.353894407960903e-15;ahnak_mut
3608;flt3_mut;299.1183979414344;3.589701025143154e-15;ryr2_mut
4211;large1_mut;236.93444195714738;3.650879103342018e-15;utrn_mut
4843;ppp2r2a_mut;145.75924151176022;3.759365502685301e-15;ctnna3_mut
4844;ppp2r2a_mut;145.75314606500925;3.7682064985981496e-15;brca1_mut
796;ep300_mut;207.96739788555675;3.937039407024488e-15;pten_mut
3989;hdac9_mut;105.00508672130523;3.9629130498073876e-15;gps2_mut
3595;flt3_mut;586.2825099308305;4.024141155710702e-15;tp53_mut
1853;sbno1_mut;117.99172153234991;4.034729481619012e-15;sf3b1_mut
3998;hdac9_mut;104.96168217393301;4.038398424807038e-15;foxp1_mut
6009;magea8_mut;172.49457852834135;4.187931941827774e-15;map2k4_mut
5718;ctnna1_mut;172.44343378099325;4.265787564013075e-15;ptprd_mut
5420;prr16_mut;172.44343378099322;4.2657875640131365e-15;ptprd_mut
5869;agtr2_mut;172.44343378099322;4.2657875640131365e-15;setd2_mut
6018;magea8_mut;172.44343378099322;4.2657875640131365e-15;setd2_mut
6600;ccnd3_mut;210.95949710904418;4.290359716588121e-15;ncor1_mut
4783;ppp2r2a_mut;292.50676140630264;4.403297509065254e-15;gata3_mut
5130;ldlrap1_mut;157.9954105856927;4.7443010786603635e-15;alk_mut
5284;clrn2_mut;157.97864780542253;4.774007086377712e-15;apc_mut
4141;prkacg_mut;111.20349845867088;4.78160375151127e-15;nrg3_mut
2469;npnt_mut;145.04722160101593;4.945325994187025e-15;ctnna3_mut
3927;hdac9_mut;210.3577498756626;5.2374406674129504e-15;ncor1_mut
4502;oncotree_code;252.7957553709646;5.273055001232544e-15;birc6_mut
4648;cancer_type_detailed;252.7957553709646;5.273055001232544e-15;birc6_mut
4356;tumor_other_histologic_subtype;252.7957553709646;5.273055001232544e-15;birc6_mut
2761;sik1_mut;157.28184572467336;6.187024007555034e-15;apc_mut
1813;sbno1_mut;393.76551547867336;6.306383238008392e-15;syne1_mut
478;neoplasm_histologic_grade;308.355924891278;7.228852285649594e-15;cdh1_mut
6594;ccnd3_mut;210.98400403421357;7.26087202274671e-15;col12a1_mut
6743;nr3c1_mut;210.9840040342136;7.260872022746809e-15;col12a1_mut
5414;prr16_mut;172.47405406357046;7.858691662910275e-15;ros1_mut
2610;nek1_mut;150.97454469876132;8.595236404292566e-15;pik3r1_mut
3772;taf4b_mut;210.40699762030312;8.779654102836423e-15;col12a1_mut
318;primary_tumor_laterality;71.89282873402954;9.04155009550636e-15;tumor_stage
1072;fanca_mut;327.61404178261944;9.3676356548557e-15;dnah11_mut
2160;er_status_measured_by_ihc;156.02668495557396;9.860124777475145e-15;alk_mut
1146;fanca_mut;121.89265134553031;1.0253902066705416e-14;egfr_mut
3896;hdac9_mut;421.5106177888127;1.1430744066298316e-14;kmt2c_mut
6454;braf_mut;189.8014339273023;1.2291447505229782e-14;runx1_mut
6305;nt5e_mut;189.8014339273022;1.229144750522996e-14;runx1_mut
2577;nek1_mut;226.83509630606352;1.2295237843021884e-14;lama2_mut
6431;braf_mut;283.9681789469418;1.4394245288829002e-14;dnah5_mut
5717;ctnna1_mut;172.4587190546999;1.4575384446380715e-14;shank2_mut
5419;prr16_mut;172.45871905469988;1.4575384446380926e-14;shank2_mut
3334;ptpn22_mut;189.19651365001133;1.511144515277816e-14;runx1_mut
2555;nek1_mut;455.19594612806753;1.5867168032739076e-14;ahnak2_mut
4976;nf2_mut;158.03473504788946;1.747328177448622e-14;setd1a_mut
5274;clrn2_mut;158.03473504788946;1.747328177448622e-14;setd1a_mut
3256;sik2_mut;89.84633137297328;1.786828786719405e-14;lipi_mut
2456;npnt_mut;145.19555785674467;1.9174114483481754e-14;erbb3_mut
1615;ptprm_mut;101.29371607308462;1.980937008459123e-14;rpgr_mut
4278;large1_mut;118.23559772809232;1.9983066831541717e-14;zfp36l1_mut
4417;tumor_other_histologic_subtype;126.18916218273375;2.004699614255966e-14;setdb1_mut
4709;cancer_type_detailed;126.18916218273375;2.004699614255966e-14;setdb1_mut
4563;oncotree_code;126.18916218273375;2.004699614255966e-14;setdb1_mut
2468;npnt_mut;145.0718116777435;2.0092676674416364e-14;kdm6a_mut
3553;tumor_size;94.37503813792561;2.0233362332765123e-14;prkcz_mut
3404;ptpn22_mut;94.37503813792561;2.0233362332765123e-14;prkcz_mut
3406;ptpn22_mut;94.36532013863862;2.0320665505388496e-14;prkce_mut
3555;tumor_size;94.36532013863862;2.0320665505388496e-14;prkce_mut
6455;braf_mut;189.79683210137267;2.1615846272828362e-14;nf1_mut
6157;foxo1_mut;189.7968321013727;2.1615846272828652e-14;nf1_mut
6274;nt5e_mut;379.93826422923735;2.5466318627547185e-14;map3k1_mut
1668;gldc_mut;323.8130590088011;2.6215928796060295e-14;dnah11_mut
2867;type_of_breast_surgery;258.10207654256703;2.6250585577181416e-14;akap9_mut
3170;sik2_mut;224.3984285262668;2.657789918804922e-14;col6a3_mut
3996;hdac9_mut;104.97901637599068;2.687226775150873e-14;map3k13_mut
4791;ppp2r2a_mut;291.93432836191573;2.7664852489326437e-14;ryr2_mut
4130;prkacg_mut;111.24431665708262;2.809425693577831e-14;smad4_mut
4131;prkacg_mut;111.2361356571883;2.8190116298996148e-14;casp8_mut
4134;prkacg_mut;111.23613565718829;2.8190116298996363e-14;palld_mut
4841;ppp2r2a_mut;145.77145202579894;3.0671063739917837e-14;taf1_mut
5375;prr16_mut;518.2871971722309;3.0992813825671175e-14;muc16_mut
2559;nek1_mut;378.6284625468012;3.536866280034661e-14;map3k1_mut
6145;foxo1_mut;189.90867780442946;3.626492311059208e-14;cbfb_mut
6453;braf_mut;189.8106526424215;3.7481415842161794e-14;myh9_mut
3030;stk11_mut;90.5263826512539;3.9044379710400885e-14;akt1_mut
1665;gldc_mut;284.6343518630385;4.182233607937054e-14;gata3_mut
3472;tumor_size;189.4121398742988;4.285820473883945e-14;cbfb_mut
4273;large1_mut;118.2585535880372;4.485645135827779e-14;egfr_mut
3261;sik2_mut;89.82582110549608;5.335962810985158e-14;chek2_mut
3258;sik2_mut;89.82582110549605;5.335962810985236e-14;gh1_mut
3552;tumor_size;94.37503813792561;5.6228654334906915e-14;clk3_mut
1891;sbno1_mut;117.50443287843396;6.085139822828629e-14;egfr_mut
6152;foxo1_mut;189.83842988748484;6.41944920185014e-14;thada_mut
3308;ptpn22_mut;284.18192970040116;7.167986388503099e-14;kmt2d_mut
2466;npnt_mut;145.08412651488084;7.774186250643383e-14;fancd2_mut
2300;fam20c_mut;167.47312705557218;8.44456980025266e-14;shank2_mut
6885;tbl1xr1_mut;237.4658644406534;8.768687275153728e-14;tbx3_mut
4268;large1_mut;118.28158294593275;9.86403958718472e-14;pbrm1_mut
6706;nr3c1_mut;528.0090389538585;1.0935671594037292e-13;nottingham_prognostic_index
1407;myo3a_mut;166.69251084317509;1.1096764974831543e-13;shank2_mut
4836;ppp2r2a_mut;145.80209325656307;1.1541270668388375e-13;asxl2_mut
2182;er_status_measured_by_ihc;125.46183779457667;1.2243078280885186e-13;l1cam_mut
859;ep300_mut;103.46789277315591;1.2554297826397211e-13;dcaf4l2_mut
4097;prkacg_mut;147.21068538937214;1.3197704936135537e-13;adgra2_mut
2322;fam20c_mut;134.58736297101223;1.3279397379892555e-13;foxo3_mut
1830;sbno1_mut;235.83606619546717;1.4344608929609764e-13;tbx3_mut
1752;gldc_mut;107.26654839345552;1.4632413403180644e-13;palld_mut
3108;stk11_mut;89.83607081610735;1.5021460820669287e-13;prkce_mut
3838;taf4b_mut;105.0137953063678;1.5791780993343718e-13;bcas3_mut
1551;ptprm_mut;163.81676096018705;1.6794700884690122e-13;ros1_mut
4344;tumor_other_histologic_subtype;315.39584730309986;1.7013462384585815e-13;ahnak_mut
4490;oncotree_code;315.39584730309986;1.7013462384585815e-13;ahnak_mut
4636;cancer_type_detailed;315.39584730309986;1.7013462384585815e-13;ahnak_mut
1395;myo3a_mut;186.8706513318361;1.7231764164266711e-13;thada_mut
4065;prkacg_mut;222.928486008132;1.7840890319947328e-13;arid1a_mut
6219;foxo1_mut;93.87468386836557;1.8672919504616854e-13;fbxw7_mut
6272;nt5e_mut;380.08427923990627;1.8758157460824755e-13;syne1_mut
6154;foxo1_mut;189.82915055630187;1.8810922253241555e-13;stab2_mut
2079;kdm3a_mut;58.54680857756567;1.9351830473856803e-13;prps2_mut
4974;nf2_mut;158.04037712130733;2.1311686885106239e-13;usp9x_mut
6880;tbl1xr1_mut;237.527690759352;2.136476161124188e-13;pde4dip_mut
1136;fanca_mut;122.02664383257878;2.2292792628717733e-13;aff2_mut
3332;ptpn22_mut;189.25224113974085;2.2737176270255994e-13;stab2_mut
466;neoplasm_histologic_grade;65.24314738196462;2.286907465195231e-13;tumor_stage
2881;type_of_breast_surgery;86.44602830570314;2.3980821128865023e-13;akt1_mut
1960;kdm3a_mut;443.2130836834228;2.4925054013687724e-13;ahnak2_mut
6740;nr3c1_mut;211.03766006606594;2.502792254782397e-13;notch1_mut
6593;ccnd3_mut;211.01280023388924;2.522356053028808e-13;ncor2_mut
2749;sik1_mut;157.4060923902626;2.6669454866909224e-13;usp9x_mut
1076;fanca_mut;286.3258879920069;2.936828816338901e-13;ush2a_mut
5092;ldlrap1_mut;236.3736618772427;3.013753383555154e-13;pde4dip_mut
3036;stk11_mut;180.1572372530549;3.1894327235965365e-13;runx1_mut
1435;myo3a_mut;124.77368622962507;3.3268012026947083e-13;lifr_mut
3984;hdac9_mut;105.02251315095728;3.692100018757152e-13;smarcc1_mut
3833;taf4b_mut;105.02251315095728;3.692100018757152e-13;casp8_mut
3835;taf4b_mut;105.02251315095727;3.6921000187571787e-13;smarcc1_mut
3357;ptpn22_mut;140.85387236732075;3.711105228511696e-13;ctcf_mut
3475;tumor_size;189.2989607777406;3.7793427252177434e-13;col22a1_mut
3550;tumor_size;94.40425393546415;3.833653682804349e-13;rpgr_mut
3401;ptpn22_mut;94.40425393546415;3.833653682804349e-13;rpgr_mut
4968;nf2_mut;158.06867922942791;3.842503969278732e-13;lamb3_mut
3402;ptpn22_mut;94.39450501997196;3.84966788435389e-13;foxp1_mut
5043;nf2_mut;77.96125742580888;4.101800901933202e-13;akt2_mut
4832;ppp2r2a_mut;145.80824129253122;4.170845981445036e-13;alk_mut
2670;nek1_mut;75.29810794210697;4.2990780389316314e-13;prkg1_mut
1370;myo3a_mut;313.23793535092193;4.351848018433234e-13;dnah11_mut
1564;ptprm_mut;152.40863730806427;4.665663717089544e-13;rb1_mut
1140;fanca_mut;121.95954033786428;4.78280004254351e-13;l1cam_mut
5226;clrn2_mut;505.3534842634497;4.957655949439254e-13;muc16_mut
312;primary_tumor_laterality;520.506616022177;5.276946911831884e-13;nottingham_prognostic_index
3309;ptpn22_mut;284.1729991639752;5.288562413828141e-13;ush2a_mut
3186;sik2_mut;180.14741383266792;5.477056502383699e-13;nf1_mut
3037;stk11_mut;180.14741383266792;5.477056502383699e-13;nf1_mut
3785;taf4b_mut;156.8262931702017;5.93716161638568e-13;lamb3_mut
985;myo1a_mut;119.42021333883295;6.167683031155688e-13;cacna2d3_mut
3162;sik2_mut;270.56201800834117;6.367131801382374e-13;dnah5_mut
5970;magea8_mut;561.6024196290518;6.52766978653148e-13;tp53_mut
3688;flt3_mut;99.46422224255832;6.695300308872255e-13;dcaf4l2_mut
3694;flt3_mut;99.42722462285006;6.799267793736293e-13;nrg3_mut
4966;nf2_mut;158.09713515335358;6.859050018129814e-13;map2k4_mut
5264;clrn2_mut;158.09713515335352;6.859050018130004e-13;map2k4_mut
4973;nf2_mut;158.04037712130736;6.995759480413769e-13;ptprd_mut
4780;ppp2r2a_mut;438.57314509470586;7.075725354287209e-13;ahnak2_mut
780;ep300_mut;270.15288359842157;7.132008562547415e-13;dnah5_mut
4190;large1_mut;319.68537530340814;7.20154726904102e-13;pik3ca_mut
4124;prkacg_mut;111.26891195937547;7.441078847288536e-13;egfr_mut
4829;ppp2r2a_mut;145.83908100884227;7.71140421639641e-13;afdn_mut
4700;cancer_type_detailed;126.23205094887467;7.863816900696715e-13;arid2_mut
4554;oncotree_code;126.23205094887467;7.863816900696715e-13;arid2_mut
4408;tumor_other_histologic_subtype;126.23205094887467;7.863816900696715e-13;arid2_mut
3979;hdac9_mut;105.0399766778518;8.390827836925161e-13;agmo_mut
2748;sik1_mut;157.4060923902626;8.720211521484923e-13;ptprd_mut
2957;type_of_breast_surgery;85.72997133932311;9.10635008323626e-13;prkcz_mut
2959;type_of_breast_surgery;85.71916753164356;9.149490893769248e-13;prkce_mut
2730;sik1_mut;196.00597270554528;9.189228341586085e-13;col12a1_mut
3398;ptpn22_mut;94.42378279747929;9.49533185508678e-13;ttyh1_mut
3547;tumor_size;94.42378279747929;9.49533185508678e-13;ttyh1_mut
6892;tbl1xr1_mut;195.85879414130466;9.627546733467545e-13;col12a1_mut
2813;sik1_mut;78.50434978183618;9.853784325596342e-13;gpr32_mut
2319;fam20c_mut;134.64095829863552;9.896357883036597e-13;kdm6a_mut
786;ep300_mut;218.73518701091024;1.0186930116128e-12;utrn_mut
3099;stk11_mut;89.8977974552901;1.0363765954335718e-12;fbxw7_mut
3248;sik2_mut;89.89779745529009;1.0363765954335796e-12;fbxw7_mut
1472;myo3a_mut;82.93176411777809;1.1353669265164639e-12;gh1_mut
5116;ldlrap1_mut;158.0743580689098;1.2340935256394805e-12;ros1_mut
6151;foxo1_mut;189.8384298874849;1.4657105688737467e-12;atr_mut
3689;flt3_mut;99.45495809362765;1.576602333757615e-12;bcas3_mut
3693;flt3_mut;99.43645929942534;1.5886525438854683e-12;brip1_mut
6737;nr3c1_mut;211.04598336350202;1.6633345692253077e-12;col6a3_mut
6739;nr3c1_mut;211.03766006606597;1.667548198508615e-12;lama2_mut
1747;gldc_mut;107.28361463064783;1.675828999095258e-12;zfp36l1_mut
2704;sik1_mut;434.53656912111035;1.734968129816505e-12;ahnak2_mut
3478;tumor_size;189.2708983088074;1.7559027083207665e-12;atr_mut
2318;fam20c_mut;134.6409582986356;1.8936913407615765e-12;taf1_mut
1976;kdm3a_mut;236.02717853220642;1.9147028708856912e-12;tg_mut
3915;hdac9_mut;210.53154781012455;1.9446450777520305e-12;col6a3_mut
2795;sik1_mut;96.80009124466014;2.0248404493767105e-12;dcaf4l2_mut
3549;tumor_size;94.4140131891488;2.3083562533094155e-12;map3k13_mut
3400;ptpn22_mut;94.4140131891488;2.3083562533094155e-12;map3k13_mut
2956;type_of_breast_surgery;85.72997133932311;2.4151372521097215e-12;clk3_mut
4927;nf2_mut;554.9875125590453;2.4213652660988002e-12;tp53_mut
3244;sik2_mut;89.91846041770724;2.5898335558219477e-12;gps2_mut
3103;stk11_mut;89.8771782935352;2.6355716076809673e-12;rpgr_mut
2591;nek1_mut;175.0825821457434;2.8889786810547635e-12;nf1_mut
1115;fanca_mut;141.696167845211;3.3793110997947735e-12;afdn_mut
2312;fam20c_mut;134.70827679782906;3.490563118507022e-12;pik3r1_mut
3683;flt3_mut;99.47349624696658;3.575678164099894e-12;smad4_mut
3685;flt3_mut;99.46422224255832;3.589191278334722e-12;prkcq_mut
3615;flt3_mut;214.49964273076972;3.627955231447398e-12;utrn_mut
6153;foxo1_mut;189.83378768378304;3.933625164558376e-12;ncor1_mut
2173;er_status_measured_by_ihc;125.54848686370536;3.958416341186374e-12;foxo3_mut
3977;hdac9_mut;105.05747742057348;4.071074620153578e-12;smarcc2_mut
2560;nek1_mut;303.0558665957069;4.226690744497803e-12;ahnak_mut
3034;stk11_mut;180.21640335419374;4.255538075249694e-12;stab2_mut
3331;ptpn22_mut;189.26156462110973;4.705583343203029e-12;ncor1_mut
3480;tumor_size;189.26156462110973;4.705583343203029e-12;ncor1_mut
3455;tumor_size;284.47315181202595;4.739862576482211e-12;cdh1_mut
1882;sbno1_mut;117.59748660390028;5.187812250891408e-12;lifr_mut
3545;tumor_size;94.42378279747929;5.405685006700871e-12;nrg3_mut
1717;gldc_mut;133.417892507953;5.562131227313135e-12;pik3r1_mut
4695;cancer_type_detailed;126.25359870604667;5.887552666740027e-12;brca1_mut
4403;tumor_other_histologic_subtype;126.25359870604667;5.887552666740027e-12;brca1_mut
4549;oncotree_code;126.25359870604667;5.887552666740027e-12;brca1_mut
6738;nr3c1_mut;211.04181941298714;6.4952616487363266e-12;arid1a_mut
5561;dtwd2_mut;172.51519242433142;6.648757859540856e-12;nf1_mut
5710;ctnna1_mut;172.5151924243314;6.648757859540953e-12;nf1_mut
5859;agtr2_mut;172.51519242433136;6.648757859541049e-12;nf1_mut
1173;fanca_mut;81.11869964994675;6.7927082856458834e-12;prkce_mut
2601;nek1_mut;151.08137984839547;7.681328314938218e-12;setd2_mut
2599;nek1_mut;151.08137984839547;7.681328314938218e-12;ptprd_mut
4260;large1_mut;118.31240369799691;7.873274356987669e-12;brca2_mut
2815;sik1_mut;78.50434978183615;7.953800095110827e-12;chek2_mut
3827;taf4b_mut;105.05747742057348;8.708007448019738e-12;map3k10_mut
3975;hdac9_mut;105.05747742057346;8.708007448019805e-12;egfr_mut
1521;ptprm_mut;266.53584355677054;9.029938694187491e-12;dnah2_mut
3012;stk11_mut;270.59044552926173;9.477793250638406e-12;ryr2_mut
6735;nr3c1_mut;211.06687243822708;1.0034337142997652e-11;utrn_mut
3637;flt3_mut;148.49454871787287;1.0571156052781342e-11;arid1b_mut
5847;agtr2_mut;172.6407870224161;1.0618890041611978e-11;cbfb_mut
5559;dtwd2_mut;172.53071188776084;1.1000370180300944e-11;myh9_mut
4208;large1_mut;237.0440089914922;1.146351752146991e-11;akap9_mut
3913;hdac9_mut;210.57352532508096;1.1603564312682375e-11;utrn_mut
3395;ptpn22_mut;94.43356277694387;1.2315348186114574e-11;brip1_mut
2593;nek1_mut;151.15318264780615;1.3091192451144096e-11;ros1_mut
1513;ptprm_mut;425.15349796429746;1.3409830395083605e-11;ahnak2_mut
1533;ptprm_mut;203.8108165067507;1.464149914822429e-11;col6a3_mut
2515;npnt_mut;72.41049333805111;1.5150056827877726e-11;gpr32_mut
849;ep300_mut;103.57482673936588;1.5578724180846267e-11;map3k10_mut
1579;ptprm_mut;101.64023643847794;1.5755926736859333e-11;usp28_mut
3942;hdac9_mut;138.98037669968696;1.5922702248496314e-11;setd1a_mut
3152;sik2_mut;361.3233014946967;1.6051332537984815e-11;syne1_mut
1450;myo3a_mut;95.68788228925709;1.6563681577033144e-11;smad4_mut
1595;ptprm_mut;101.47522072568107;1.681505098696262e-11;smarcc2_mut
3674;flt3_mut;99.5106911345826;1.7099475636905282e-11;jak1_mut
6003;magea8_mut;172.56190371573734;1.7971661057762988e-11;thada_mut
5835;agtr2_mut;258.03930603303854;1.92574249319454e-11;dnah5_mut
1880;sbno1_mut;117.61305361305361;2.0002205993384425e-11;arid2_mut
646;cellularity;176.88813023549864;2.0045235539633387e-11;col22a1_mut
2309;fam20c_mut;134.72178397570815;2.172861321167135e-11;alk_mut
1999;kdm3a_mut;146.33102517777317;2.2072875372069206e-11;lamb3_mut
948;myo1a_mut;171.90322855506452;2.2151294247327623e-11;thada_mut
506;neoplasm_histologic_grade;167.09466714790182;2.2911083949201175e-11;runx1_mut
1411;myo3a_mut;137.71706829789363;2.4704032396513386e-11;setd1a_mut
2571;nek1_mut;227.05426295337173;2.471146034987383e-11;tg_mut
1672;gldc_mut;269.6970430021962;2.5055709706630464e-11;ush2a_mut
4820;ppp2r2a_mut;145.8887722330423;2.5641986258310887e-11;arid1b_mut
4819;ppp2r2a_mut;145.88877223304226;2.5641986258311274e-11;lamb3_mut
1192;mutation_count;61.15581945957614;2.620321676853999e-11;pam50_+_claudin-low_subtype
3536;tumor_size;94.46296510755113;2.712082041069419e-11;prkcq_mut
3387;ptpn22_mut;94.46296510755111;2.7120820410694377e-11;prkcq_mut
4118;prkacg_mut;111.29358600863402;2.826357472300479e-11;l1cam_mut
843;ep300_mut;103.655326788902;3.1421746915072934e-11;pbrm1_mut
2663;nek1_mut;75.33530259336811;3.175101947004814e-11;gh1_mut
3092;stk11_mut;89.93916732050171;3.4005158759692075e-11;dcaf4l2_mut
3241;sik2_mut;89.93916732050171;3.4005158759692075e-11;dcaf4l2_mut
6506;braf_mut;93.89217422937206;3.410892741706554e-11;casp8_mut
3098;stk11_mut;89.89779745529009;3.45838635467591e-11;nrg3_mut
3247;sik2_mut;89.89779745529009;3.45838635467591e-11;nrg3_mut
1593;ptprm_mut;101.47522072568107;3.536666151820921e-11;egfr_mut
3825;taf4b_mut;105.06624178506549;3.7348658557236036e-11;arid5b_mut
4692;cancer_type_detailed;126.27521582295209;3.8811150650186435e-11;taf1_mut
4546;oncotree_code;126.27521582295209;3.8811150650186435e-11;taf1_mut
4400;tumor_other_histologic_subtype;126.27521582295209;3.8811150650186435e-11;taf1_mut
1966;kdm3a_mut;295.5543444409841;3.953035420697159e-11;dnah11_mut
4817;ppp2r2a_mut;145.92004867273073;4.3993311031416384e-11;map2k4_mut
6005;magea8_mut;172.55148370103328;4.7992724194863424e-11;stab2_mut
2808;sik1_mut;78.52812188074597;5.300227999340627e-11;clk3_mut
4115;prkacg_mut;111.31833918365186;5.502543786178267e-11;lifr_mut
4785;ppp2r2a_mut;292.1736580985656;6.505317218972204e-11;ahnak_mut
4543;oncotree_code;126.29690263502216;7.051011466384386e-11;ctcf_mut
4689;cancer_type_detailed;126.29690263502216;7.051011466384386e-11;ctcf_mut
4397;tumor_other_histologic_subtype;126.29690263502216;7.051011466384386e-11;ctcf_mut
880;ep300_mut;68.83584423303384;7.435668369716044e-11;acvrl1_mut
3677;flt3_mut;99.50137755057645;7.611722593273104e-11;egfr_mut
5999;magea8_mut;172.5775765832485;7.680838769620738e-11;col22a1_mut
5552;dtwd2_mut;172.57757658324846;7.680838769620846e-11;col22a1_mut
479;neoplasm_histologic_grade;258.31279056064824;7.867203761339513e-11;dnah2_mut
2424;npnt_mut;203.9411761372097;7.997568156657072e-11;utrn_mut
1841;sbno1_mut;176.8613485280152;8.42809840552505e-11;atr_mut
2166;er_status_measured_by_ihc;125.6502836117647;8.855522715948384e-11;ctcf_mut
1821;sbno1_mut;264.775360160771;8.933468470004495e-11;ush2a_mut
1007;myo1a_mut;91.47810814937833;8.960822547150939e-11;palld_mut
1105;fanca_mut;141.87125211318562;9.908683102916268e-11;lamb3_mut
5827;agtr2_mut;345.3955427026624;9.946233827238404e-11;map3k1_mut
5380;prr16_mut;345.3955427026624;9.946233827238404e-11;map3k1_mut
1379;myo3a_mut;229.13968505965403;1.0156633987745218e-10;akap9_mut
3176;sik2_mut;180.2859229818126;1.1844124060781898e-10;col12a1_mut
3027;stk11_mut;180.2859229818126;1.1844124060781898e-10;col12a1_mut
4193;large1_mut;414.7422914871205;1.2120355156341582e-10;ahnak2_mut
4823;ppp2r2a_mut;145.87630907136895;1.3028087888622308e-10;shank2_mut
3488;tumor_size;140.9991321008752;1.3256198975845404e-10;arid1b_mut
1697;gldc_mut;161.52651256773714;1.344138435513788e-10;runx1_mut
3814;taf4b_mut;105.11902481870668;1.460000256794692e-10;cacna2d3_mut
3965;hdac9_mut;105.11020413715394;1.4648331058136761e-10;aff2_mut
6293;nt5e_mut;189.9228671846679;1.5174523627354479e-10;notch1_mut
3157;sik2_mut;270.9491487589825;1.524133075127051e-10;cdh1_mut
6271;nt5e_mut;380.0930535128265;1.5317939499119883e-10;kmt2c_mut
3680;flt3_mut;99.49207388519012;1.558860040027122e-10;erbb4_mut
3087;stk11_mut;89.94953729336393;1.6465158772468312e-10;smad4_mut
3236;sik2_mut;89.94953729336393;1.6465158772468312e-10;smad4_mut
3089;stk11_mut;89.93916732050171;1.653311205716917e-10;prkcq_mut
3239;sik2_mut;89.93916732050171;1.653311205716917e-10;smarcc1_mut
1512;ptprm_mut;476.3175555637141;1.7651865031193964e-10;muc16_mut
2945;type_of_breast_surgery;85.80591929591061;1.8196778550350166e-10;cdkn1b_mut
6636;ccnd3_mut;104.51219956824177;1.8323065906116416e-10;cacna2d3_mut
6785;nr3c1_mut;104.51219956824177;1.8323065906116416e-10;cacna2d3_mut
3618;flt3_mut;199.42932103150537;1.9149457673021305e-10;arid1a_mut
1420;myo3a_mut;125.03742175535942;1.9762549196589814e-10;asxl2_mut
1011;myo1a_mut;79.55058211603682;2.0049599701809774e-10;gps2_mut
4113;prkacg_mut;111.32660789131377;2.0171026320353296e-10;arid2_mut
4928;nf2_mut;475.139060603381;2.2165301469108826e-10;muc16_mut
1071;fanca_mut;287.1085474485577;2.2451610107889076e-10;ahnak_mut
1364;myo3a_mut;411.48867764403036;2.375469261768097e-10;ahnak2_mut
2580;nek1_mut;188.18018662409082;2.5244600882116304e-10;ncor2_mut
6269;nt5e_mut;474.4039112238903;2.553671069538323e-10;muc16_mut
1397;myo3a_mut;167.08066264111181;2.604900966008695e-10;stab2_mut
2422;npnt_mut;218.31544845822964;2.7740605143642975e-10;tg_mut
1121;fanca_mut;122.29722360470349;2.8642578041394174e-10;pik3r1_mut
2513;npnt_mut;72.42346310906821;2.864763497638755e-10;prkce_mut
3969;hdac9_mut;105.08379857498171;2.875878741992036e-10;l1cam_mut
1126;fanca_mut;122.20664304402261;2.955995297653225e-10;fancd2_mut
2798;sik1_mut;78.61172190144745;2.9574639360804503e-10;gps2_mut
3669;flt3_mut;99.5386915571873;3.0641173595003617e-10;ncoa3_mut
5404;prr16_mut;172.57234656882963;3.0948190015760436e-10;pten_mut
5704;ctnna1_mut;172.5619037157373;3.1045591144092217e-10;atr_mut
1063;fanca_mut;294.56968202258037;3.607357068441283e-10;pik3ca_mut
1079;fanca_mut;224.3621514527116;3.687879953548478e-10;herc2_mut
5023;nf2_mut;78.02084823334931;3.7753276388783194e-10;gps2_mut
5329;clrn2_mut;77.99909846421474;3.8093830406279866e-10;rpgr_mut
2947;type_of_breast_surgery;85.8059192959106;3.973657905183034e-10;men1_mut
2948;type_of_breast_surgery;85.79503503461623;3.990908605911701e-10;brip1_mut
6731;nr3c1_mut;211.13450344925172;4.1407983304771817e-10;pde4dip_mut
3453;tumor_size;284.51031296689473;4.2020202189781047e-10;ahnak_mut
1065;fanca_mut;471.71871244304737;4.2707537619256217e-10;muc16_mut
3790;taf4b_mut;138.98835998246392;4.37702832439702e-10;ptprd_mut
1016;myo1a_mut;79.50318875870585;4.698526925345418e-10;ttyh1_mut
1078;fanca_mut;245.65644137428012;4.894310522730398e-10;dnah5_mut
2165;er_status_measured_by_ihc;125.65028361176469;5.004666609780137e-10;apc_mut
1165;fanca_mut;79.29925943710266;5.106471106540975e-10;ttyh1_mut
3529;tumor_size;94.50231441734621;5.201036505823895e-10;map3k10_mut
1167;fanca_mut;81.23382540374918;5.207921886302183e-10;map3k13_mut
1693;gldc_mut;161.6619291566986;5.386605614129856e-10;thada_mut
5378;prr16_mut;345.56363167614404;5.534591037484868e-10;syne1_mut
5825;agtr2_mut;345.5636316761439;5.534591037485187e-10;syne1_mut
2202;er_status_measured_by_ihc;76.97089315871398;5.820618654620956e-10;gps2_mut
3001;stk11_mut;406.96123607698183;5.984912010616692e-10;ahnak2_mut
2305;fam20c_mut;134.80313336127142;6.060809560504237e-10;thsd7a_mut
3675;flt3_mut;99.5106911345826;6.078491958217554e-10;setdb1_mut
1416;myo3a_mut;125.05955349058766;6.118255125221647e-10;alk_mut
544;neoplasm_histologic_grade;102.9562445777518;6.301764783794525e-10;bap1_mut
2880;type_of_breast_surgery;170.17663803245802;6.343158846105606e-10;pten_mut
4109;prkacg_mut;111.3431718656558;6.930365597327541e-10;foxo3_mut
2740;sik1_mut;157.56637772524292;7.429730658256694e-10;nf1_mut
788;ep300_mut;190.27952818341305;7.443314588129017e-10;col6a3_mut
5557;dtwd2_mut;172.55669085827188;7.594000471913691e-10;ncor1_mut
597;cellularity;48.35692260937133;7.95164276294075e-10;cohort
1731;gldc_mut;107.45528089887637;8.181190024171613e-10;arid2_mut
6290;nt5e_mut;189.93235294633257;8.211712983064724e-10;col6a3_mut
6439;braf_mut;189.93235294633254;8.211712983064837e-10;col6a3_mut
2938;type_of_breast_surgery;85.838641553802;8.345799417946866e-10;smad4_mut
2942;type_of_breast_surgery;85.82772253703621;8.381635304862968e-10;palld_mut
2941;type_of_breast_surgery;85.82772253703618;8.381635304863086e-10;smarcc1_mut
794;ep300_mut;173.6863140198376;8.436022352567791e-10;col12a1_mut
5251;clrn2_mut;158.25939045467763;9.572937627540266e-10;cbfb_mut
4953;nf2_mut;158.25939045467766;9.572937627540407e-10;cbfb_mut
1895;sbno1_mut;87.2150000227435;1.0160384419074636e-09;agmo_mut
3763;taf4b_mut;210.61573643778345;1.032775164968134e-09;birc6_mut
1018;myo1a_mut;79.47952977359074;1.0566885370026524e-09;map3k13_mut
2365;fam20c_mut;67.18891798933453;1.0710235287311503e-09;gh1_mut
2368;fam20c_mut;67.18891798933453;1.0710235287311503e-09;chek2_mut
4248;large1_mut;118.39784465860086;1.102689858034938e-09;pik3r1_mut
4251;large1_mut;118.3822348108817;1.1086139570636929e-09;ctcf_mut
5551;dtwd2_mut;172.58805383496562;1.1640037874425563e-09;col12a1_mut
5402;prr16_mut;172.58805383496565;1.1640037874425727e-09;col12a1_mut
5998;magea8_mut;172.5880538349656;1.1640037874425733e-09;col12a1_mut
3753;taf4b_mut;262.66899926555243;1.1780204940722852e-09;cdh1_mut
724;cellularity;68.91812227041855;1.268981130739596e-09;prkcz_mut
2575;nek1_mut;188.27129696382087;1.3114994216747094e-09;col6a3_mut
662;cellularity;138.69567239139514;1.3385617960153547e-09;shank2_mut
2019;kdm3a_mut;117.73819163292846;1.3825132493261123e-09;asxl1_mut
3232;sik2_mut;89.98071350905998;1.452196242073633e-09;smarcc2_mut
3083;stk11_mut;89.98071350905998;1.452196242073633e-09;smarcc2_mut
3086;stk11_mut;89.94953729336393;1.4695521581114251e-09;zfp36l1_mut
2805;sik1_mut;78.57581733264142;1.5192405537356934e-09;map3k13_mut
5109;ldlrap1_mut;158.17184947577888;1.5552386878928234e-09;thada_mut
5258;clrn2_mut;158.17184947577888;1.5552386878928234e-09;thada_mut
3642;flt3_mut;131.58159597430736;1.7401204667421473e-09;usp9x_mut
4930;nf2_mut;368.23886378054294;1.865983741230685e-09;kmt2c_mut
4049;prkacg_mut;278.18752085418754;1.8832602625761166e-09;ahnak_mut
2276;fam20c_mut;202.55050868784184;1.969008388099203e-09;tbx3_mut
4074;prkacg_mut;166.27772600186393;2.0108002207431584e-09;atr_mut
1548;ptprm_mut;152.76508490673692;2.02633761492735e-09;runx1_mut
3175;sik2_mut;180.35597884898328;2.3809247772611056e-09;ncor2_mut
1406;myo3a_mut;84.85827619653216;2.5295806664141627e-09;sf3b1_mut
6440;braf_mut;189.9276074422255;2.7498425955396904e-09;arid1a_mut
3077;stk11_mut;89.99112773889449;2.8705693331355423e-09;chd1_mut
3231;sik2_mut;89.98071350906;2.8818242381688047e-09;map3k10_mut
3081;stk11_mut;89.98071350906;2.8818242381688047e-09;egfr_mut
3230;sik2_mut;89.98071350906;2.8818242381688047e-09;egfr_mut
3426;tumor_size;45.621811061163704;2.9520622610693327e-09;cohort
2260;fam20c_mut;242.61202945844263;2.9550650056649786e-09;gata3_mut
1377;myo3a_mut;216.36754249677324;3.029535618542532e-09;herc2_mut
837;ep300_mut;103.76306197106197;3.055565345533714e-09;arid2_mut
2801;sik1_mut;78.58777282389903;3.2531041899720377e-09;nrg3_mut
1677;gldc_mut;215.82215962559383;3.4890023607473163e-09;akap9_mut
6878;tbl1xr1_mut;237.57949729024398;3.731086071146448e-09;dnah5_mut
4962;nf2_mut;158.16028583417042;3.8173558785721465e-09;stab2_mut
4094;prkacg_mut;111.46012031448925;3.8400046594773075e-09;erbb3_mut
3377;ptpn22_mut;94.51217796368479;3.853762128204068e-09;setdb1_mut
6288;nt5e_mut;189.95615947082138;4.0344803678628884e-09;utrn_mut
2013;kdm3a_mut;117.80116474841986;4.082431513702742e-09;adgra2_mut
3466;tumor_size;189.50760725874298;4.55873229465586e-09;utrn_mut
3317;ptpn22_mut;189.50760725874298;4.55873229465586e-09;utrn_mut
2110;er_status_measured_by_ihc;335.64147229754155;4.653102427362248e-09;syne1_mut
1725;gldc_mut;107.52446258896633;4.769019799324407e-09;ctnna3_mut
1155;fanca_mut;81.34956320302636;4.7976264591675396e-09;smarcc1_mut
3076;stk11_mut;90.01198954188209;5.537523403526294e-09;pbrm1_mut
1385;myo3a_mut;187.269472861304;5.690504775768576e-09;arid1a_mut
4329;tumor_other_histologic_subtype;472.44159737442635;5.831457448334861e-09;nottingham_prognostic_index
4475;oncotree_code;472.44159737442635;5.831457448334861e-09;nottingham_prognostic_index
4621;cancer_type_detailed;472.44159737442635;5.831457448334861e-09;nottingham_prognostic_index
4956;nf2_mut;158.18924248606012;5.8544760534286945e-09;col22a1_mut
1530;ptprm_mut;203.9868152214296;5.996174398458004e-09;birc6_mut
1836;sbno1_mut;177.04552753643662;6.0239058756227165e-09;ncor2_mut
2800;sik1_mut;78.59974100676092;6.777513426678792e-09;brip1_mut
2934;type_of_breast_surgery;85.87146841134573;6.875827375020469e-09;smarcc2_mut
1863;sbno1_mut;117.80116474841984;6.963179464896083e-09;alk_mut
3367;ptpn22_mut;94.571580775912;7.090842548200222e-09;cacna2d3_mut
3518;tumor_size;94.56165384951451;7.116310473108858e-09;aff2_mut
3369;ptpn22_mut;94.56165384951451;7.116310473108858e-09;aff2_mut
2137;er_status_measured_by_ihc;62.71183385807604;7.199235792842382e-09;akt1_mut
2589;nek1_mut;151.28604198295864;7.787269157683647e-09;myh9_mut
3745;taf4b_mut;456.00993392862233;7.876119721262205e-09;muc16_mut
4305;large1_mut;58.13272583201269;8.161237943904443e-09;acvrl1_mut
1778;gldc_mut;53.55235070086441;8.43037151979622e-09;frmd3_mut
1184;fanca_mut;40.46001529296862;8.512046852409094e-09;ndfip1_mut
771;ep300_mut;238.26483439233732;8.545534154450818e-09;gata3_mut
4530;oncotree_code;126.37702270613649;9.29451051312992e-09;usp9x_mut
4384;tumor_other_histologic_subtype;126.37702270613649;9.29451051312992e-09;usp9x_mut
4676;cancer_type_detailed;126.37702270613649;9.29451051312992e-09;usp9x_mut
515;neoplasm_histologic_grade;129.27797212059224;9.910318065229635e-09;ptprd_mut
3006;stk11_mut;270.98884758364323;9.930592255194065e-09;ahnak_mut
3599;flt3_mut;331.83170167623325;1.0312935108654535e-08;syne1_mut
3073;stk11_mut;90.02243715063935;1.0515063277899305e-08;ncoa3_mut
3222;sik2_mut;90.02243715063935;1.0515063277899305e-08;ncoa3_mut
3080;stk11_mut;89.9911277388945;1.0635943285542662e-08;arid5b_mut
3809;taf4b_mut;105.1544020859846;1.0783258514899565e-08;ctnna3_mut
3810;taf4b_mut;105.1455435576223;1.0816028981109989e-08;brca1_mut
2646;nek1_mut;75.47269804003454;1.1066930649749845e-08;dcaf4l2_mut
4346;tumor_other_histologic_subtype;253.24731464648258;1.114874827776659e-08;cdh1_mut
4638;cancer_type_detailed;253.24731464648258;1.114874827776659e-08;cdh1_mut
4492;oncotree_code;253.24731464648258;1.114874827776659e-08;cdh1_mut
2648;nek1_mut;75.44759765041518;1.1176054914211962e-08;cdkn1b_mut
2652;nek1_mut;75.42255052422207;1.1286010336452666e-08;nrg3_mut
1860;sbno1_mut;117.88026346741941;1.1438913973684385e-08;afdn_mut
6730;nr3c1_mut;211.17739163966078;1.1461397362496544e-08;herc2_mut
1865;sbno1_mut;117.80116474841985;1.1737860784424071e-08;ubr5_mut
4103;prkacg_mut;111.39307728781414;1.1816731716714569e-08;asxl1_mut
4104;prkacg_mut;111.38473739439924;1.1849667586038042e-08;fancd2_mut
1529;ptprm_mut;204.11118436902578;1.1945751247799909e-08;tg_mut
1664;gldc_mut;330.7597041633705;1.2872790871611878e-08;syne1_mut
3372;ptpn22_mut;94.54183179680408;1.3239930601337595e-08;bap1_mut
3521;tumor_size;94.54183179680408;1.3239930601337595e-08;bap1_mut
2928;type_of_breast_surgery;85.8824340282935;1.3287049059983013e-08;chd1_mut
1409;myo3a_mut;125.23746871562255;1.3347878351490158e-08;usp9x_mut
3007;stk11_mut;270.9789056570509;1.3416486567613307e-08;dnah11_mut
3156;sik2_mut;270.97890565705086;1.3416486567613689e-08;dnah11_mut
2355;fam20c_mut;67.28766776198584;1.3525199226435856e-08;fbxw7_mut
1412;myo3a_mut;125.19284580955951;1.353789841429358e-08;thsd7a_mut
2790;sik1_mut;78.64774105930283;1.3570331422722069e-08;smad4_mut
2792;sik1_mut;78.63572190739043;1.363293393403944e-08;prkcq_mut
2791;sik1_mut;78.63572190739042;1.3632933934039537e-08;casp8_mut
1724;gldc_mut;107.55916477793312;1.4452961860540419e-08;kdm6a_mut
1371;myo3a_mut;251.97862583913388;1.4987320137581924e-08;cdh1_mut
4378;tumor_other_histologic_subtype;126.41375674219066;1.5010433760498727e-08;lamb3_mut
4670;cancer_type_detailed;126.41375674219066;1.5010433760498727e-08;lamb3_mut
4524;oncotree_code;126.41375674219066;1.5010433760498727e-08;lamb3_mut
4240;large1_mut;118.460621377359;1.5813358441619975e-08;setd1a_mut
832;ep300_mut;103.84416630878333;1.687044238073381e-08;brca1_mut
2273;fam20c_mut;202.7242558158926;1.7043890088530158e-08;tg_mut
783;ep300_mut;208.9415954734813;2.014334126422566e-08;akap9_mut
5846;agtr2_mut;172.65672066545673;2.0202641059002185e-08;notch1_mut
5697;ctnna1_mut;172.6567206654567;2.0202641059002473e-08;notch1_mut
5997;magea8_mut;172.62490605257562;2.0378845028198108e-08;ncor2_mut
5106;ldlrap1_mut;158.18343846235533;2.0788574865706548e-08;pten_mut
5108;ldlrap1_mut;158.1718494757789;2.0856961742890025e-08;atr_mut
4959;nf2_mut;158.17184947577886;2.0856961742890637e-08;atr_mut
1404;myo3a_mut;125.3494492332766;2.0964199264118242e-08;arid1b_mut
3903;hdac9_mut;235.79816955276291;2.1309084571234774e-08;dnah2_mut
1775;gldc_mut;53.60589912371815;2.2430627238346602e-08;cdkn2a_mut
2650;nek1_mut;75.44759765041519;2.293889499521404e-08;men1_mut
1831;sbno1_mut;177.16967254598686;2.7598492336223132e-08;col6a3_mut
1833;sbno1_mut;177.13853335412205;2.782946833692666e-08;lama2_mut
2359;fam20c_mut;67.25937878176686;2.9983405655778835e-08;rpgr_mut
548;neoplasm_histologic_grade;79.94461945488474;3.241406324157167e-08;jak1_mut
1183;fanca_mut;40.48379572040504;3.437548009340324e-08;mtap_mut
1410;myo3a_mut;125.23746871562255;3.4964103325720655e-08;setd2_mut
1576;ptprm_mut;101.6771227660854;3.517065195241328e-08;ctnna3_mut
1577;ptprm_mut;101.65866972377938;3.539027720774894e-08;brca1_mut
485;neoplasm_histologic_grade;194.32943053225995;3.550405243111141e-08;pde4dip_mut
3069;stk11_mut;90.0538470203898;3.5715164555379153e-08;cacna2d3_mut
3220;sik2_mut;90.04336587197675;3.5848099651492076e-08;aff2_mut
6877;tbl1xr1_mut;237.59070537360495;3.5863012650412935e-08;ryr2_mut
4153;prkacg_mut;54.642210921280686;3.6831438985009725e-08;gpr32_mut
4156;prkacg_mut;54.63413334094791;3.6959488105066903e-08;acvrl1_mut
4814;ppp2r2a_mut;145.96412234633425;3.696177814068563e-08;myh9_mut
1989;kdm3a_mut;58.75837668207146;3.7974360179111385e-08;akt1_mut
2071;kdm3a_mut;58.70841916481451;3.877581244061082e-08;chek2_mut
2212;er_status_measured_by_ihc;62.69550364309524;3.9293404938522024e-08;clk3_mut
3662;flt3_mut;99.58555878845641;4.1186920964977075e-08;foxo3_mut
1720;gldc_mut;107.61135791437486;4.131099074425812e-08;ctcf_mut
2582;nek1_mut;151.39593699522888;4.1454502653428734e-08;col22a1_mut
1722;gldc_mut;107.57654381298732;4.178556326555243e-08;fancd2_mut
3515;tumor_size;94.571580775912;4.251092408267889e-08;brca2_mut
4244;large1_mut;118.42916533418611;4.3127218488789206e-08;rb1_mut
4873;ppp2r2a_mut;71.92229284086822;4.394313302153125e-08;cdkn1b_mut
2644;nek1_mut;75.47269804003454;4.543808407556682e-08;smarcc1_mut
2643;nek1_mut;75.47269804003454;4.543808407556682e-08;prkcq_mut
2645;nek1_mut;75.47269804003453;4.5438084075567144e-08;palld_mut
4961;nf2_mut;158.16606449205293;4.6901136731736134e-08;ncor1_mut
1971;kdm3a_mut;236.34183202639954;4.794549708665973e-08;ryr2_mut
5082;ldlrap1_mut;316.6294048200315;4.8550460984147195e-08;map3k1_mut
3168;sik2_mut;180.48752659512292;5.0529708638944106e-08;utrn_mut
3019;stk11_mut;180.4875265951229;5.052970863894483e-08;utrn_mut
3899;hdac9_mut;316.27408141352936;5.217614427471007e-08;map3k1_mut
1367;myo3a_mut;230.63263480264033;5.252995764844667e-08;gata3_mut
3807;taf4b_mut;105.17214765728548;5.4622525888532946e-08;taf1_mut
4008;hdac9_mut;51.52484602316797;5.5585551839993685e-08;cdkn2a_mut
4101;prkacg_mut;111.40142614403764;5.593914034060282e-08;apc_mut
1774;gldc_mut;53.60589912371815;5.745184392538264e-08;acvrl1_mut
3467;tumor_size;189.4980128660301;6.023794184343286e-08;tbx3_mut
869;ep300_mut;69.02823349330238;6.594503575208383e-08;map3k13_mut
4955;nf2_mut;158.2008696466103;6.890299198600384e-08;col12a1_mut
2498;npnt_mut;72.54081128169261;6.970192077061662e-08;bcas3_mut
1390;myo3a_mut;158.08458613855893;7.113544087529935e-08;col12a1_mut
3517;tumor_size;94.57158077591201;7.47506509959534e-08;arid2_mut
3368;ptpn22_mut;94.57158077591201;7.47506509959534e-08;arid2_mut
3558;tumor_size;46.25030455645179;7.814273489085315e-08;kras_mut
1626;ptprm_mut;50.6747758354436;8.040971113109231e-08;cdkn2a_mut
1110;fanca_mut;122.50246201834351;8.097991298578082e-08;ptprd_mut
829;ep300_mut;103.92553171196946;8.220182347338747e-08;taf1_mut
4480;oncotree_code;38.547244603018775;8.639797020410688e-08;tumor_stage
4334;tumor_other_histologic_subtype;38.547244603018775;8.639797020410688e-08;tumor_stage
4626;cancer_type_detailed;38.547244603018775;8.639797020410688e-08;tumor_stage
2067;kdm3a_mut;58.724674232870946;8.87154005713888e-08;prkce_mut
1918;sbno1_mut;58.724674232870946;8.87154005713888e-08;prkce_mut
3950;hdac9_mut;105.21667863637029;9.023395221442811e-08;pik3r1_mut
3804;taf4b_mut;105.1988375305102;9.075762617022024e-08;ctcf_mut
5992;magea8_mut;172.66737248659288;9.09076904707462e-08;col6a3_mut
5694;ctnna1_mut;172.66737248659288;9.09076904707462e-08;col6a3_mut
5545;dtwd2_mut;172.66737248659288;9.09076904707462e-08;col6a3_mut
5398;prr16_mut;172.65672066545676;9.116157607695018e-08;lama2_mut
3806;taf4b_mut;105.18103473083553;9.128315866660725e-08;fancd2_mut
2272;fam20c_mut;202.76471030410343;9.280094118856558e-08;akap9_mut
1563;ptprm_mut;101.90011195692912;9.498475541911619e-08;erbb3_mut
2786;sik1_mut;78.68387535564901;9.846554987208257e-08;smarcc2_mut
3299;ptpn22_mut;380.09149050450293;1.0563784345192675e-07;ahnak2_mut
6772;nr3c1_mut;104.55524566991991;1.1178730490630143e-07;pik3r1_mut
1978;kdm3a_mut;177.24782293178515;1.1694288287982832e-07;utrn_mut
716;cellularity;69.05583431707569;1.3192807280754217e-07;nrg3_mut
446;neoplasm_histologic_grade;40.24134012182512;1.3350236297610747e-07;cancer_type_detailed
461;neoplasm_histologic_grade;40.24134012182512;1.3350236297610747e-07;oncotree_code
2492;npnt_mut;72.56704123375322;1.3545350620802856e-07;smad4_mut
2495;npnt_mut;72.55391928538053;1.3611907124942836e-07;smarcc1_mut
2583;nek1_mut;151.383672912581;1.3838810887994608e-07;pten_mut
596;cellularity;42.60958926345357;1.3934256036923013e-07;pam50_+_claudin-low_subtype
4645;cancer_type_detailed;188.89922557088238;1.3936914467453252e-07;pde4dip_mut
4353;tumor_other_histologic_subtype;188.89922557088238;1.3936914467453252e-07;pde4dip_mut
4499;oncotree_code;188.89922557088238;1.3936914467453252e-07;pde4dip_mut
3482;tumor_size;141.10974108784112;1.478357898224647e-07;myh9_mut
3802;taf4b_mut;105.21667863637028;1.493622705080623e-07;asxl2_mut
553;neoplasm_histologic_grade;77.33391030159775;1.608617020322837e-07;smarcc2_mut
4779;ppp2r2a_mut;438.6611420187074;1.6194873451310988e-07;muc16_mut
5675;ctnna1_mut;345.57373240840036;1.6317345900205437e-07;kmt2c_mut
5377;prr16_mut;345.57373240840036;1.6317345900205437e-07;kmt2c_mut
5526;dtwd2_mut;345.5737324084003;1.631734590020637e-07;kmt2c_mut
2632;nek1_mut;75.53568315950847;1.6511955561803318e-07;jak1_mut
5530;dtwd2_mut;258.2419440042261;1.6637556253092812e-07;ahnak_mut
3302;ptpn22_mut;225.40637592047227;1.755111002842719e-07;gata3_mut
2785;sik1_mut;78.68387535564898;1.8320711910374776e-07;map3k10_mut
2784;sik1_mut;78.68387535564896;1.8320711910374916e-07;egfr_mut
789;ep300_mut;174.0566038604976;1.8598472476113225e-07;arid1a_mut
768;ep300_mut;376.9090326736026;1.8783459120788442e-07;ahnak2_mut
2328;fam20c_mut;88.53736661428296;1.9222309036691998e-07;lifr_mut
4085;prkacg_mut;96.5537446438855;1.9398866918218926e-07;erbb2_mut
1915;sbno1_mut;58.740946502057604;1.9481855283858293e-07;clk3_mut
1109;fanca_mut;122.57131930239997;1.9559735313686346e-07;shank2_mut
3217;sik2_mut;90.05384702038981;1.995455249724802e-07;brca2_mut
3659;flt3_mut;99.62323360569548;1.997222105995025e-07;kdm6a_mut
6138;foxo1_mut;189.98009847457823;2.0854429859973208e-07;birc6_mut
6287;nt5e_mut;189.98009847457826;2.0854429859973208e-07;birc6_mut
6436;braf_mut;189.98009847457826;2.0854429859973208e-07;birc6_mut
4931;nf2_mut;316.8197295082796;2.097875671050824e-07;syne1_mut
3364;ptpn22_mut;94.59146651390955;2.1933493951898512e-07;foxo3_mut
3513;tumor_size;94.59146651390957;2.1933493951898668e-07;foxo3_mut
5531;dtwd2_mut;258.23722405989486;2.193406893445707e-07;dnah11_mut
3897;hdac9_mut;316.5604766761211;2.20595900935756e-07;syne1_mut
4725;cancer_type_detailed;62.168833716101126;2.2472319430826894e-07;gps2_mut
4579;oncotree_code;62.168833716101126;2.2472319430826894e-07;gps2_mut
4433;tumor_other_histologic_subtype;62.168833716101126;2.2472319430826894e-07;gps2_mut
3316;ptpn22_mut;189.55573939580833;2.3133957076594403e-07;birc6_mut
3948;hdac9_mut;105.22561359277653;2.435239848830393e-07;adgra2_mut
6714;nr3c1_mut;265.4419363699329;2.4368512625644323e-07;pik3ca_mut
6570;ccnd3_mut;316.02705235945064;2.4456972635990825e-07;syne1_mut
2354;fam20c_mut;67.28766776198584;2.5819520636976874e-07;nrg3_mut
653;cellularity;139.07082423394476;2.6191758967620725e-07;myh9_mut
5695;ctnna1_mut;172.66204363027785;2.651979520708402e-07;arid1a_mut
2925;type_of_breast_surgery;85.9154011340239;2.695143890363423e-07;bap1_mut
2926;type_of_breast_surgery;85.90440037088796;2.705308059771597e-07;l1cam_mut
418;primary_tumor_laterality;68.9322340574187;2.718351353730592e-07;men1_mut
4237;large1_mut;118.46850664223545;2.736713926722112e-07;ptprd_mut
1572;ptprm_mut;101.75113314199379;2.7497188903797964e-07;asxl1_mut
1811;sbno1_mut;374.47128730932883;2.902721886746845e-07;ahnak2_mut
2637;nek1_mut;75.5230592905974;3.092242802526673e-07;smarcc2_mut
2006;kdm3a_mut;117.92792792792791;3.215437001478105e-07;setd2_mut
1855;sbno1_mut;117.92792792792791;3.215437001478105e-07;ptprd_mut
1125;fanca_mut;101.02122062304635;3.468121168578047e-07;asxl1_mut
2207;er_status_measured_by_ihc;62.77161262074816;3.6397417659132477e-07;ttyh1_mut
3511;tumor_size;94.61139487942692;3.664130253505263e-07;ctnna3_mut
1519;ptprm_mut;255.7439692500161;3.7148757688662686e-07;dnah11_mut
5692;ctnna1_mut;172.6941054838672;3.7152621521747897e-07;utrn_mut
5990;magea8_mut;172.69410548386716;3.715262152174845e-07;utrn_mut
2566;nek1_mut;227.30197714707586;3.7233637661090355e-07;ryr2_mut
4095;prkacg_mut;111.45170831208567;3.733674614932277e-07;rb1_mut
2411;npnt_mut;254.29155706046018;3.850472522493521e-07;ahnak_mut
4200;large1_mut;237.4619916232826;3.919256749409139e-07;cdh1_mut
3798;taf4b_mut;105.22561359277655;3.934333750637966e-07;alk_mut
6137;foxo1_mut;190.0138377587559;3.973153594600999e-07;tg_mut
6435;braf_mut;190.01383775875595;3.973153594600999e-07;tg_mut
2870;type_of_breast_surgery;172.29266336494706;4.108241188351329e-07;utrn_mut
1818;sbno1_mut;236.91478652217677;4.4122036988024023e-07;cdh1_mut
1613;ptprm_mut;50.808127544259534;4.477350630047952e-07;or6a2_mut
1619;ptprm_mut;50.73180561386238;4.621501756228675e-07;lipi_mut
1988;kdm3a_mut;146.63332982086408;5.003525380627864e-07;pten_mut
1080;fanca_mut;183.65581737932365;5.03562608152652e-07;pde4dip_mut
942;myo1a_mut;160.26827051603647;5.367590473799425e-07;ncor2_mut
3657;flt3_mut;99.63267758833136;5.379619347772813e-07;fancd2_mut
2113;er_status_measured_by_ihc;252.6763060463523;5.400020068291244e-07;ahnak_mut
352;primary_tumor_laterality;52.28475497077447;5.519356327161972e-07;akt1_mut
2635;nek1_mut;75.52305929059737;5.641946078976034e-07;egfr_mut
2783;sik1_mut;78.69594580290037;5.943123868782142e-07;arid5b_mut
810;ep300_mut;70.17743317411546;6.202379899853786e-07;sf3b1_mut
455;neoplasm_histologic_grade;41.584712236482;6.25051069422316e-07;tumor_other_histologic_subtype
3949;hdac9_mut;105.22561359277654;6.282267563278697e-07;ubr5_mut
1769;gldc_mut;53.64169246400749;6.985450319999869e-07;prkce_mut
1854;sbno1_mut;117.97574722696541;7.538119159586132e-07;shank2_mut
776;ep300_mut;219.95255247645972;7.956389041421971e-07;dnah2_mut
6574;ccnd3_mut;252.05359806389663;8.002394844834613e-07;dnah11_mut
652;cellularity;139.17906534199588;8.174077487839426e-07;stab2_mut
1913;sbno1_mut;58.789866789866785;8.358176738870462e-07;rpgr_mut
817;ep300_mut;104.22612557511638;8.523871847810977e-07;afdn_mut
2420;npnt_mut;181.24228282727654;8.984193554213085e-07;pde4dip_mut
5252;clrn2_mut;158.24176650223154;8.992382178732541e-07;ncor2_mut
4089;prkacg_mut;111.49385926467006;8.998330436223374e-07;usp9x_mut
2710;sik1_mut;251.38901197346885;9.173602471066788e-07;dnah11_mut
1365;myo3a_mut;336.11782684585995;9.259219044434096e-07;kmt2c_mut
2347;fam20c_mut;67.34442619438694;9.304890524634589e-07;palld_mut
2346;fam20c_mut;67.34442619438694;9.304890524634589e-07;smarcc1_mut
3361;ptpn22_mut;94.63136600967718;9.875004887104262e-07;kdm6a_mut
3510;tumor_size;94.63136600967718;9.875004887104262e-07;kdm6a_mut
3015;stk11_mut;180.65206042869573;1.0337963682479137e-06;pde4dip_mut
2782;sik1_mut;78.69594580290037;1.0422687034570014e-06;setdb1_mut
1565;ptprm_mut;101.82546218475215;1.1201926283877565e-06;alk_mut
774;ep300_mut;250.11146103188207;1.191146490111259e-06;dnah11_mut
6764;nr3c1_mut;104.58687327569099;1.202033737621887e-06;setd1a_mut
1732;gldc_mut;79.72866840020257;1.2693191460324512e-06;aff2_mut
3601;flt3_mut;299.659329834065;1.3262004166145914e-06;map3k1_mut
3264;sik2_mut;43.966444612805816;1.431669977637856e-06;akt2_mut
1766;gldc_mut;53.65961754156508;1.4686363118934716e-06;clk3_mut
2847;type_of_breast_surgery;32.51501658933782;1.5011771627985307e-06;tumor_stage
3213;sik2_mut;90.0958839521816;1.565669338331665e-06;ctnna3_mut
3421;tumor_size;23.064767776435236;1.5663476735450693e-06;cancer_type
3214;sik2_mut;90.08535783241047;1.570908757666116e-06;brca1_mut
3360;ptpn22_mut;94.63136600967717;1.5940425414961334e-06;taf1_mut
1562;ptprm_mut;101.91882475734802;1.7122369530935986e-06;afdn_mut
1073;fanca_mut;230.46757396030574;1.7354864111226774e-06;cdh1_mut
1431;myo3a_mut;83.4300044011932;1.8057747838540583e-06;brca2_mut
6283;nt5e_mut;190.08211421558818;1.8412059642138162e-06;herc2_mut
6285;nt5e_mut;190.0283783679973;1.8638202512409425e-06;akap9_mut
3758;taf4b_mut;210.8303651767502;1.877842239785765e-06;dnah5_mut
1585;ptprm_mut;75.30872658490534;1.901143869132678e-06;ncoa3_mut
928;myo1a_mut;219.7278771078248;1.926323757410554e-06;ryr2_mut
3461;tumor_size;189.7608538474781;1.980490316802763e-06;herc2_mut
6545;ccnd3_mut;36.70561036714687;2.009527059403759e-06;pam50_+_claudin-low_subtype
4081;prkacg_mut;111.57884841363102;2.057794317633414e-06;map2k4_mut
4088;prkacg_mut;111.49385926467009;2.1085512789908287e-06;ptprd_mut
3649;flt3_mut;99.68004998777508;2.1444973722329364e-06;alk_mut
6716;nr3c1_mut;422.6782807728222;2.161497933212903e-06;muc16_mut
1620;ptprm_mut;50.71277558203676;2.248694439262078e-06;prkce_mut
3894;hdac9_mut;422.2413194981126;2.31383691166596e-06;muc16_mut
3503;tumor_size;94.68148183679786;2.5014960284282595e-06;pik3r1_mut
3506;tumor_size;94.6614031905318;2.516897381946341e-06;ctcf_mut
3358;ptpn22_mut;94.65138004246285;2.52462035364219e-06;asxl1_mut
638;cellularity;174.19024384339966;2.530364649647205e-06;tbx3_mut
3359;ptpn22_mut;94.64136765461731;2.5323581973713058e-06;fancd2_mut
2203;er_status_measured_by_ihc;62.8021693850103;2.601179020610377e-06;men1_mut
2814;sik1_mut;38.3313001364461;2.620886562798742e-06;kras_mut
2028;kdm3a_mut;77.26832426832428;2.887275073126088e-06;cacna2d3_mut
408;primary_tumor_laterality;69.09994127914997;2.990236903036018e-06;zfp36l1_mut
2778;sik1_mut;78.72012534344559;3.0130360569593145e-06;l1cam_mut
2334;fam20c_mut;67.41571460395254;3.0275099185376842e-06;jak1_mut
618;cellularity;420.4509592482215;3.0538276681465323e-06;muc16_mut
6477;braf_mut;93.98075383844571;3.0976115667841713e-06;ctcf_mut
1536;ptprm_mut;153.240249851015;3.1290817382716975e-06;notch1_mut
2061;kdm3a_mut;58.8062081373322;3.185718390862992e-06;map3k13_mut
3646;flt3_mut;99.72767803967128;3.2903478507861514e-06;afdn_mut
1204;mutation_count;434.0222557749618;3.3593851002056953e-06;nottingham_prognostic_index
5247;clrn2_mut;158.28889375083108;3.3939160506026985e-06;col6a3_mut
4949;nf2_mut;158.28889375083105;3.393916050602748e-06;col6a3_mut
4951;nf2_mut;158.27707286136072;3.40360343853641e-06;lama2_mut
5100;ldlrap1_mut;158.2770728613607;3.4036034385364576e-06;lama2_mut
4855;ppp2r2a_mut;71.9764535200615;3.4057692021586623e-06;pbrm1_mut
3017;stk11_mut;180.61065121527423;3.564761393731468e-06;tg_mut
5544;dtwd2_mut;172.6887470228495;3.5873135562404955e-06;tbx3_mut
5693;ctnna1_mut;172.6887470228495;3.5873135562404955e-06;tbx3_mut
3355;ptpn22_mut;94.68148183679787;3.937325584997037e-06;asxl2_mut
1477;myo3a_mut;41.56571332911695;3.945031011334776e-06;cdkn2a_mut
3063;stk11_mut;90.11697007408355;4.026870223559561e-06;kdm6a_mut
2143;er_status_measured_by_ihc;126.03518547706213;4.20716713915733e-06;runx1_mut
17;tumor_stage;432.46898809001954;4.246122343420637e-06;nottingham_prognostic_index
4210;large1_mut;176.96652377314356;4.494702179493911e-06;birc6_mut
1617;ptprm_mut;50.73180561386239;4.602328271990382e-06;clk3_mut
2197;er_status_measured_by_ihc;62.83279112910074;4.714857262245752e-06;smarcc1_mut
2198;er_status_measured_by_ihc;62.83279112910073;4.7148572622457875e-06;palld_mut
4087;prkacg_mut;111.51925937849056;4.717551781636597e-06;shank2_mut
1399;myo3a_mut;125.57524101274254;4.751006670817212e-06;runx1_mut
2825;type_of_breast_surgery;20.900263088250846;4.838281400403672e-06;cancer_type
695;cellularity;69.3055658643718;4.8768265041384755e-06;chd1_mut
848;ep300_mut;69.27769964956963;4.923312601813715e-06;egfr_mut
868;ep300_mut;44.83593452767013;5.185333602739207e-06;or6a2_mut
2339;fam20c_mut;67.40142653806092;5.373298080129347e-06;smarcc2_mut
3754;taf4b_mut;210.98868629854312;5.395026791720961e-06;dnah2_mut
2342;fam20c_mut;67.35865354080661;5.452751357104586e-06;zfp36l1_mut
3755;taf4b_mut;210.90033122553447;5.4949486357051516e-06;kmt2d_mut
3339;ptpn22_mut;106.63819791828493;5.56240740350876e-06;arid1b_mut
1764;gldc_mut;53.71350676519214;5.775004110598364e-06;rpgr_mut
1179;fanca_mut;40.65096220106883;5.789144645062926e-06;cdkn2a_mut
1765;gldc_mut;53.69552466196914;5.814129528431559e-06;foxp1_mut
1904;sbno1_mut;58.85533632002032;5.863202560314603e-06;cdkn1b_mut
2057;kdm3a_mut;58.82256682309732;5.933107858974858e-06;nrg3_mut
1659;gldc_mut;249.39548313690975;6.0847196308479145e-06;pik3ca_mut
3501;tumor_size;94.69153736981758;6.103697431204433e-06;adgra2_mut
6207;foxo1_mut;61.995678477012156;6.341341531915468e-06;smad4_mut
5837;agtr2_mut;172.78065693036154;6.407938275832583e-06;pde4dip_mut
5688;ctnna1_mut;172.78065693036157;6.407938275832585e-06;pde4dip_mut
800;ep300_mut;139.20619963508364;6.915443865742215e-06;ncor1_mut
813;ep300_mut;104.30872610989366;7.1570935078023375e-06;usp9x_mut
1525;ptprm_mut;204.43550268957938;7.3045203536716655e-06;dnah5_mut
1117;fanca_mut;101.18016373335357;7.68718170829962e-06;rb1_mut
1429;myo3a_mut;83.47588091551195;7.7284972644002e-06;foxo3_mut
3935;hdac9_mut;105.3426494147114;8.00063682775056e-06;arid1b_mut
2629;nek1_mut;75.56097131526738;8.414886626026112e-06;l1cam_mut
1700;gldc_mut;107.91032684198979;8.64195905918665e-06;ros1_mut
2010;kdm3a_mut;87.60586258401794;8.646040579915284e-06;erbb3_mut
1611;ptprm_mut;50.8272586382185;8.813917448339957e-06;fbxw7_mut
2830;type_of_breast_surgery;28.63724276276868;9.26235511767041e-06;cohort
3500;tumor_size;94.69153736981758;9.378099165191469e-06;alk_mut
3351;ptpn22_mut;94.69153736981758;9.378099165191469e-06;alk_mut
3505;tumor_size;94.66140319053179;9.460606813952938e-06;apc_mut
3356;ptpn22_mut;94.66140319053179;9.460606813952938e-06;apc_mut
2725;sik1_mut;157.89439528023593;9.563792987455014e-06;arid1a_mut
1398;myo3a_mut;125.62069500435356;9.636260976975764e-06;myh9_mut
1101;fanca_mut;122.84899990295457;9.689726939871027e-06;runx1_mut
3056;stk11_mut;90.16988387648956;9.734477885175187e-06;pik3r1_mut
3208;sik2_mut;90.14868423593397;9.795853164056054e-06;ctcf_mut
6756;nr3c1_mut;104.61077397452367;9.80990071737152e-06;lamb3_mut
3210;sik2_mut;90.1275301125884;9.857472941415342e-06;fancd2_mut
1761;gldc_mut;53.749528209102;1.0860091265029575e-05;ttyh1_mut
6579;ccnd3_mut;211.20770188027663;1.1227275810769691e-05;ryr2_mut
1383;myo3a_mut;167.6550086582596;1.1277784624594225e-05;tbx3_mut
3029;stk11_mut;134.41715401198417;1.1583633854368955e-05;pten_mut
5393;prr16_mut;172.720987245734;1.1614183899138408e-05;birc6_mut
5989;magea8_mut;172.720987245734;1.1614183899138408e-05;birc6_mut
3783;taf4b_mut;105.38810354455151;1.1714721270077796e-05;map2k4_mut
5245;clrn2_mut;158.3185607722684;1.1745171426688652e-05;utrn_mut
3941;hdac9_mut;105.29744098287047;1.2010245380648013e-05;setd2_mut
1427;myo3a_mut;83.5218557717692;1.2075347155365033e-05;ctnna3_mut
1709;gldc_mut;96.60400997942199;1.245175705906497e-05;setd1a_mut
2869;type_of_breast_surgery;172.3467411281924;1.2611371681495098e-05;birc6_mut
2722;sik1_mut;157.96601097283545;1.2732199366581506e-05;utrn_mut
2773;sik1_mut;78.76863958736298;1.3025703667031e-05;arid2_mut
1762;gldc_mut;42.52630765096123;1.312823721015477e-05;or6a2_mut
6872;tbl1xr1_mut;237.74386306564864;1.352834727075442e-05;dnah11_mut
1102;fanca_mut;122.82572121426429;1.3872128450568848e-05;nf1_mut
3348;ptpn22_mut;94.7419778336158;1.4038563605133316e-05;afdn_mut
3497;tumor_size;94.7419778336158;1.4038563605133316e-05;afdn_mut
2185;er_status_measured_by_ihc;62.909631139924706;1.4349909181779595e-05;jak1_mut
6267;nt5e_mut;244.82384255712483;1.441606674385684e-05;pik3ca_mut
1511;ptprm_mut;462.43032839823513;1.466473554097965e-05;tp53_mut
4063;prkacg_mut;166.46298211689228;1.4707389245381171e-05;tbx3_mut
3165;sik2_mut;180.64169074598388;1.4766306522835851e-05;akap9_mut
3206;sik2_mut;90.16988387648956;1.4971664719698294e-05;asxl2_mut
411;primary_tumor_laterality;59.533370160519596;1.5023126289301018e-05;prkcq_mut
410;primary_tumor_laterality;59.533370160519596;1.5023126289301018e-05;casp8_mut
1361;myo3a_mut;244.4721881730572;1.5388914547325886e-05;pik3ca_mut
2332;fam20c_mut;67.44433648194463;1.551111935888562e-05;pbrm1_mut
6584;ccnd3_mut;173.9095332605051;1.5760058487716503e-05;tg_mut
1616;ptprm_mut;50.769926154309694;1.727156355873139e-05;foxp1_mut
3933;hdac9_mut;105.35172052088342;1.737351097251472e-05;ros1_mut
1670;gldc_mut;205.21908389883225;1.749360642330585e-05;dnah2_mut
1378;myo3a_mut;168.0395840030606;1.8387390929811128e-05;pde4dip_mut
6578;ccnd3_mut;211.22512996197108;1.845131032477755e-05;ush2a_mut
1897;sbno1_mut;58.90462129478086;1.8681340794761548e-05;smad4_mut
2046;kdm3a_mut;58.90462129478086;1.8681340794761548e-05;smad4_mut
2049;kdm3a_mut;58.888175502210586;1.87878915150979e-05;smarcc1_mut
1900;sbno1_mut;58.888175502210586;1.87878915150979e-05;smarcc1_mut
1898;sbno1_mut;58.88817550221058;1.8787891515097973e-05;casp8_mut
619;cellularity;349.4283820041006;1.888445797837887e-05;ahnak2_mut
3452;tumor_size;284.7178142337648;1.922440883369888e-05;map3k1_mut
1100;fanca_mut;122.89563347898878;1.9247395775542185e-05;myh9_mut
3756;taf4b_mut;210.8915507837182;1.970192257088277e-05;ush2a_mut
3895;hdac9_mut;349.1149222647007;1.9826560680766395e-05;ahnak2_mut
5839;agtr2_mut;172.75887401044776;2.020350747292113e-05;tg_mut
5690;ctnna1_mut;172.75887401044773;2.0203507472921134e-05;tg_mut
5392;prr16_mut;172.75887401044773;2.0203507472921134e-05;tg_mut
1763;gldc_mut;53.731507937453564;2.0204581288592054e-05;map3k13_mut
2254;fam20c_mut;242.81280038177354;2.0900191991662765e-05;pik3ca_mut
1150;fanca_mut;60.187999713962576;2.096138607791448e-05;agmo_mut
3495;tumor_size;94.76223032021481;2.0965209371806445e-05;setd1a_mut
2480;npnt_mut;72.64606701248012;2.128281884224627e-05;l1cam_mut
2622;nek1_mut;75.61170990372052;2.1706665460650975e-05;brca2_mut
3016;stk11_mut;178.74349303693407;2.2090780822981827e-05;akap9_mut
3203;sik2_mut;90.18050081165481;2.2678105716419118e-05;adgra2_mut
846;ep300_mut;69.30556586437181;2.325591612193644e-05;setdb1_mut
2174;er_status_measured_by_ihc;63.033430763359306;2.354033321858128e-05;usp28_mut
5228;clrn2_mut;316.8311664198031;2.4662870273441794e-05;kmt2c_mut
2193;er_status_measured_by_ihc;62.84812643338859;2.5037501797376798e-05;zfp36l1_mut
3645;flt3_mut;99.73723451055929;2.540188030147244e-05;thsd7a_mut
3000;stk11_mut;406.18893930327636;2.5411155932783922e-05;muc16_mut
2145;er_status_measured_by_ihc;102.5386247609031;2.5426227316167558e-05;map2k4_mut
3938;hdac9_mut;105.3245366699565;2.5450049398779272e-05;shank2_mut
2108;er_status_measured_by_ihc;347.49022705392656;2.547943798582528e-05;ahnak2_mut
1824;sbno1_mut;177.6612983175483;2.7725267271442804e-05;herc2_mut
4228;large1_mut;118.58781693067937;2.8705878297649728e-05;runx1_mut
4366;tumor_other_histologic_subtype;126.5702389023556;2.9470751490139374e-05;col22a1_mut
4512;oncotree_code;126.5702389023556;2.9470751490139374e-05;col22a1_mut
4658;cancer_type_detailed;126.5702389023556;2.9470751490139374e-05;col22a1_mut
1557;ptprm_mut;101.97508453893172;2.957770315946482e-05;ptprd_mut
2002;kdm3a_mut;59.15565790461962;2.9770364502811294e-05;sf3b1_mut
3617;flt3_mut;148.8279719436899;3.090317130338355e-05;col6a3_mut
5972;magea8_mut;345.981895833893;3.208919563471163e-05;ahnak2_mut
2769;sik1_mut;78.79297462298965;3.2101975302028385e-05;foxo3_mut
2907;type_of_breast_surgery;86.07065450768404;3.222056592147334e-05;pik3r1_mut
2044;kdm3a_mut;58.92108459218623;3.222855673188192e-05;agmo_mut
2910;type_of_breast_surgery;86.04833244052617;3.242788339923961e-05;ctcf_mut
2911;type_of_breast_surgery;86.03718938927847;3.253185962234661e-05;asxl1_mut
883;ep300_mut;34.5033940748136;3.2921289037382616e-05;prkg1_mut
6501;braf_mut;62.00885916456216;3.3067592725216646e-05;smarcc2_mut
3202;sik2_mut;90.18050081165478;3.405028222383464e-05;alk_mut
3058;stk11_mut;90.14868423593398;3.4355849205344735e-05;apc_mut
3207;sik2_mut;90.14868423593398;3.4355849205344735e-05;apc_mut
836;ep300_mut;69.47338902538903;3.57811904613207e-05;cacna2d3_mut
838;ep300_mut;69.44534375101985;3.609735618292906e-05;aff2_mut
3636;flt3_mut;99.8044198676805;3.640809066573762e-05;lamb3_mut
2983;stk11_mut;23.20177878015468;3.6655040526414114e-05;her2_status_measured_by_snp6
2265;fam20c_mut;201.29083204275096;3.79574075553384e-05;dnah2_mut
1089;fanca_mut;142.67829477128794;3.8117517282529624e-05;notch1_mut
920;myo1a_mut;199.89401652464238;3.9081169340739226e-05;gata3_mut
1696;gldc_mut;119.99621095561804;3.956132266361194e-05;myh9_mut
5878;agtr2_mut;85.34951397646867;3.961539129948867e-05;pik3r1_mut
956;myo1a_mut;99.23492124793955;4.2389567876648026e-05;lamb3_mut
918;myo1a_mut;313.0902879263072;4.46722171624174e-05;kmt2c_mut
1996;kdm3a_mut;118.15242165242165;4.472566182646602e-05;nf1_mut
5764;ctnna1_mut;56.223860955289005;4.678430042845371e-05;palld_mut
1518;ptprm_mut;229.52231717523628;4.923916570565846e-05;ahnak_mut
3605;flt3_mut;199.92743935761365;4.941117267544685e-05;dnah2_mut
3050;stk11_mut;90.23375737526007;4.97992233348018e-05;afdn_mut
3606;flt3_mut;199.83289434904682;5.0318056768536054e-05;kmt2d_mut
1099;fanca_mut;122.98920659219031;5.069386727107261e-05;stab2_mut
634;cellularity;174.62291731014727;5.195719542006474e-05;akap9_mut
464;neoplasm_histologic_grade;16.32802716178658;5.3270227030212416e-05;radio_therapy
3643;flt3_mut;99.75637844629497;5.3290882839697634e-05;setd2_mut
811;ep300_mut;102.4072239429467;5.4763772934796934e-05;shank2_mut
6346;nt5e_mut;62.01326209501596;5.488653691455816e-05;chd1_mut
4227;large1_mut;118.60387250686566;5.558443631430877e-05;myh9_mut
359;primary_tumor_laterality;117.22795341356844;5.6091185511399044e-05;nf1_mut
4802;ppp2r2a_mut;146.11782158240246;5.657659440006299e-05;lama2_mut
1614;ptprm_mut;50.80812754425954;5.6919617841537326e-05;map3k13_mut
1384;myo3a_mut;145.89791311238673;5.938790561887095e-05;col6a3_mut
1386;myo3a_mut;145.8533430774788;5.997385670844994e-05;lama2_mut
3450;tumor_size;285.0492386147767;6.024607401787989e-05;syne1_mut
3301;ptpn22_mut;285.04923861477675;6.0246074017883286e-05;syne1_mut
1994;kdm3a_mut;118.20097360359225;6.128705236360146e-05;myh9_mut
503;neoplasm_histologic_grade;130.08057421510455;6.188162455921282e-05;ncor1_mut
1758;gldc_mut;53.767567610550486;6.262016751648528e-05;brip1_mut
1423;myo3a_mut;83.6141017776645;6.480304230854702e-05;asxl1_mut
1424;myo3a_mut;83.59100314011745;6.522571104176224e-05;fancd2_mut
467;neoplasm_histologic_grade;19.229842745401378;6.672563322145285e-05;death_from_cancer
6421;braf_mut;284.3816393243836;6.708343275666986e-05;syne1_mut
3181;sik2_mut;119.1176656906692;6.775470552284905e-05;thada_mut
882;ep300_mut;34.5317948994401;7.20427009866026e-05;akt2_mut
3197;sik2_mut;90.25514056168443;7.267696439930483e-05;setd1a_mut
1127;fanca_mut;81.74771613440242;7.33675274279037e-05;taf1_mut
6724;nr3c1_mut;211.3719831844129;7.384525471699543e-05;cdh1_mut
5836;agtr2_mut;172.83554351066243;7.466651946715734e-05;herc2_mut
5687;ctnna1_mut;172.83554351066235;7.466651946715956e-05;herc2_mut
1469;myo3a_mut;41.636062044950926;7.509185931218596e-05;prkcz_mut
5838;agtr2_mut;172.77520205813917;7.557936635884443e-05;akap9_mut
5987;magea8_mut;172.77520205813917;7.557936635884443e-05;akap9_mut
5540;dtwd2_mut;172.7752020581392;7.55793663588487e-05;akap9_mut
4224;large1_mut;118.65225014611336;7.574200014321414e-05;thada_mut
1471;myo3a_mut;41.61258767176677;7.575634129231377e-05;prkce_mut
793;ep300_mut;139.56166634954516;7.678883414767614e-05;ncor2_mut
1025;myo1a_mut;39.79991806305977;7.761892212823205e-05;gh1_mut
3333;ptpn22_mut;117.05708716002795;8.072352754509217e-05;myh9_mut
2620;nek1_mut;75.6371606839029;8.137855017492727e-05;foxo3_mut
1842;sbno1_mut;118.29855585028001;8.241123912956495e-05;thada_mut
2561;nek1_mut;227.7904603404774;8.334018348551956e-05;dnah11_mut
2138;er_status_measured_by_ihc;126.15582079706026;8.356389592846683e-05;atr_mut
5097;ldlrap1_mut;158.31261420457724;8.49318135298421e-05;tbx3_mut
5246;clrn2_mut;158.31261420457716;8.493181352984225e-05;tbx3_mut
4800;ppp2r2a_mut;144.25379505019214;8.510408203206954e-05;col6a3_mut
3393;ptpn22_mut;46.33804528843953;8.630831240388144e-05;gps2_mut
955;myo1a_mut;99.25855715056852;8.66973965020514e-05;ros1_mut
2267;fam20c_mut;203.06557862246848;8.777151960158041e-05;ush2a_mut
2042;kdm3a_mut;58.95406381341383;8.960820452510575e-05;smarcc2_mut
2712;sik1_mut;196.75990845645612;9.023055572514728e-05;dnah2_mut
2723;sik1_mut;157.95404192382273;9.150762170735151e-05;tbx3_mut
2101;er_status_measured_by_ihc;15.270937600219838;9.31385425595095e-05;radio_therapy
1675;gldc_mut;171.6717670479468;9.428699003367442e-05;herc2_mut
3344;ptpn22_mut;94.77237298444943;9.552098825820946e-05;usp9x_mut
3347;ptpn22_mut;94.75209860918135;9.602791622302279e-05;thsd7a_mut
1604;ptprm_mut;50.90398642813155;9.636406997625961e-05;dcaf4l2_mut
1606;ptprm_mut;50.865581785543625;9.76360949007536e-05;cdkn1b_mut
1064;fanca_mut;448.0331779623133;9.854906586889398e-05;tp53_mut
1610;ptprm_mut;50.8272586382185;9.892173512828572e-05;nrg3_mut
1819;sbno1_mut;196.22646811358325;9.971529175062583e-05;dnah2_mut
2082;er_status_measured_by_ihc;15.12861450203231;0.00010042946210641688;cancer_type
1749;gldc_mut;53.821800898796745;0.00010477118083448542;casp8_mut
1124;fanca_mut;81.81873351884958;0.0001069872232611608;ctcf_mut
1679;gldc_mut;162.18047974255876;0.00010847965043427183;birc6_mut
6557;ccnd3_mut;409.2097893842864;0.0001126038767856976;nottingham_prognostic_index
2596;nek1_mut;75.92075903078847;0.00011354364814596914;erbb2_mut
5077;ldlrap1_mut;395.3025560226904;0.00011428017809816028;muc16_mut
4044;prkacg_mut;337.18669683309093;0.00011788714806276995;ahnak2_mut
2618;nek1_mut;75.66266602095592;0.00012221054915527367;ctnna3_mut
2103;er_status_measured_by_ihc;23.039887784858756;0.00012432381210027315;tumor_stage
6282;nt5e_mut;190.10181993273278;0.00012474438706349878;dnah5_mut
1667;gldc_mut;224.0749507559994;0.00012905870964874356;ahnak_mut
3311;ptpn22_mut;189.80047447197026;0.00013198107206130965;dnah5_mut
2888;type_of_breast_surgery;113.56131631583283;0.0001353007306640841;nf1_mut
2850;type_of_breast_surgery;445.3461717025575;0.00013814789488551528;tp53_mut
4943;nf2_mut;158.4146114916187;0.00013975918664910217;pde4dip_mut
4226;large1_mut;118.6360889992679;0.00014134512021557878;stab2_mut
2041;kdm3a_mut;58.95406381341383;0.00014547576611377238;map3k10_mut
1022;myo1a_mut;39.84907523043386;0.00014618270111024082;prkcz_mut
1024;myo1a_mut;39.824483649082254;0.0001475192655336826;prkce_mut
1368;myo3a_mut;272.2703391497331;0.0001480350903022431;map3k1_mut
450;neoplasm_histologic_grade;22.655616005804674;0.00014834788338024494;cohort
4079;prkacg_mut;111.62169035520536;0.00015660833635873609;runx1_mut
3153;sik2_mut;192.54333202825725;0.0001571674368385982;gata3_mut
3470;tumor_size;141.33536140951298;0.00015920377926395638;lama2_mut
1443;myo3a_mut;61.62530292771394;0.00016087451693046196;arid5b_mut
6309;nt5e_mut;94.05300023179748;0.00016352905566939679;lamb3_mut
1396;myo3a_mut;125.73476512826787;0.00016619291170463313;ncor1_mut
1096;fanca_mut;123.03614679922327;0.0001702164573521118;atr_mut
2186;er_status_measured_by_ihc;62.90963113992473;0.00017082617728354134;setdb1_mut
976;myo1a_mut;80.05435925082361;0.00017371221687554003;asxl1_mut
353;primary_tumor_laterality;122.93930001020436;0.00017396184777191063;atr_mut
1678;gldc_mut;162.30397589605164;0.0001749647151946106;tg_mut
1202;mutation_count;34.07607710133162;0.00017929682971257456;integrative_cluster
2147;er_status_measured_by_ihc;93.64452488722685;0.0001814008250892806;lamb3_mut
3485;tumor_size;94.87440598172252;0.0001871321532187908;map2k4_mut
153;3-gene_classifier_subtype;26.380208696618418;0.00018910504991747007;pam50_+_claudin-low_subtype
2280;fam20c_mut;135.40192899515694;0.0001900613410455871;notch1_mut
3492;tumor_size;94.77237298444946;0.00019199369063125407;ptprd_mut
3494;tumor_size;94.77237298444943;0.00019199369063125423;setd2_mut
368;primary_tumor_laterality;92.01473070442785;0.0001944534549840372;usp9x_mut
1366;myo3a_mut;277.2631164851996;0.00020449815212284574;syne1_mut
633;cellularity;156.50599257712358;0.00020505121084013914;pde4dip_mut
557;neoplasm_histologic_grade;51.770964311891575;0.00020579770304789748;smad4_mut
1584;ptprm_mut;66.5988699083988;0.00020989762374537034;lifr_mut
688;cellularity;69.47338902538901;0.000210095153287127;arid2_mut
6456;braf_mut;94.07583490197881;0.00022857472792798901;map2k4_mut
933;myo1a_mut;160.8592486139454;0.0002323750909585786;tg_mut
5095;ldlrap1_mut;158.34839288564493;0.0002333670822525762;birc6_mut
717;cellularity;41.83949798073936;0.00023789409937198972;fbxw7_mut
2764;sik1_mut;78.85404080203135;0.00024043220837205312;fancd2_mut
1462;myo3a_mut;41.75380750832292;0.00024521360881749244;fbxw7_mut
2324;fam20c_mut;67.50176390773409;0.00024526892930640064;brca2_mut
6019;magea8_mut;85.38998971366622;0.0002633195541251864;setd1a_mut
1603;ptprm_mut;50.90398642813155;0.00027270790241421124;palld_mut
725;cellularity;34.64569873577281;0.0002834347695357963;lipi_mut
4078;prkacg_mut;111.6388925750628;0.0002865202268421302;myh9_mut
6278;nt5e_mut;190.1916078981938;0.00029971605826830815;dnah2_mut
6427;braf_mut;190.1916078981936;0.0002997160582683173;dnah2_mut
6130;foxo1_mut;190.1414994720169;0.00030239561801780523;kmt2d_mut
6428;braf_mut;190.14149947201682;0.00030239561801780556;kmt2d_mut
1098;fanca_mut;123.01266385648168;0.000302554593618642;ncor1_mut
3598;flt3_mut;299.9867578984152;0.0003185354724602342;kmt2c_mut
1118;fanca_mut;81.88998023823041;0.0003214147191598297;alk_mut
4945;nf2_mut;158.3904378329219;0.00037415683031570253;tg_mut
3594;flt3_mut;226.07833170048093;0.0003758606234749938;pik3ca_mut
2181;er_status_measured_by_ihc;62.95593206689531;0.0003980491994073863;bap1_mut
0;tumor_stage;12.485375664601898;0.00041015022545565563;type_of_breast_surgery
3040;stk11_mut;90.31956827622804;0.0004154736588102945;lamb3_mut
3190;sik2_mut;90.31956827622805;0.0004154736588102973;arid1b_mut
1728;gldc_mut;54.05882475599291;0.0004186112116917937;usp28_mut
1466;myo3a_mut;41.70663444509597;0.0004363503809865992;rpgr_mut
1597;ptprm_mut;50.94247282621194;0.00043672572510403503;agmo_mut
4265;large1_mut;58.285038504348144;0.00044062548657230663;ncoa3_mut
4223;large1_mut;118.65225014611336;0.00044684128570473777;atr_mut
2544;nek1_mut;398.3168014983294;0.0004474550656148251;nottingham_prognostic_index
1120;fanca_mut;81.8899802382304;0.00045604730250300014;ubr5_mut
833;ep300_mut;69.52956965530842;0.00045676847310362835;foxo3_mut
3911;hdac9_mut;157.2815672737733;0.0004617500815429884;tg_mut
1839;sbno1_mut;118.33122585177378;0.0004787733717921406;pten_mut
494;neoplasm_histologic_grade;130.78944058080404;0.0004987876226559622;notch1_mut
969;myo1a_mut;80.15160794063893;0.000503088930927405;alk_mut
974;myo1a_mut;80.07863223116709;0.0005125460563948951;apc_mut
730;cellularity;34.58868661473312;0.0005443827602946087;chek2_mut
727;cellularity;34.58868661473312;0.0005443827602946087;gh1_mut
2613;nek1_mut;75.72666920421102;0.0005503713749150735;ctcf_mut
2614;nek1_mut;75.7138410688776;0.0005522123757706175;asxl1_mut
4170;large1_mut;23.838273086170272;0.0005592629476991501;pam50_+_claudin-low_subtype
3038;stk11_mut;90.37357900975165;0.0005657980586116937;map2k4_mut
6281;nt5e_mut;190.11665770279296;0.0005701783201387149;ryr2_mut
6430;braf_mut;190.1166577027929;0.0005701783201387312;ryr2_mut
6132;foxo1_mut;190.11665770279285;0.0005701783201387482;ryr2_mut
3196;sik2_mut;90.26584949261532;0.0005806086253326196;setd2_mut
1168;fanca_mut;40.79523488481227;0.0005952507306362155;rpgr_mut
3310;ptpn22_mut;189.83030752557318;0.0005986170229932848;ryr2_mut
1169;fanca_mut;40.77112575784137;0.0006001364061007339;foxp1_mut
169;3-gene_classifier_subtype;11.73808641954074;0.0006123395105132526;radio_therapy
1113;fanca_mut;82.0571207052525;0.0006137761548983188;setd1a_mut
2119;er_status_measured_by_ihc;189.54090131657932;0.0006287160311685221;ryr2_mut
3930;hdac9_mut;105.43380538082125;0.0006461810804353843;runx1_mut
831;ep300_mut;69.58587071530265;0.0006545710697020602;ctnna3_mut
4762;ppp2r2a_mut;17.14497944393486;0.0006598389729357365;her2_status_measured_by_snp6
441;primary_tumor_laterality;17.08711564323315;0.0006781760280108032;ndfip1_mut
1743;gldc_mut;53.894381623396946;0.0006857411569297845;map3k10_mut
23;tumor_stage;14.510937941249052;0.000706301067167043;death_from_cancer
971;myo1a_mut;80.15160794063893;0.0007067816248625387;ubr5_mut
1463;myo3a_mut;41.75380750832291;0.000727802690686357;ttyh1_mut
1662;gldc_mut;323.8480035548784;0.0007314722505337779;ahnak2_mut
6120;foxo1_mut;380.52071313185644;0.0007450006417226521;muc16_mut
1673;gldc_mut;188.416045799167;0.0007598062402991479;ryr2_mut
337;primary_tumor_laterality;149.63872004669656;0.0007707042650085646;pde4dip_mut
184;3-gene_classifier_subtype;184.71703703703707;0.0007738428399293155;kmt2d_mut
2611;nek1_mut;75.7523668782194;0.0007751498558327139;asxl2_mut
2897;type_of_breast_surgery;86.17170107601565;0.0008225975335849374;usp9x_mut
1843;sbno1_mut;118.28224765752118;0.0008248881488272193;ncor1_mut
5279;clrn2_mut;78.15890600500211;0.0008319907782880218;alk_mut
6131;foxo1_mut;190.13651985844655;0.0008490736428611041;ush2a_mut
6429;braf_mut;190.13651985844663;0.000849073642861127;ush2a_mut
3931;hdac9_mut;105.42464509991316;0.0008578520861006424;nf1_mut
1760;gldc_mut;37.92505627912059;0.0009255865865574651;fbxw7_mut
4799;ppp2r2a_mut;146.15688573932326;0.0009341279105900652;tbx3_mut
428;primary_tumor_laterality;34.64697493682319;0.0009590381443627973;prkcz_mut
873;ep300_mut;34.64569873577281;0.0009594694285134479;prkcz_mut
875;ep300_mut;34.61717760065724;0.0009691571283806713;prkce_mut
430;primary_tumor_laterality;34.589410841853805;0.000978679571795254;prkce_mut
5570;dtwd2_mut;85.39507379443994;0.0009895186508421536;usp9x_mut
850;ep300_mut;51.13347542534543;0.0010135005816030716;smarcc2_mut
4495;oncotree_code;189.0432680230608;0.0010163346669565065;ush2a_mut
4641;cancer_type_detailed;189.0432680230608;0.0010163346669565065;ush2a_mut
4349;tumor_other_histologic_subtype;189.0432680230608;0.0010163346669565065;ush2a_mut
4188;large1_mut;18.42154674170492;0.0010206353074517702;tumor_stage
1737;gldc_mut;53.949020501321044;0.0010303105659303046;pbrm1_mut
6268;nt5e_mut;428.1423011581701;0.0010460339960115025;tp53_mut
1957;kdm3a_mut;219.5387708714922;0.0010479092097073937;pik3ca_mut
268;3-gene_classifier_subtype;43.62864931846345;0.0010627267251410702;cdkn1b_mut
399;primary_tumor_laterality;52.38171139809588;0.0010722722839824881;chd1_mut
1598;ptprm_mut;50.92321939142757;0.00107874687260752;zfp36l1_mut
2608;nek1_mut;75.76523646146204;0.0010824765031049923;adgra2_mut
2855;type_of_breast_surgery;181.46748436913333;0.0010913279552510749;gata3_mut
514;neoplasm_histologic_grade;90.16950156133964;0.001097266222822218;shank2_mut
1823;sbno1_mut;177.72598686114483;0.0011212298577878894;dnah5_mut
4942;nf2_mut;158.47552203366152;0.0011292127808345796;herc2_mut
5242;clrn2_mut;158.40855793131266;0.0011426151257144354;akap9_mut
4944;nf2_mut;158.40855793131263;0.0011426151257144686;akap9_mut
586;neoplasm_histologic_grade;25.76516612705619;0.001152000349793211;prkg1_mut
2464;npnt_mut;72.81903764046552;0.0011585328048732953;ctcf_mut
2465;npnt_mut;72.80564645824438;0.0011624413973091773;asxl1_mut
895;myo1a_mut;18.090236769411696;0.0011849773706535517;cohort
993;myo1a_mut;52.026622692629964;0.0011894987449895889;chd1_mut
1465;myo3a_mut;41.730208470595116;0.0012059580848389937;map3k13_mut
2034;kdm3a_mut;59.00366463253336;0.0012134345381117902;l1cam_mut
1206;mutation_count;10.431637006996368;0.001238748985588783;overall_survival
6723;nr3c1_mut;211.38561144760283;0.001242459334075636;dnah11_mut
3901;hdac9_mut;211.21404539164206;0.0012754243329145024;dnah11_mut
2592;nek1_mut;86.89022387794927;0.0012839767811527252;map2k4_mut
2751;sik1_mut;79.00194566096148;0.0012970673784649144;setd1a_mut
6592;ccnd3_mut;104.74505712268385;0.0013028677194202698;cbfb_mut
2208;er_status_measured_by_ihc;30.515020939175102;0.0013146435504806156;or6a2_mut
2275;fam20c_mut;135.50211208110397;0.0013793310788348904;utrn_mut
1695;gldc_mut;108.17873830483899;0.0014006965091118077;stab2_mut
5;tumor_stage;21.58910728943092;0.0014369071009002244;pam50_+_claudin-low_subtype
3926;hdac9_mut;105.50744862437797;0.0014468784229008814;thada_mut
3777;taf4b_mut;105.50744862437796;0.0014468784229008816;thada_mut
6779;nr3c1_mut;69.10889879540608;0.0015017425991554012;kdm6a_mut
2612;nek1_mut;75.72666920421102;0.0015130563726849305;apc_mut
2896;type_of_breast_surgery;86.1717010760157;0.001514027098294065;ptprd_mut
2898;type_of_breast_surgery;86.1717010760157;0.001514027098294065;setd2_mut
814;ep300_mut;86.16450188566944;0.001516517898040537;setd2_mut
1920;sbno1_mut;28.44987215626751;0.0015287175038613836;gpr32_mut
1814;sbno1_mut;179.4074252774969;0.0015302178861100536;gata3_mut
925;myo1a_mut;180.49496761215426;0.0015546258033250194;dnah2_mut
1741;gldc_mut;53.912575165904;0.001559335149565837;arid5b_mut
1589;ptprm_mut;51.000356286864296;0.001601232444505633;chd1_mut
746;ep300_mut;17.36217967538341;0.0016435194076436703;cohort
1516;ptprm_mut;178.9357072006923;0.0016516584777415762;gata3_mut
427;primary_tumor_laterality;34.64697493682319;0.0016574775310934397;clk3_mut
723;cellularity;34.645698735772804;0.001658195266087976;clk3_mut
406;primary_tumor_laterality;52.26715631662233;0.0016690665030424758;erbb4_mut
4929;nf2_mut;317.29332390165376;0.0016749390954703671;ahnak2_mut
919;myo1a_mut;262.5457567167185;0.0016911237355165625;syne1_mut
279;3-gene_classifier_subtype;34.567901234567906;0.0017025185408150987;clk3_mut
2433;npnt_mut;108.45263071662939;0.0017122431928370129;col22a1_mut
5801;agtr2_mut;17.238266160370912;0.0017373767192827333;cohort
5711;ctnna1_mut;85.44621854178807;0.001785442693726444;map2k4_mut
1403;myo3a_mut;84.01060960950892;0.001845649181208593;lamb3_mut
1457;myo3a_mut;41.801080779862595;0.0018852719491160594;cdkn1b_mut
4072;prkacg_mut;111.70807848944835;0.0018859095425378418;pten_mut
448;neoplasm_histologic_grade;9.61472754019057;0.001930230980056708;chemotherapy
1067;fanca_mut;286.4495004748774;0.001982418341421187;kmt2c_mut
2609;nek1_mut;75.76523646146204;0.002052280042172424;ubr5_mut
2874;type_of_breast_surgery;128.43888459248436;0.00206858307595466;lama2_mut
5153;ldlrap1_mut;51.45795649779168;0.0020971875360941343;pbrm1_mut
1965;kdm3a_mut;206.71965020576133;0.002101581658604819;ahnak_mut
3632;flt3_mut;99.90128812878477;0.002120268894987509;runx1_mut
1522;ptprm_mut;178.3421300250438;0.002192810582561773;kmt2d_mut
2459;npnt_mut;72.85929767485048;0.002198285058376599;adgra2_mut
585;neoplasm_histologic_grade;25.803767560369657;0.002199563000245993;akt2_mut
341;primary_tumor_laterality;132.8979596146873;0.002226545773994716;utrn_mut
694;cellularity;51.21716328922305;0.0022435400231021244;pbrm1_mut
1968;kdm3a_mut;178.0207364851036;0.002306742253623116;dnah2_mut
402;primary_tumor_laterality;52.38171139809589;0.0023880824315859243;arid5b_mut
1596;ptprm_mut;50.9617467651867;0.002409361457043006;erbb4_mut
4033;prkacg_mut;383.69010187401454;0.0024162005134233996;nottingham_prognostic_index
2755;sik1_mut;78.95243141977784;0.002419156632007502;rb1_mut
3779;taf4b_mut;105.48897741717094;0.002421902915696079;stab2_mut
1157;fanca_mut;40.940427968452;0.002457902584922605;dcaf4l2_mut
2093;er_status_measured_by_ihc;9.163700404172836;0.0024686288354911724;hormone_therapy
1200;mutation_count;9.158152919616162;0.0024761237501124394;hormone_therapy
5686;ctnna1_mut;172.85767159924418;0.002477469524609992;dnah5_mut
2027;kdm3a_mut;59.07004662004661;0.0024846347189615837;brca2_mut
210;3-gene_classifier_subtype;99.12423857099607;0.0024893912913925534;runx1_mut
1159;fanca_mut;40.89192746414536;0.002494683674502472;cdkn1b_mut
421;primary_tumor_laterality;34.935711551112604;0.0025113879221368607;fbxw7_mut
1408;myo3a_mut;83.89323320523319;0.002527992220923032;ptprd_mut
1163;fanca_mut;40.84352987868076;0.0025319098885305757;nrg3_mut
316;primary_tumor_laterality;9.095695069607478;0.002562118248122689;radio_therapy
3161;sik2_mut;180.8301387730171;0.0025789896531391568;ryr2_mut
1810;sbno1_mut;369.65389354695435;0.0025990749391402693;muc16_mut
1190;mutation_count;11.864195251531987;0.0026529113330763326;cellularity
248;3-gene_classifier_subtype;56.0621890016017;0.0026857798518476824;bap1_mut
1535;ptprm_mut;127.00061117645397;0.002693353100569853;lama2_mut
550;neoplasm_histologic_grade;51.923700275913035;0.002708135112474011;arid5b_mut
2602;nek1_mut;75.85571289946115;0.002721504013577834;setd1a_mut
3633;flt3_mut;99.89155381823261;0.00274612237854958;nf1_mut
4359;tumor_other_histologic_subtype;126.69957884895402;0.0028446231425442894;col6a3_mut
4651;cancer_type_detailed;126.69957884895402;0.0028446231425442894;col6a3_mut
4505;oncotree_code;126.69957884895402;0.0028446231425442894;col6a3_mut
4507;oncotree_code;126.68423621164413;0.002852540617237235;lama2_mut
4653;cancer_type_detailed;126.68423621164413;0.002852540617237235;lama2_mut
4361;tumor_other_histologic_subtype;126.68423621164413;0.002852540617237235;lama2_mut
5974;magea8_mut;258.51527168959063;0.002876225037828582;syne1_mut
2281;fam20c_mut;100.85176765180722;0.0029080218091388868;cbfb_mut
1456;myo3a_mut;41.82475509358531;0.0029147053353910037;bcas3_mut
1460;myo3a_mut;41.77743159810773;0.0029562689763735963;brip1_mut
379;primary_tumor_laterality;70.28904772866049;0.002969115002319695;asxl2_mut
216;3-gene_classifier_subtype;63.675943661971836;0.0030009128012645717;erbb2_mut
3773;taf4b_mut;105.53523138587603;0.0030663031557625173;col22a1_mut
3441;tumor_size;8.720627898275511;0.0031462966355957633;radio_therapy
253;3-gene_classifier_subtype;52.69014925373135;0.003190984547229449;setdb1_mut
1008;myo1a_mut;40.07157609328506;0.0032022478574602;dcaf4l2_mut
1211;mutation_count;11.465468598726739;0.0032382108795550677;death_from_cancer
6277;nt5e_mut;188.42519393929052;0.0033584813719746477;cdh1_mut
158;3-gene_classifier_subtype;13.633288076697;0.0034492884836574743;her2_status_measured_by_snp6
2570;nek1_mut;151.85935735381753;0.0034745504376480657;akap9_mut
1592;ptprm_mut;51.00035628686429;0.003480851180490032;arid5b_mut
3631;flt3_mut;99.92078861342605;0.003502585097243345;myh9_mut
2029;kdm3a_mut;59.07004662004661;0.0035051187811904003;arid2_mut
777;ep300_mut;175.25863641419193;0.003538078782673433;kmt2d_mut
2434;npnt_mut;108.43978377553412;0.00356678459147228;pten_mut
1515;ptprm_mut;256.8035434916725;0.0035808695712645925;syne1_mut
1414;myo3a_mut;65.56225737584958;0.003600204969495518;erbb3_mut
2240;fam20c_mut;8.443768233579087;0.0036629645353581193;her2_status
1158;fanca_mut;40.91616483093621;0.003818665668991364;bcas3_mut
465;neoplasm_histologic_grade;13.413879051142882;0.0038219254678711003;3-gene_classifier_subtype
4070;prkacg_mut;111.73417984394935;0.0038241180225792168;col12a1_mut
1771;gldc_mut;25.91442303885471;0.0038570028898674805;gpr32_mut
994;myo1a_mut;45.1039647031174;0.003859663952621189;jak1_mut
549;neoplasm_histologic_grade;51.923700275913006;0.003914369467101144;setdb1_mut
185;3-gene_classifier_subtype;180.2502688070507;0.004012073702715635;ush2a_mut
4672;cancer_type_detailed;62.435756994219275;0.004067910062586137;erbb2_mut
4526;oncotree_code;62.435756994219275;0.004067910062586137;erbb2_mut
4380;tumor_other_histologic_subtype;62.435756994219275;0.004067910062586137;erbb2_mut
1822;sbno1_mut;177.77469525010505;0.004102446316170043;ryr2_mut
2317;fam20c_mut;67.60285528877353;0.004115470229041952;fancd2_mut
922;myo1a_mut;201.8914668285995;0.004211056356523095;ahnak_mut
2752;sik1_mut;78.98954704900204;0.004243636778046804;thsd7a_mut
1453;myo3a_mut;41.84845457935875;0.004396159916485;smarcc1_mut
1454;myo3a_mut;41.84845457935875;0.004396159916485;palld_mut
1546;ptprm_mut;102.37407066628121;0.004460093494962323;stab2_mut
672;cellularity;69.81228703407386;0.0044854717962866456;adgra2_mut
358;primary_tumor_laterality;96.02540298490564;0.004644085065579078;runx1_mut
1104;fanca_mut;82.22553013460556;0.004768852554338924;ros1_mut
1009;myo1a_mut;40.04674868563429;0.004927871355514953;bcas3_mut
1376;myo3a_mut;168.36183373262722;0.004959826475711976;dnah5_mut
1012;myo1a_mut;40.02194764803944;0.004963594875892317;men1_mut
1591;ptprm_mut;51.00035628686429;0.004990892631349157;setdb1_mut
5980;magea8_mut;172.95849696067268;0.004999238280290495;dnah2_mut
5533;dtwd2_mut;172.95849696067268;0.004999238280290495;dnah2_mut
5384;prr16_mut;172.95849696067265;0.004999238280290531;dnah2_mut
5385;prr16_mut;172.9022288388374;0.00504108336555323;kmt2d_mut
1834;sbno1_mut;118.59518646085809;0.005117129583711389;notch1_mut
4506;oncotree_code;126.69190328731312;0.005366987313191345;arid1a_mut
4360;tumor_other_histologic_subtype;126.69190328731312;0.005366987313191345;arid1a_mut
4652;cancer_type_detailed;126.69190328731312;0.005366987313191345;arid1a_mut
3610;flt3_mut;149.11054279184955;0.005402090393512755;herc2_mut
961;myo1a_mut;80.34736692489417;0.005439815751903032;ptprd_mut
963;myo1a_mut;80.34736692489419;0.005439815751903067;setd2_mut
2743;sik1_mut;79.07661957754327;0.005459400779883549;lamb3_mut
2744;sik1_mut;79.07661957754323;0.005459400779883594;arid1b_mut
2313;fam20c_mut;67.66096360585458;0.0054680328443202615;asxl2_mut
1156;fanca_mut;40.94042796845199;0.00570297991524646;palld_mut
2738;sik1_mut;97.3414686616135;0.0057914566081146025;myh9_mut
163;3-gene_classifier_subtype;24.756526564031414;0.005826611586570014;integrative_cluster
4191;large1_mut;411.53316145939687;0.005829115118961861;tp53_mut
820;ep300_mut;69.81228703407389;0.005985395880972157;alk_mut
3291;ptpn22_mut;7.544941949761216;0.006017876092860376;pr_status
779;ep300_mut;175.11903039274432;0.006058401358044484;ryr2_mut
825;ep300_mut;69.7271527949228;0.0060997326332961925;apc_mut
3776;taf4b_mut;105.50744862437796;0.006171233580725214;atr_mut
571;neoplasm_histologic_grade;26.11405267650551;0.0062409983205308885;or6a2_mut
226;3-gene_classifier_subtype;74.65257861635223;0.006277544984018432;rb1_mut
463;neoplasm_histologic_grade;7.457654837283412;0.006316724686765909;pr_status
3735;taf4b_mut;374.45020089686045;0.006327476833368583;nottingham_prognostic_index
772;ep300_mut;245.4307204742843;0.006342055495402985;map3k1_mut
3731;taf4b_mut;7.436630490305864;0.006390943483108196;hormone_therapy
577;neoplasm_histologic_grade;25.958581774399345;0.006582635267703473;lipi_mut
1108;fanca_mut;41.80619875293971;0.00659736396779527;sf3b1_mut
2025;kdm3a_mut;59.1033442229909;0.006622231677760657;foxo3_mut
1876;sbno1_mut;59.1033442229909;0.006622231677760657;foxo3_mut
2126;er_status_measured_by_ihc;126.53970989978723;0.006726472236592126;utrn_mut
798;ep300_mut;104.95100893997446;0.006830076276586827;atr_mut
1583;ptprm_mut;51.09724121699592;0.006861223004277154;aff2_mut
6118;foxo1_mut;206.29593451243966;0.006875302403558924;pik3ca_mut
2741;sik1_mut;79.13921985815603;0.006998293352707006;map2k4_mut
1973;kdm3a_mut;147.4027513090013;0.007050495649397873;herc2_mut
959;myo1a_mut;41.52249437373443;0.007137136715246895;sf3b1_mut
2750;sik1_mut;79.01435767682577;0.007180920519118253;setd2_mut
2310;fam20c_mut;67.67552977844902;0.007254885417600752;adgra2_mut
3484;tumor_size;94.91553039238815;0.007285523476957754;nf1_mut
3335;ptpn22_mut;94.91553039238815;0.007285523476957754;nf1_mut
1005;myo1a_mut;40.071576093285074;0.007289131535239824;prkcq_mut
1004;myo1a_mut;40.07157609328507;0.0072891315352398255;casp8_mut
1006;myo1a_mut;40.07157609328506;0.007289131535239848;smarcc1_mut
150;3-gene_classifier_subtype;15.829184541141636;0.007349064468540811;cancer_type_detailed
166;3-gene_classifier_subtype;15.829184541141636;0.007349064468540811;oncotree_code
260;3-gene_classifier_subtype;43.9794609929078;0.007671978578789222;zfp36l1_mut
2701;sik1_mut;205.4436771064259;0.007687521098653561;pik3ca_mut
939;myo1a_mut;120.87025052887114;0.00785844466693421;lama2_mut
822;ep300_mut;69.81228703407389;0.007897792518987364;ubr5_mut
160;3-gene_classifier_subtype;19.0456810058572;0.008045438346107912;tumor_other_histologic_subtype
423;primary_tumor_laterality;25.367232480133314;0.008052213227458733;or6a2_mut
480;neoplasm_histologic_grade;169.6416518410697;0.008089536516212364;kmt2d_mut
2251;fam20c_mut;11.786023818078391;0.008153278945164592;3-gene_classifier_subtype
3374;ptpn22_mut;46.426628780926606;0.00816996076519506;pbrm1_mut
2001;kdm3a_mut;59.474379809428555;0.00821572853120237;erbb2_mut
517;neoplasm_histologic_grade;78.35133404146507;0.008226386314249661;setd2_mut
457;neoplasm_histologic_grade;6.972232431746052;0.008278415434103579;inferred_menopausal_state
4793;ppp2r2a_mut;146.33594078966897;0.008300666845808422;herc2_mut
4795;ppp2r2a_mut;146.26233928883983;0.00839392861106189;akap9_mut
2419;npnt_mut;146.20860427889178;0.008462616419225747;herc2_mut
606;cellularity;23.67441650399002;0.008513109219532581;integrative_cluster
1561;ptprm_mut;75.6979190914137;0.008525036194512304;thsd7a_mut
2863;type_of_breast_surgery;172.65522587915993;0.008598413476775117;ryr2_mut
2169;er_status_measured_by_ihc;63.09572907171855;0.008617454808734151;taf1_mut
3624;flt3_mut;100.00907000154304;0.008689681001080387;col22a1_mut
1729;gldc_mut;54.022145045965246;0.008796772850913449;brca2_mut
321;primary_tumor_laterality;407.0730139817565;0.00887185794903662;tp53_mut
2023;kdm3a_mut;59.13671320343345;0.008881841859094037;ctnna3_mut
1874;sbno1_mut;59.13671320343345;0.008881841859094037;ctnna3_mut
960;myo1a_mut;80.42121374258768;0.008915427320375506;shank2_mut
1875;sbno1_mut;59.12001977668822;0.008916032370405008;brca1_mut
2024;kdm3a_mut;59.12001977668822;0.008916032370405008;brca1_mut
2742;sik1_mut;79.08911247519269;0.00909703376171568;ros1_mut
1372;myo3a_mut;168.78371369296724;0.009131118237822637;dnah2_mut
2085;er_status_measured_by_ihc;6.772686108909567;0.009256341719791604;chemotherapy
1705;gldc_mut;80.1478044161095;0.009414384982949081;shank2_mut
156;3-gene_classifier_subtype;6.734208695607532;0.009458117866722902;er_status
6850;tbl1xr1_mut;18.614165555051677;0.00948589825212832;tumor_other_histologic_subtype
1069;fanca_mut;167.22188522045096;0.0096775160963881;gata3_mut
3597;flt3_mut;301.74407812905474;0.009877022584200049;ahnak2_mut
12;tumor_stage;18.42258274219292;0.010202127864922809;tumor_other_histologic_subtype
4234;large1_mut;58.49589584442773;0.010284924279941977;erbb2_mut
228;3-gene_classifier_subtype;66.05307499102979;0.010335322026264776;adgra2_mut
1068;fanca_mut;247.9470470830684;0.010449019430829638;syne1_mut
2595;nek1_mut;75.93381056348082;0.010453919202503962;arid1b_mut
601;cellularity;11.233696675869261;0.010527035937183694;her2_status_measured_by_snp6
1543;ptprm_mut;102.41254770830153;0.010732381456835548;atr_mut
1084;fanca_mut;123.63169090759774;0.010806799372241582;utrn_mut
42;tumor_stage;144.5754325262813;0.010809147568675239;akap9_mut
579;neoplasm_histologic_grade;25.881092841689984;0.01115738326404909;gh1_mut
3330;ptpn22_mut;95.00871871212306;0.011180043138406166;thada_mut
2167;er_status_measured_by_ihc;63.12697859911252;0.011310371080662431;asxl1_mut
2168;er_status_measured_by_ihc;63.111345448532155;0.011348853601350293;fancd2_mut
1674;gldc_mut;162.62601770360405;0.01137585348632452;dnah5_mut
5386;prr16_mut;172.8966370946052;0.011390418842748086;ush2a_mut
5982;magea8_mut;172.8966370946052;0.011390418842748086;ush2a_mut
5535;dtwd2_mut;172.8966370946052;0.011390418842748086;ush2a_mut
527;neoplasm_histologic_grade;64.2670361400627;0.011591515481012138;asxl2_mut
2747;sik1_mut;79.05167436556114;0.011681740759965888;shank2_mut
1663;gldc_mut;271.3045818475407;0.01181163562497927;kmt2c_mut
273;3-gene_classifier_subtype;29.92806366047746;0.01218355076534026;fbxw7_mut
490;neoplasm_histologic_grade;131.01639700719846;0.012208550522585385;tbx3_mut
2311;fam20c_mut;67.675529778449;0.012425433206162913;ubr5_mut
2499;npnt_mut;35.40541032736717;0.012476094562607136;cdkn1b_mut
309;primary_tumor_laterality;6.228820359977804;0.012568743863549229;hormone_therapy
608;cellularity;367.1897487489308;0.0127245684835357;nottingham_prognostic_index
250;3-gene_classifier_subtype;44.68445393098543;0.012744520515603886;pbrm1_mut
2999;stk11_mut;403.039397242004;0.012772499954029423;tp53_mut
5670;ctnna1_mut;8.687091360395005;0.012990386693402156;death_from_cancer
5372;prr16_mut;8.687091360395005;0.012990386693402156;death_from_cancer
447;neoplasm_histologic_grade;8.67195072852947;0.0130891012033327;cellularity
1446;myo3a_mut;41.94350504760733;0.0130939903796226;smarcc2_mut
220;3-gene_classifier_subtype;73.48948948948951;0.013331595652691701;usp9x_mut
3185;sik2_mut;90.4278840796978;0.01334916630820298;runx1_mut
929;myo1a_mut;161.29507828569893;0.013666111092585236;dnah5_mut
416;primary_tumor_laterality;35.0516355449537;0.013768179643827245;cdkn1b_mut
288;3-gene_classifier_subtype;20.75165346011622;0.013799944953063007;cdkn2a_mut
938;myo1a_mut;120.89483678980045;0.013844278429995804;arid1a_mut
167;3-gene_classifier_subtype;6.0010887870971175;0.014297052595366845;overall_survival
1422;myo3a_mut;61.969566402220465;0.014505695022339744;ctcf_mut
2451;npnt_mut;72.96729612384566;0.014780433083410423;usp9x_mut
374;primary_tumor_laterality;70.51859670826057;0.014789409234086049;rb1_mut
865;ep300_mut;34.7887583286204;0.014807515695920145;nrg3_mut
1861;sbno1_mut;59.338438949280366;0.014934546866999465;erbb3_mut
1074;fanca_mut;165.1832765271354;0.014947059029010517;dnah2_mut
4015;hdac9_mut;8.384803918854288;0.015109947768905176;age_group
1661;gldc_mut;352.1000574377085;0.015334130696089158;muc16_mut
445;neoplasm_histologic_grade;5.8740215339654975;0.015365910608673577;cancer_type
2022;kdm3a_mut;59.170153791130176;0.015486881437995216;kdm6a_mut
3;tumor_stage;8.332009176488063;0.015514121764735314;cellularity
1132;fanca_mut;41.258212723516785;0.015602358104895624;usp28_mut
2304;fam20c_mut;67.77793367038394;0.015669410283631117;setd1a_mut
6847;tbl1xr1_mut;8.300424385573848;0.01576107174426381;neoplasm_histologic_grade
364;primary_tumor_laterality;56.58321127924776;0.015771915561650394;erbb2_mut
4069;prkacg_mut;111.79541855905492;0.01604159898158932;ncor2_mut
591;neoplasm_histologic_grade;8.262621397168651;0.016061812824686432;age_group
1964;kdm3a_mut;237.33227121972726;0.01629835883454735;map3k1_mut
155;3-gene_classifier_subtype;5.742492163411154;0.016559280620332198;er_status_measured_by_ihc
670;cellularity;69.89769664003624;0.0167300849349653;rb1_mut
3314;ptpn22_mut;141.54750385242798;0.016755469646510954;akap9_mut
1346;myo3a_mut;10.208085501008414;0.01687767986008347;her2_status_measured_by_snp6
3481;tumor_size;94.9879309404162;0.017029766749959256;stab2_mut
576;neoplasm_histologic_grade;25.958581774399345;0.01721981370423759;prkcz_mut
229;3-gene_classifier_subtype;66.0530749910298;0.017326285525373887;ubr5_mut
2988;stk11_mut;21.540692526843962;0.017623335971006227;integrative_cluster
2395;npnt_mut;363.2591348724028;0.01817485801188925;nottingham_prognostic_index
2239;fam20c_mut;10.023173577950537;0.018370175166378268;her2_status_measured_by_snp6
348;primary_tumor_laterality;110.9331318516031;0.018382542031620593;ncor2_mut
2446;npnt_mut;73.0352707573934;0.018458322594342505;arid1b_mut
1478;myo3a_mut;19.87465444419387;0.018701911216074063;akt2_mut
2161;er_status_measured_by_ihc;63.1896794807727;0.018826140409104325;adgra2_mut
4214;large1_mut;118.80756430928453;0.01907946037727291;arid1a_mut
1539;ptprm_mut;102.50910987879432;0.0191573888266682;col12a1_mut
319;primary_tumor_laterality;7.889320668887027;0.019357790427781844;death_from_cancer
415;primary_tumor_laterality;35.109689936130756;0.01952779506632015;bcas3_mut
6555;ccnd3_mut;21.191099791073185;0.01979972830771305;integrative_cluster
1640;gldc_mut;11.685836504778788;0.019846969239478335;cohort
4941;nf2_mut;158.50007874429102;0.01985623372374303;dnah5_mut
5090;ldlrap1_mut;158.5000787442909;0.019856233723743337;dnah5_mut
5067;ldlrap1_mut;362.21001863379854;0.019937087642356584;nottingham_prognostic_index
600;cellularity;7.818797653064042;0.020052552501347236;neoplasm_histologic_grade
1947;kdm3a_mut;21.146909513870487;0.02009212968146295;integrative_cluster
1872;sbno1_mut;59.170153791130176;0.020141312068846663;taf1_mut
3184;sik2_mut;90.44968906141098;0.02017665321799941;myh9_mut
3035;stk11_mut;90.44968906141096;0.020176653217999548;myh9_mut
1374;myo3a_mut;168.52487566379045;0.020190455884786646;ush2a_mut
2716;sik1_mut;158.33136416758714;0.02029877313955318;dnah5_mut
999;myo1a_mut;40.17115026739002;0.02049908825048017;smarcc2_mut
1671;gldc_mut;162.77125701716383;0.020500294653402595;kmt2d_mut
711;cellularity;34.8749589547039;0.02078043800943993;bcas3_mut
863;ep300_mut;34.84619489377853;0.020938898504958565;men1_mut
43;tumor_stage;134.22372022686199;0.02101459090411074;tg_mut
38;tumor_stage;165.82635686197733;0.021367744418975713;ryr2_mut
1043;fanca_mut;14.858544384648116;0.02138591924022657;pam50_+_claudin-low_subtype
147;tumor_stage;7.685918142580359;0.021430094253771962;age_group
759;ep300_mut;5.280804369813283;0.021561784547694595;overall_survival
6887;tbl1xr1_mut;117.94579179268884;0.021709857287824978;arid1a_mut
1532;ptprm_mut;127.11221077619162;0.02177501893399717;tbx3_mut
474;neoplasm_histologic_grade;161.15710687349141;0.021821513334191935;gata3_mut
1180;fanca_mut;19.41897454694938;0.021856964069243864;akt2_mut
483;neoplasm_histologic_grade;157.6344035144789;0.022220100103532776;dnah5_mut
449;neoplasm_histologic_grade;14.715100546533291;0.022592176829387158;pam50_+_claudin-low_subtype
1147;fanca_mut;41.03773904954884;0.022748438250262563;map3k10_mut
1938;kdm3a_mut;11.356691589473588;0.022834665674567427;cohort
240;3-gene_classifier_subtype;53.62569593147752;0.022848922653982296;foxo3_mut
1582;ptprm_mut;51.116680375169935;0.022956718111177377;arid2_mut
154;3-gene_classifier_subtype;11.34405993410657;0.022957609919269237;cohort
4504;oncotree_code;126.73036623763245;0.02299706715562401;tbx3_mut
4358;tumor_other_histologic_subtype;126.73036623763245;0.02299706715562401;tbx3_mut
4650;cancer_type_detailed;126.73036623763245;0.02299706715562401;tbx3_mut
6340;nt5e_mut;46.08490735885975;0.023012861792678762;aff2_mut
2406;npnt_mut;293.17618311578707;0.0232862045082301;ahnak2_mut
261;3-gene_classifier_subtype;35.744680851063826;0.023353310065862568;smad4_mut
2450;npnt_mut;72.96729612384564;0.02343521109721615;ptprd_mut
2452;npnt_mut;72.96729612384564;0.02343521109721615;setd2_mut
1936;kdm3a_mut;5.128421276630826;0.02353712685627641;chemotherapy
6546;ccnd3_mut;11.274407398890245;0.02364714348395729;cohort
2995;stk11_mut;9.464074001086587;0.023716640115848026;3-gene_classifier_subtype
6297;nt5e_mut;94.14974712388155;0.023834029157367428;col22a1_mut
1044;fanca_mut;11.22550085806538;0.02414324228761994;cohort
60;tumor_stage;92.90003321047108;0.024149282777255147;stab2_mut
18;tumor_stage;12.906408861248721;0.0242717830913536;oncotree_code
2;tumor_stage;12.906408861248721;0.0242717830913536;cancer_type_detailed
314;primary_tumor_laterality;5.044677870351235;0.02470169986348489;overall_survival
1703;gldc_mut;54.467547201967186;0.02484177757373891;erbb2_mut
2682;sik1_mut;11.150237475139711;0.024926442262323465;cohort
4921;nf2_mut;5.0140499911175755;0.025142421522015505;pr_status
1866;sbno1_mut;59.25407005880378;0.02544500980562626;pik3r1_mut
2015;kdm3a_mut;59.25407005880378;0.02544500980562626;pik3r1_mut
2308;fam20c_mut;67.71932252484213;0.025483636812264978;rb1_mut
2837;type_of_breast_surgery;4.990546315921616;0.025486161156906634;hormone_therapy
3419;ptpn22_mut;7.3251344701032854;0.025666536042785338;age_group
2876;type_of_breast_surgery;89.00611614025415;0.025720384293122428;cbfb_mut
2020;kdm3a_mut;59.18690100976735;0.0257908529038221;fancd2_mut
667;cellularity;69.9833829509855;0.02613513609949326;thsd7a_mut
816;ep300_mut;69.9833829509855;0.02613513609949326;thsd7a_mut
575;neoplasm_histologic_grade;25.95858177439934;0.026202476475373732;clk3_mut
5524;dtwd2_mut;346.06604389084976;0.026254767241984264;muc16_mut
2859;type_of_breast_surgery;173.0781647319948;0.026401334845567774;cdh1_mut
439;primary_tumor_laterality;17.378030893333968;0.026404751896448864;frmd3_mut
2431;npnt_mut;108.5688902248879;0.02642795448920918;ncor2_mut
1685;gldc_mut;108.5435444500344;0.026528771968472264;notch1_mut
6393;braf_mut;12.670701036073792;0.026668041306404405;cancer_type_detailed
6409;braf_mut;12.670701036073792;0.026668041306404405;oncotree_code
765;ep300_mut;195.22580971473343;0.026702638371643536;pik3ca_mut
2054;kdm3a_mut;28.59678931147333;0.02680106895352472;gps2_mut
1726;gldc_mut;54.07719408051129;0.026953677810285914;brca1_mut
413;primary_tumor_laterality;35.16780605446485;0.027060664629295395;palld_mut
6416;braf_mut;195.0383887799535;0.02727439140178977;pik3ca_mut
5221;clrn2_mut;9.154242759207353;0.027308904733269572;3-gene_classifier_subtype
3128;sik2_mut;10.88167197651275;0.027926543996468677;cohort
5365;prr16_mut;358.25213090326804;0.027986277195695113;nottingham_prognostic_index
997;myo1a_mut;40.17115026739002;0.028005109874606922;egfr_mut
1342;myo3a_mut;10.831515000607489;0.028524257124337194;cohort
4323;tumor_other_histologic_subtype;9.049948213160087;0.028634116357325153;her2_status_measured_by_snp6
4469;oncotree_code;9.049948213160087;0.028634116357325153;her2_status_measured_by_snp6
4615;cancer_type_detailed;9.049948213160087;0.028634116357325153;her2_status_measured_by_snp6
705;cellularity;34.93257887674909;0.028719819624435018;smad4_mut
854;ep300_mut;34.93257887674908;0.028719819624435036;smad4_mut
328;primary_tumor_laterality;186.8176668073619;0.028740958007872564;ahnak_mut
2829;type_of_breast_surgery;14.07914946037589;0.028764409162918208;pam50_+_claudin-low_subtype
173;3-gene_classifier_subtype;393.36983846497105;0.028793398017685278;tp53_mut
855;ep300_mut;34.90375359942612;0.02892934069632141;casp8_mut
856;ep300_mut;34.90375359942612;0.02892934069632141;prkcq_mut
857;ep300_mut;34.90375359942611;0.028929340696321543;smarcc1_mut
709;cellularity;34.90375359942611;0.028929340696321543;palld_mut
1711;gldc_mut;63.41638456516508;0.029080887415995866;afdn_mut
935;myo1a_mut;117.07834191241406;0.02911742592298285;utrn_mut
245;3-gene_classifier_subtype;45.038646000356316;0.02917065293737261;aff2_mut
1141;fanca_mut;41.11099497679397;0.030245328260626748;pbrm1_mut
2162;er_status_measured_by_ihc;63.18967948077269;0.03036414814247047;ubr5_mut
6868;tbl1xr1_mut;237.97477439282906;0.03061432146760581;syne1_mut
129;tumor_stage;28.11633591671236;0.030622603375631482;rpgr_mut
171;3-gene_classifier_subtype;6.9656416458832435;0.030720631233704453;death_from_cancer
614;cellularity;10.622864920170581;0.03114598934463039;tumor_stage
4064;prkacg_mut;111.86598662857655;0.03194105552753581;col6a3_mut
4066;prkacg_mut;111.84828609704229;0.03202241817525531;lama2_mut
1867;sbno1_mut;59.25407005880378;0.032328582802808974;asxl2_mut
2016;kdm3a_mut;59.25407005880378;0.032328582802808974;asxl2_mut
19;tumor_stage;4.565523340089614;0.03262170582763787;overall_survival
2253;fam20c_mut;6.813802486880013;0.03314374581191716;death_from_cancer
2384;npnt_mut;10.45238905490378;0.03345917595303727;cohort
1809;sbno1_mut;391.27708955480034;0.033941427159737504;tp53_mut
6932;tbl1xr1_mut;38.06966392299653;0.03410724986555779;usp28_mut
4937;nf2_mut;158.6119699822333;0.03438594855692148;dnah2_mut
5087;ldlrap1_mut;158.5495262704565;0.03464461484903845;kmt2d_mut
2490;npnt_mut;35.45787027596909;0.03468131978708022;agmo_mut
1651;gldc_mut;355.6473447999685;0.034682215106658434;nottingham_prognostic_index
2243;fam20c_mut;4.421885273959233;0.035480814206940076;inferred_menopausal_state
293;3-gene_classifier_subtype;8.575865334034718;0.03549528507426132;ndfip1_mut
3183;sik2_mut;90.49344208649985;0.035507860512362655;stab2_mut
2449;npnt_mut;73.00803674070401;0.03556640642241729;shank2_mut
28;tumor_stage;260.3950736597776;0.03560984469738616;kmt2c_mut
344;primary_tumor_laterality;114.50101307346748;0.035675452825217745;arid1a_mut
3476;tumor_size;95.02955204606931;0.03592310531826906;pten_mut
3327;ptpn22_mut;95.02955204606931;0.03592310531826906;pten_mut
41;tumor_stage;125.76144881312953;0.03595379053223632;pde4dip_mut
569;neoplasm_histologic_grade;26.153023499447233;0.03644469409462327;fbxw7_mut
1040;fanca_mut;11.862327794718679;0.03672368713207057;cancer_type_detailed
1056;fanca_mut;11.862327794718679;0.03672368713207057;oncotree_code
2398;npnt_mut;4.361299685338467;0.03676424643798124;pr_status
992;myo1a_mut;40.24610985443301;0.03689579922687398;pbrm1_mut
1194;mutation_count;4.3414731101609005;0.03719472870768423;er_status_measured_by_ihc
452;neoplasm_histologic_grade;4.327794300092641;0.037494803701583874;er_status
1000;myo1a_mut;40.14621695781982;0.037742135476964124;erbb4_mut
4616;cancer_type_detailed;4.315451259058969;0.03776775267576872;her2_status
4324;tumor_other_histologic_subtype;4.315451259058969;0.03776775267576872;her2_status
4470;oncotree_code;4.315451259058969;0.03776775267576872;her2_status
3425;tumor_size;13.34797281773813;0.037831131990371115;pam50_+_claudin-low_subtype
1057;fanca_mut;4.291509937848849;0.03830313439043984;overall_survival
1362;myo3a_mut;389.66798656783203;0.038409969956071696;tp53_mut
2302;fam20c_mut;67.79262605889474;0.03885004363196777;usp9x_mut
663;cellularity;70.04066154803449;0.03957433734854817;ptprd_mut
1026;myo1a_mut;19.031944094522082;0.039858814786379496;gpr32_mut
661;cellularity;34.87515509249468;0.03992433526087631;sf3b1_mut
98;tumor_stage;46.06825585510854;0.03992610407962557;lifr_mut
3739;taf4b_mut;4.209145757923376;0.04020658008362747;radio_therapy
4201;large1_mut;157.28600325970018;0.04024726913640483;dnah2_mut
3584;flt3_mut;19.000482006243452;0.04025656055704021;integrative_cluster
306;primary_tumor_laterality;8.294468572812706;0.04030225025755033;her2_status_measured_by_snp6
3769;taf4b_mut;105.67552742030654;0.040337439467843024;notch1_mut
3918;hdac9_mut;105.67552742030654;0.040337439467843024;notch1_mut
3771;taf4b_mut;105.61913073340817;0.04066155078539813;ncor2_mut
5205;clrn2_mut;9.966845876358876;0.04098987736551409;cohort
6447;braf_mut;94.14508964140548;0.04105558434644376;pten_mut
4021;prkacg_mut;13.116843883630564;0.04121752806248345;pam50_+_claudin-low_subtype
249;3-gene_classifier_subtype;44.68445393098541;0.04129025821540678;l1cam_mut
1712;gldc_mut;54.317798544699365;0.04181898616312704;erbb3_mut
3177;sik2_mut;90.5484032261571;0.042040516819364146;col22a1_mut
2264;fam20c_mut;169.0237496122161;0.04229940188225031;cdh1_mut
2089;er_status_measured_by_ihc;6.322188951153038;0.04237933254422047;neoplasm_histologic_grade
15;tumor_stage;18.835217064001803;0.04240628790089903;integrative_cluster
334;primary_tumor_laterality;160.1123185664577;0.04264297551132066;ryr2_mut
5086;ldlrap1_mut;156.7002634871427;0.04309466826418636;dnah2_mut
496;neoplasm_histologic_grade;105.12448449026459;0.04360087814617357;ncor2_mut
1442;myo3a_mut;41.9673309978706;0.043667092209506105;setdb1_mut
1381;myo3a_mut;126.45616820575084;0.04405122027947093;birc6_mut
1558;ptprm_mut;66.98889963951704;0.04471321534361635;usp9x_mut
277;3-gene_classifier_subtype;26.68769475357711;0.0450875993555692;rpgr_mut
3582;flt3_mut;3.9958515219467743;0.04561239938579457;hormone_therapy
2270;fam20c_mut;133.89928734704858;0.0462051869439015;herc2_mut
349;primary_tumor_laterality;96.76500357078541;0.04621267577347556;col12a1_mut
806;ep300_mut;70.21324283068314;0.04691419232704454;ros1_mut
927;myo1a_mut;161.46696830103016;0.0470008735440652;ush2a_mut
502;neoplasm_histologic_grade;86.342091124905;0.04722564789212349;thada_mut
9;tumor_stage;6.086803598710328;0.04767244126276457;neoplasm_histologic_grade
178;3-gene_classifier_subtype;154.66383600294301;0.04797466227258678;gata3_mut
989;myo1a_mut;40.27114974496153;0.048319491764753586;ncoa3_mut
1045;fanca_mut;3.883899554814164;0.048751201089199704;er_status_measured_by_ihc
6540;ccnd3_mut;3.880135312803784;0.04886061929704004;type_of_breast_surgery
996;myo1a_mut;40.19611015831372;0.04911198958157633;arid5b_mut
4722;cancer_type_detailed;30.197675021837068;0.04933597273177317;dcaf4l2_mut
4576;oncotree_code;30.197675021837068;0.04933597273177317;dcaf4l2_mut
4430;tumor_other_histologic_subtype;30.197675021837068;0.04933597273177317;dcaf4l2_mut
3297;ptpn22_mut;386.25499785412;0.04952954513667749;tp53_mut
764;ep300_mut;6.00310352908153;0.04970987047255121;death_from_cancer
5955;magea8_mut;3.843947824312787;0.04992583742681316;her2_status
2012;kdm3a_mut;59.27090751014324;0.050293853249724615;alk_mut
1684;gldc_mut;108.54354445003442;0.05070695695565205;lama2_mut
2017;kdm3a_mut;59.22044944129844;0.05075153477862259;apc_mut
1868;sbno1_mut;59.220449441298435;0.05075153477862273;apc_mut
5089;ldlrap1_mut;158.51856915613865;0.05109459732904281;ryr2_mut
845;ep300_mut;35.04818729176938;0.05144535743468754;jak1_mut
2715;sik1_mut;158.36858103909327;0.05195734712606862;ryr2_mut
297;primary_tumor_laterality;3.7572779964708265;0.05257810597124287;cancer_type
1144;fanca_mut;41.062131659296064;0.053005422296062504;setdb1_mut
498;neoplasm_histologic_grade;88.9620649148344;0.053260070316961707;col22a1_mut
2731;sik1_mut;88.83763842229688;0.05423816240480478;col22a1_mut
1723;gldc_mut;54.13242031152044;0.05426051372432172;taf1_mut
1432;myo3a_mut;42.1108218277449;0.05488391511830659;cacna2d3_mut
451;neoplasm_histologic_grade;3.6750591759722857;0.0552322930570528;er_status_measured_by_ihc
4355;tumor_other_histologic_subtype;126.83137553196838;0.05559090179794779;tg_mut
4501;oncotree_code;126.83137553196838;0.05559090179794779;tg_mut
4647;cancer_type_detailed;126.83137553196838;0.05559090179794779;tg_mut
894;myo1a_mut;12.280852915586818;0.05598871368109506;pam50_+_claudin-low_subtype
1501;ptprm_mut;3.643626988419488;0.056284193815716255;primary_tumor_laterality
50;tumor_stage;103.22834423052053;0.05659617616911379;notch1_mut
3725;taf4b_mut;3.6292170819625027;0.05677351807150945;er_status_measured_by_ihc
3583;flt3_mut;3.627798514199023;0.05682193259713638;inferred_menopausal_state
2159;er_status_measured_by_ihc;63.236882597343325;0.05701341669678057;rb1_mut
284;3-gene_classifier_subtype;17.869485553206484;0.057205549961623636;gpr32_mut
2303;fam20c_mut;67.79262605889473;0.057827991918533696;setd2_mut
462;neoplasm_histologic_grade;3.594184635815546;0.057982065418795255;overall_survival
396;primary_tumor_laterality;43.04339345756523;0.05808129125789868;bap1_mut
2098;er_status_measured_by_ihc;10.664033558747818;0.0584634675656464;oncotree_code
2083;er_status_measured_by_ihc;10.664033558747818;0.0584634675656464;cancer_type_detailed
4062;prkacg_mut;111.91040985491597;0.05873433158314042;utrn_mut
3325;ptpn22_mut;95.0608878044006;0.058846458955845005;col12a1_mut
3474;tumor_size;95.06088780440058;0.058846458955845136;col12a1_mut
2234;fam20c_mut;12.129153195398862;0.05914880257983397;pam50_+_claudin-low_subtype
533;neoplasm_histologic_grade;52.385841282930706;0.06022365938311254;kdm6a_mut
161;3-gene_classifier_subtype;3.5053517848669458;0.06117085313015396;hormone_therapy
224;3-gene_classifier_subtype;59.318939377585906;0.06130925202680794;afdn_mut
1954;kdm3a_mut;7.342817851516969;0.061737694836563016;3-gene_classifier_subtype
4611;cancer_type_detailed;8.964882082024285;0.061983280863580806;cohort
4319;tumor_other_histologic_subtype;8.964882082024285;0.061983280863580806;cohort
4465;oncotree_code;8.964882082024285;0.061983280863580806;cohort
435;primary_tumor_laterality;17.55331770488441;0.06298250632452237;acvrl1_mut
995;myo1a_mut;40.19611015831372;0.06351405558431918;setdb1_mut
301;primary_tumor_laterality;11.898371294194538;0.06427479959345916;pam50_+_claudin-low_subtype
5357;prr16_mut;5.485263396945727;0.06440064061567961;neoplasm_histologic_grade
5088;ldlrap1_mut;158.5433208160397;0.06474773935342104;ush2a_mut
5237;clrn2_mut;158.54332081603962;0.06474773935342164;ush2a_mut
766;ep300_mut;382.438987228192;0.06495987077261689;tp53_mut
1062;fanca_mut;5.466041508159276;0.06502257549494597;death_from_cancer
2087;er_status_measured_by_ihc;8.839217185645621;0.065246361595323;cohort
4212;large1_mut;118.84898051270478;0.06535120912930444;tbx3_mut
2885;type_of_breast_surgery;86.4113436846724;0.06535912328072774;stab2_mut
6251;nt5e_mut;5.3834669660171555;0.06776337084771435;neoplasm_histologic_grade
5876;agtr2_mut;56.33843438659894;0.06862264445058865;adgra2_mut
3031;stk11_mut;90.51539044309207;0.06916389111649009;atr_mut
3180;sik2_mut;90.51539044309203;0.06916389111649049;atr_mut
292;3-gene_classifier_subtype;8.695129824561405;0.06918829268173263;mtap_mut
704;cellularity;34.93257887674908;0.06940682644517142;zfp36l1_mut
83;tumor_stage;55.100459045554004;0.06951208591486614;asxl2_mut
5053;ldlrap1_mut;5.320006533572053;0.06994799323915521;cellularity
366;primary_tumor_laterality;68.89009413196163;0.0701253479817238;shank2_mut
5512;dtwd2_mut;17.179571080239004;0.07048377077493975;integrative_cluster
5140;ldlrap1_mut;51.513266208345534;0.07057257982528864;kdm6a_mut
313;primary_tumor_laterality;10.165684155102426;0.07067449006114959;oncotree_code
298;primary_tumor_laterality;10.165684155102426;0.07067449006114959;cancer_type_detailed
281;3-gene_classifier_subtype;18.492444444444445;0.07083529452130444;lipi_mut
1437;myo3a_mut;42.03896149756759;0.07102586399732053;bap1_mut
2564;nek1_mut;152.15722783986755;0.07143816377283216;kmt2d_mut
3718;taf4b_mut;3.2329470448072195;0.07217070433113996;type_of_breast_surgery
2053;kdm3a_mut;28.59678931147333;0.07259762787281111;cdkn1b_mut
2978;stk11_mut;11.516866347123573;0.0736566193559977;pam50_+_claudin-low_subtype
3768;taf4b_mut;105.67552742030651;0.07367051892786226;lama2_mut
2007;kdm3a_mut;59.389279068371444;0.07374003000710258;setd1a_mut
1858;sbno1_mut;59.389279068371444;0.07374003000710258;setd1a_mut
2104;er_status_measured_by_ihc;5.20234113919491;0.0741866866879933;death_from_cancer
532;neoplasm_histologic_grade;52.38584128293071;0.07436920216009207;taf1_mut
45;tumor_stage;110.00973116190012;0.07462301150279459;utrn_mut
1106;fanca_mut;65.05269278424053;0.07473378248145712;arid1b_mut
1103;fanca_mut;66.17810995283936;0.07495516781561201;map2k4_mut
327;primary_tumor_laterality;221.94896125868607;0.07505108755561365;map3k1_mut
639;cellularity;105.52280617086367;0.07509976560615142;col6a3_mut
6403;braf_mut;12.866962657230335;0.07541693204954923;tumor_other_histologic_subtype
2879;type_of_breast_surgery;86.46921477202818;0.07592111546580017;col22a1_mut
3433;tumor_size;3.138591133518946;0.0764598276404312;hormone_therapy
4171;large1_mut;8.447007432800897;0.07650988509049508;cohort
378;primary_tumor_laterality;53.365381524810395;0.07678659681466356;pik3r1_mut
4027;prkacg_mut;3.1297201359388893;0.0768769367649054;her2_status
613;cellularity;6.847950129324737;0.07690530733317877;3-gene_classifier_subtype
1669;gldc_mut;163.3656312980598;0.07733895049098306;cdh1_mut
953;myo1a_mut;80.69405011514797;0.07756978279610194;nf1_mut
1510;ptprm_mut;184.96861548444008;0.07770650850470708;pik3ca_mut
1817;sbno1_mut;178.44029205162806;0.07804369235040114;dnah11_mut
1083;fanca_mut;121.74646360336132;0.07832360771523465;birc6_mut
3298;ptpn22_mut;332.13315357933806;0.07847360413921406;muc16_mut
3447;tumor_size;332.13315357933806;0.07847360413921406;muc16_mut
2839;type_of_breast_surgery;16.816655235198507;0.07852066294490506;integrative_cluster
987;myo1a_mut;40.32130982497267;0.07881900477862351;aff2_mut
1058;fanca_mut;3.0889393003114387;0.07882617591525538;pr_status
1210;mutation_count;8.333575895862696;0.08009540926023186;tumor_stage
1718;gldc_mut;54.22486012978665;0.08082600156391544;asxl2_mut
1097;fanca_mut;82.63989713073137;0.08093615154730098;thada_mut
1698;gldc_mut;80.34357053682895;0.08150601020408761;nf1_mut
332;primary_tumor_laterality;150.88847379921322;0.08161706255570751;kmt2d_mut
2551;nek1_mut;5.0114329089561975;0.08161710209468909;death_from_cancer
1050;fanca_mut;12.631066950399429;0.08162411467088586;tumor_other_histologic_subtype
1209;mutation_count;6.712023915217936;0.08166555280836396;3-gene_classifier_subtype
189;3-gene_classifier_subtype;119.09918626353118;0.08250519926768787;pde4dip_mut
276;3-gene_classifier_subtype;26.80636267232238;0.08269970717376111;map3k13_mut
202;3-gene_classifier_subtype;85.79380116959064;0.08326592159814572;col22a1_mut
1208;mutation_count;2.996426040224031;0.08344841377758641;radio_therapy
1825;sbno1_mut;118.98291555402416;0.08362320636711564;pde4dip_mut
1974;kdm3a_mut;118.98291555402416;0.08362320636711564;pde4dip_mut
183;3-gene_classifier_subtype;150.58444697833525;0.08422027195730131;dnah2_mut
3622;flt3_mut;100.09822690755873;0.08501925476867374;ncor2_mut
422;primary_tumor_laterality;25.425102278755478;0.0855909722444701;ttyh1_mut
4462;oncotree_code;4.873468496998424;0.08744596244086134;cellularity
4608;cancer_type_detailed;4.873468496998424;0.08744596244086134;cellularity
4316;tumor_other_histologic_subtype;4.873468496998424;0.08744596244086134;cellularity
1680;gldc_mut;108.67313970744115;0.08776246245495362;utrn_mut
429;primary_tumor_laterality;17.72916098250327;0.08808154843895226;lipi_mut
3121;stk11_mut;4.84537829791196;0.0886828152159418;age_group
1417;myo3a_mut;54.81653318513464;0.08879066301204193;adgra2_mut
2832;type_of_breast_surgery;2.8957069276835825;0.08881580667540195;er_status
529;neoplasm_histologic_grade;52.50230776992227;0.08900535618940739;ctcf_mut
530;neoplasm_histologic_grade;52.46344390816928;0.08959105579291905;asxl1_mut
31;tumor_stage;219.8342653457198;0.08999648671122668;map3k1_mut
4025;prkacg_mut;4.815403481218059;0.09002195080029637;neoplasm_histologic_grade
531;neoplasm_histologic_grade;52.42462176822171;0.09017926763328336;fancd2_mut
5510;dtwd2_mut;2.8561797560927227;0.09102344043781646;hormone_therapy
5662;ctnna1_mut;2.831669393663961;0.09242224172773282;primary_tumor_laterality
32;tumor_stage;175.55578478480334;0.09263459277490864;ahnak_mut
3277;ptpn22_mut;7.961557952796698;0.09299656921870902;cohort
5354;prr16_mut;7.95698737161157;0.09316656994127033;cohort
3182;sik2_mut;90.50441026141613;0.09324099703368574;ncor1_mut
1940;kdm3a_mut;2.809802214464481;0.09368992610897309;er_status
6116;foxo1_mut;7.911364053965618;0.09487953691595735;tumor_stage
72;tumor_stage;62.33146563544267;0.09562457100643461;usp9x_mut
91;tumor_stage;47.468933829724804;0.09564458556395326;brca1_mut
2148;er_status_measured_by_ihc;63.3953349741964;0.09661819745795017;arid1b_mut
3574;flt3_mut;10.737146969149862;0.0968479457268696;pam50_+_claudin-low_subtype
1360;myo3a_mut;4.668124360690974;0.09690131588573386;death_from_cancer
572;neoplasm_histologic_grade;26.11405267650551;0.0971785754611128;map3k13_mut
56;tumor_stage;18.640169170876792;0.09759017825217715;akt1_mut
180;3-gene_classifier_subtype;174.94123456790126;0.09806746388550633;ahnak_mut
6315;nt5e_mut;62.12940902042488;0.09861549773516562;usp9x_mut
103;tumor_stage;34.45069699326467;0.09862012917226089;chd1_mut
179;3-gene_classifier_subtype;218.7278155529504;0.09869101874550033;map3k1_mut
192;3-gene_classifier_subtype;119.62705249489893;0.09957710268375544;birc6_mut
4904;nf2_mut;4.612574627992091;0.09963046237686178;cellularity
398;primary_tumor_laterality;35.576355543756854;0.09973972945174397;pbrm1_mut
111;tumor_stage;30.8137627281514;0.09998984130752961;agmo_mut
3717;flt3_mut;4.603059476934472;0.10010559116093543;age_group
1203;mutation_count;2.702632298920136;0.10018271738941173;primary_tumor_laterality
458;neoplasm_histologic_grade;15.921273302562177;0.10190832921662189;integrative_cluster
70;tumor_stage;66.41410701987968;0.10198003759712214;shank2_mut
5502;dtwd2_mut;10.584950220215003;0.10208276245003035;pam50_+_claudin-low_subtype
4911;nf2_mut;6.191692669060947;0.10264742782523681;her2_status_measured_by_snp6
5230;clrn2_mut;147.53708206769778;0.10269274557151896;gata3_mut
2244;fam20c_mut;15.892433614460707;0.10275329244770166;integrative_cluster
674;cellularity;51.639654199654196;0.10276296179224677;pik3r1_mut
4498;oncotree_code;126.94180851046917;0.10291588651337336;herc2_mut
4352;tumor_other_histologic_subtype;126.94180851046917;0.10291588651337336;herc2_mut
4644;cancer_type_detailed;126.94180851046917;0.10291588651337336;herc2_mut
112;tumor_stage;33.04052922649871;0.10322119873207766;zfp36l1_mut
3436;tumor_size;2.6547589627121084;0.10324040528259036;primary_tumor_laterality
4;tumor_stage;2.6520860597392604;0.10341410805425219;chemotherapy
4354;tumor_other_histologic_subtype;126.85489407499549;0.10387107354760601;akap9_mut
4646;cancer_type_detailed;126.85489407499549;0.10387107354760601;akap9_mut
4500;oncotree_code;126.85489407499549;0.10387107354760601;akap9_mut
1137;fanca_mut;41.18448582416923;0.10443928680199731;lifr_mut
1939;kdm3a_mut;2.6358579623720146;0.10447560957424881;er_status_measured_by_ihc
2527;nek1_mut;2.6338396974104703;0.10460845918351841;type_of_breast_surgery
968;myo1a_mut;59.45684572160371;0.10499394164106221;rb1_mut
2728;sik1_mut;79.49616582906704;0.10655762581043964;cbfb_mut
1862;sbno1_mut;59.32152878567972;0.1071821947061457;rb1_mut
2011;kdm3a_mut;59.32152878567972;0.1071821947061457;rb1_mut
4046;prkacg_mut;224.0724169145222;0.10736896285551617;syne1_mut
6093;foxo1_mut;2.5911420518726884;0.10746282481496951;type_of_breast_surgery
1568;ptprm_mut;51.33189141033894;0.1080669512999041;pik3r1_mut
5503;dtwd2_mut;7.576508084853435;0.1083825481365913;cohort
6108;foxo1_mut;15.705070101033318;0.10839211012625348;integrative_cluster
6099;foxo1_mut;7.572374747342306;0.10855989457464149;cohort
1571;ptprm_mut;51.29257289773417;0.10876004255237284;ctcf_mut
509;neoplasm_histologic_grade;64.83960148233751;0.10890893721082984;ros1_mut
44;tumor_stage;118.80059411549651;0.10899518608325366;birc6_mut
1573;ptprm_mut;51.25333880490957;0.10945517440841804;fancd2_mut
3767;taf4b_mut;105.68496325979035;0.10948531987804369;arid1a_mut
39;tumor_stage;143.6384467032934;0.10962764358747709;dnah5_mut
14;tumor_stage;2.5594509498422275;0.10963665385432851;inferred_menopausal_state
4032;prkacg_mut;2.554323993677578;0.10999285316038786;primary_tumor_laterality
602;cellularity;2.543488485437028;0.11074985277459133;her2_status
647;cellularity;86.86340047444705;0.11178894377695453;pten_mut
851;ep300_mut;34.99032152493281;0.11185829770702264;erbb4_mut
1638;gldc_mut;2.5239188093895573;0.11213161382776941;chemotherapy
2538;nek1_mut;2.520876025170068;0.11234815621468668;her2_status
63;tumor_stage;77.9728428889693;0.11255001273530771;nf1_mut
355;primary_tumor_laterality;89.00323462862528;0.11265496737555326;ncor1_mut
232;3-gene_classifier_subtype;54.450897367006995;0.11312564170264773;apc_mut
145;tumor_stage;5.961866513543818;0.11348031332607167;ndfip1_mut
134;tumor_stage;19.320183662018543;0.11350597150730067;prkce_mut
5207;clrn2_mut;2.4870384573539153;0.11478754004070751;er_status
97;tumor_stage;38.33201913396778;0.11512887585313775;aff2_mut
2154;er_status_measured_by_ihc;63.31589466093629;0.11545948408588717;setd2_mut
2857;type_of_breast_surgery;173.12497271689622;0.11556614573317057;ahnak_mut
4261;large1_mut;38.3067539804828;0.11566506862285578;cacna2d3_mut
71;tumor_stage;63.302560815453724;0.11568217575130955;ptprd_mut
5977;magea8_mut;173.1078419340438;0.11574173699879643;ahnak_mut
5828;agtr2_mut;173.10784193404373;0.11574173699879702;ahnak_mut
770;ep300_mut;223.09451177493278;0.11598837585600708;syne1_mut
1714;gldc_mut;54.24340779622885;0.11684097981987472;alk_mut
1719;gldc_mut;54.18782459593425;0.11785239239556887;apc_mut
3278;ptpn22_mut;2.4438411248889302;0.117986993536599;er_status_measured_by_ihc
3312;ptpn22_mut;125.62044337330963;0.11818862837924987;herc2_mut
6264;nt5e_mut;5.8640215651854515;0.11841657638789985;3-gene_classifier_subtype
3286;ptpn22_mut;15.376456808797819;0.11892777716452413;integrative_cluster
1491;ptprm_mut;7.336001794595756;0.11916216402324073;cohort
2711;sik1_mut;158.83818976954444;0.11958879391798417;cdh1_mut
3135;sik2_mut;2.422189566295499;0.11962761797251384;hormone_therapy
1657;gldc_mut;7.323567898171826;0.11974560407944065;tumor_stage
2092;er_status_measured_by_ihc;11.441332222077929;0.12049330853381464;tumor_other_histologic_subtype
4936;nf2_mut;158.75188427591885;0.12053673971730587;cdh1_mut
2982;stk11_mut;4.223803928220842;0.12100759532064584;neoplasm_histologic_grade
1389;myo3a_mut;97.14407698021175;0.12139439620641253;ncor2_mut
5206;clrn2_mut;2.3991312484782314;0.12140265352219634;er_status_measured_by_ihc
37;tumor_stage;152.2398687057264;0.12148964145578305;ush2a_mut
988;myo1a_mut;40.32130982497268;0.12195308190885523;lifr_mut
2828;type_of_breast_surgery;2.38740758806453;0.12231631879107926;chemotherapy
3764;taf4b_mut;105.74179822191986;0.12298846442138059;utrn_mut
637;cellularity;105.6677386820783;0.12400073082562968;utrn_mut
3435;tumor_size;15.166221274771118;0.1261182235213184;integrative_cluster
159;3-gene_classifier_subtype;2.3281171672831205;0.12705547433213188;her2_status
5829;agtr2_mut;173.1020148422768;0.1271250418661994;dnah11_mut
6688;ccnd3_mut;4.123185022253111;0.12725115956135802;age_group
267;3-gene_classifier_subtype;27.2822954303932;0.12750701502382678;bcas3_mut
1133;fanca_mut;41.20903517318549;0.12759796249922786;brca2_mut
187;3-gene_classifier_subtype;142.04701279157263;0.1278654657686993;dnah5_mut
431;primary_tumor_laterality;17.611870170476315;0.1279937188174371;gh1_mut
62;tumor_stage;75.85488928106294;0.12841143433553937;runx1_mut
5966;magea8_mut;5.665867593342694;0.12904770213258823;3-gene_classifier_subtype
1569;ptprm_mut;51.33189141033893;0.12936130185674283;asxl2_mut
82;tumor_stage;50.16768913693351;0.13012736163758062;pik3r1_mut
212;3-gene_classifier_subtype;62.461642512077304;0.13041543938000363;map2k4_mut
1059;fanca_mut;2.2870384258385696;0.13045864256784226;radio_therapy
5851;agtr2_mut;85.52398658227632;0.1317716897798664;pten_mut
3881;hdac9_mut;2.2649619237366334;0.1323294644632049;inferred_menopausal_state
3732;taf4b_mut;2.2649619237366334;0.1323294644632049;inferred_menopausal_state
6266;nt5e_mut;4.0398843555578505;0.13266313573551541;death_from_cancer
1433;myo3a_mut;42.11082182774489;0.13292254371047812;arid2_mut
495;neoplasm_histologic_grade;77.75666455662987;0.13336218129631772;cbfb_mut
2146;er_status_measured_by_ihc;63.411274733364635;0.13338388315155922;ros1_mut
6695;nr3c1_mut;7.046379509351497;0.13345748560051476;cohort
6259;nt5e_mut;336.681548927823;0.1338171335868313;nottingham_prognostic_index
4185;large1_mut;2.245449096564778;0.1340079971912445;pr_status
840;ep300_mut;35.13521765224915;0.1354736499646392;ncoa3_mut
2692;sik1_mut;2.210555531667114;0.13706930369811582;primary_tumor_laterality
2543;nek1_mut;2.210555531667114;0.13706930369811582;primary_tumor_laterality
698;cellularity;35.04818729176938;0.13764946830458372;arid5b_mut
847;ep300_mut;35.04818729176937;0.13764946830458374;arid5b_mut
1382;myo3a_mut;104.67047521096866;0.1382505001048193;utrn_mut
4031;prkacg_mut;14.81599865540008;0.13891560490081922;integrative_cluster
745;ep300_mut;9.662222968837684;0.1396162865862446;pam50_+_claudin-low_subtype
5056;ldlrap1_mut;6.9069874126852575;0.1408859169640568;cohort
937;myo1a_mut;100.15147629443439;0.14115250816634464;col6a3_mut
110;tumor_stage;33.744862221826985;0.14156926980444168;erbb4_mut
962;myo1a_mut;59.57939295635649;0.14310327110099133;usp9x_mut
631;cellularity;140.77459852629153;0.14400105455908382;dnah5_mut
5198;ldlrap1_mut;3.864705719905369;0.144807086551874;age_group
27;tumor_stage;270.5471366571776;0.14518842858534223;ahnak2_mut
3423;tumor_size;3.8542469959215397;0.14556631864599934;cellularity
821;ep300_mut;51.668062809849665;0.14574930232520694;adgra2_mut
2005;kdm3a_mut;59.40626241626241;0.14660286688334623;usp9x_mut
6561;ccnd3_mut;2.096649333780038;0.14762232988577179;radio_therapy
984;myo1a_mut;40.34643010033655;0.14775933216252218;brca2_mut
2408;npnt_mut;219.86395600923933;0.14812861823865567;syne1_mut
6550;ccnd3_mut;5.340993068614379;0.148464420744455;her2_status_measured_by_snp6
114;tumor_stage;27.64796348638276;0.15042078850819315;casp8_mut
3322;ptpn22_mut;95.19787709248054;0.1511794924585691;notch1_mut
2838;type_of_breast_surgery;2.056146253322751;0.1515931345500517;inferred_menopausal_state
528;neoplasm_histologic_grade;52.50230776992229;0.15188962620907276;apc_mut
3324;ptpn22_mut;95.1344074210548;0.15223369695827657;ncor2_mut
3473;tumor_size;95.1344074210548;0.15223369695827657;ncor2_mut
234;3-gene_classifier_subtype;49.10596491228071;0.15315324063291474;asxl1_mut
1091;fanca_mut;95.04258571281039;0.15376826207712777;ncor2_mut
115;tumor_stage;27.531433250462687;0.1539474122016668;prkcq_mut
1135;fanca_mut;41.20903517318549;0.15441814130549586;arid2_mut
5203;clrn2_mut;2.0278472199446176;0.15443923330885814;chemotherapy
5820;agtr2_mut;177.1194515104827;0.15459500989468605;pik3ca_mut
401;primary_tumor_laterality;35.45931600836876;0.15688886809234512;setdb1_mut
563;neoplasm_histologic_grade;26.270184453859724;0.15707280858379755;bcas3_mut
1941;kdm3a_mut;3.699082538882191;0.15730931235334253;neoplasm_histologic_grade
257;3-gene_classifier_subtype;30.873493162848526;0.15746391105169463;smarcc2_mut
265;3-gene_classifier_subtype;27.40159489633174;0.157952488235632;palld_mut
2579;nek1_mut;76.37259272051853;0.15810515531118313;cbfb_mut
6552;ccnd3_mut;10.554905446832876;0.1592465666148212;tumor_other_histologic_subtype
567;neoplasm_histologic_grade;26.192035692689334;0.15956279646047372;brip1_mut
5798;agtr2_mut;3.66978296719989;0.15963082339055312;cellularity
308;primary_tumor_laterality;10.491344265447832;0.16239655121947558;tumor_other_histologic_subtype
4182;large1_mut;333.4153840955358;0.16254718604749457;nottingham_prognostic_index
957;myo1a_mut;59.70260440376378;0.16367046272320923;arid1b_mut
177;3-gene_classifier_subtype;218.36826368952688;0.16498253116525993;syne1_mut
4023;prkacg_mut;1.9236556240359082;0.16545422610835564;er_status_measured_by_ihc
5671;ctnna1_mut;176.2228721100927;0.1660086700941626;pik3ca_mut
1531;ptprm_mut;102.90071717178063;0.16645618602216777;utrn_mut
66;tumor_stage;59.567952459734684;0.16664349641018597;lamb3_mut
3872;hdac9_mut;9.12152629660003;0.1668579908118335;pam50_+_claudin-low_subtype
1945;kdm3a_mut;1.9097874028610775;0.16698687620360012;hormone_therapy
504;neoplasm_histologic_grade;79.16343115088227;0.16706130786036347;stab2_mut
57;tumor_stage;83.4846669681313;0.1671909401072335;atr_mut
6115;foxo1_mut;5.050049250243735;0.1681687633403693;3-gene_classifier_subtype
2000;kdm3a_mut;59.49145530771546;0.16834992595638829;arid1b_mut
1850;sbno1_mut;59.49145530771546;0.16834992595638829;lamb3_mut
1851;sbno1_mut;59.49145530771546;0.16834992595638829;arid1b_mut
6101;foxo1_mut;1.8945727077636552;0.16868706587398657;er_status
3866;taf4b_mut;3.5542860945894352;0.16912062736287964;age_group
1520;ptprm_mut;154.73115478088192;0.171129194856793;cdh1_mut
1937;kdm3a_mut;9.038684281380753;0.17141415467941118;pam50_+_claudin-low_subtype
6721;nr3c1_mut;211.49168715929395;0.17197324360054092;map3k1_mut
80;tumor_stage;50.520373277062816;0.17233418426088326;adgra2_mut
3892;hdac9_mut;175.7168596966115;0.1727025379052292;pik3ca_mut
2979;stk11_mut;6.367960608586966;0.17330239109409643;cohort
4058;prkacg_mut;112.05423564662087;0.17445035927597632;pde4dip_mut
1053;fanca_mut;13.966048621126587;0.17454587631507262;integrative_cluster
475;neoplasm_histologic_grade;211.0270376039586;0.1777091093554589;map3k1_mut
2981;stk11_mut;1.8061605009733919;0.17896950108360427;er_status
3427;tumor_size;1.7991563873331409;0.17981451700444434;er_status_measured_by_ihc
3576;flt3_mut;1.7991563873331409;0.17981451700444434;er_status_measured_by_ihc
393;primary_tumor_laterality;35.75238400585312;0.1808900174711735;aff2_mut
610;cellularity;1.7887461797594977;0.18107900308979877;overall_survival
3727;taf4b_mut;3.412514354625356;0.18154400964037473;neoplasm_histologic_grade
4019;prkacg_mut;3.4108388350023646;0.1816961636410237;cellularity
818;ep300_mut;45.733928966722935;0.18178659593798366;erbb3_mut
2833;type_of_breast_surgery;3.4058555140653013;0.18214945327666898;neoplasm_histologic_grade
5650;ctnna1_mut;1.7742148923485208;0.18286131194602062;chemotherapy
5352;prr16_mut;1.7742148923485208;0.18286131194602062;chemotherapy
1544;ptprm_mut;76.17290903374054;0.1837937853866763;thada_mut
2586;nek1_mut;76.17118129599383;0.18383011213225975;thada_mut
2972;type_of_breast_surgery;3.367503299712351;0.1856760760956897;age_group
2533;nek1_mut;6.172690828913287;0.18661746751479702;cohort
139;tumor_stage;13.704570534210463;0.18689850715210196;acvrl1_mut
1207;mutation_count;1.7266596864556778;0.18883804920416503;pr_status
132;tumor_stage;17.220550730855283;0.18941695001727274;prkcz_mut
1804;sbno1_mut;1.721161386588487;0.18954361763731525;radio_therapy
49;tumor_stage;97.20455096901475;0.19210780885731832;lama2_mut
5665;ctnna1_mut;1.69840047558642;0.19249729293115098;overall_survival
5367;prr16_mut;1.69840047558642;0.19249729293115098;overall_survival
5648;ctnna1_mut;7.366877574923877;0.19475339402086944;cancer_type_detailed
5664;ctnna1_mut;7.366877574923877;0.19475339402086944;oncotree_code
561;neoplasm_histologic_grade;26.309321154031192;0.19489935468086353;palld_mut
1857;sbno1_mut;59.40626241626241;0.19606176069010472;setd2_mut
95;tumor_stage;35.24329942676258;0.19666149310276884;cacna2d3_mut
3270;sik2_mut;3.225463935826662;0.1993422727938464;age_group
3726;taf4b_mut;1.6466636948654236;0.199413629003477;er_status
124;tumor_stage;23.898847788238992;0.20006108437853948;nrg3_mut
1948;kdm3a_mut;1.6417580999896284;0.2000844204040511;primary_tumor_laterality
5204;clrn2_mut;8.540236553600703;0.20113314865938053;pam50_+_claudin-low_subtype
4790;ppp2r2a_mut;146.41045970297307;0.20138348383503774;ush2a_mut
5816;agtr2_mut;1.6268210299693822;0.2021433091852161;radio_therapy
5369;prr16_mut;1.6268210299693822;0.2021433091852161;radio_therapy
5794;ctnna1_mut;3.1962729612581606;0.20227310684818955;age_group
88;tumor_stage;46.063618238425185;0.20311408209789047;taf1_mut
3746;taf4b_mut;265.0762456313119;0.20494789778965022;ahnak2_mut
1405;myo3a_mut;42.694112828490674;0.2054710694264899;erbb2_mut
2248;fam20c_mut;1.5995353367863117;0.205969072709815;overall_survival
146;tumor_stage;3.158099712699214;0.2061708971404094;prps2_mut
6867;tbl1xr1_mut;237.98316278834747;0.20624668039723149;kmt2c_mut
482;neoplasm_histologic_grade;144.0071065953649;0.2063079781447941;ryr2_mut
4194;large1_mut;237.9661828884603;0.20646594324509654;kmt2c_mut
2705;sik1_mut;237.949058478787;0.20668722247610347;kmt2c_mut
1047;fanca_mut;3.1395711167789107;0.20808980068483324;neoplasm_histologic_grade
285;3-gene_classifier_subtype;9.653784355179702;0.2090566807599741;kras_mut
3149;sik2_mut;316.4283369691374;0.20965501241459228;muc16_mut
2235;fam20c_mut;5.86197862354;0.20969562922247137;cohort
1351;myo3a_mut;13.237474861702788;0.2106957801765597;integrative_cluster
6100;foxo1_mut;1.5398479467112172;0.21464043940471716;er_status_measured_by_ihc
2558;nek1_mut;139.30837026990767;0.21470927209545554;gata3_mut
13;tumor_stage;1.5378460266579441;0.21493870472740184;hormone_therapy
252;3-gene_classifier_subtype;28.000000000000004;0.21578161812209604;jak1_mut
1131;fanca_mut;41.25821272351679;0.215867242664636;foxo3_mut
1060;fanca_mut;4.44653295677573;0.21710929538077547;3-gene_classifier_subtype
6097;foxo1_mut;1.5231620329970836;0.21714160982294314;chemotherapy
3280;ptpn22_mut;3.0504699744254813;0.21756992470758332;neoplasm_histologic_grade
6401;braf_mut;4.421784768964704;0.21937391419128466;her2_status_measured_by_snp6
945;myo1a_mut;80.97017547411727;0.21958750211896194;pten_mut
3354;ptpn22_mut;46.576173981171536;0.22003547143722893;pik3r1_mut
4036;prkacg_mut;1.4998312684455826;0.2206973258490365;pr_status
5959;magea8_mut;13.052261388309638;0.22076449048261593;integrative_cluster
207;3-gene_classifier_subtype;83.04420131291029;0.22081860870272751;ncor1_mut
1428;myo3a_mut;42.18291309631591;0.22115666324766892;brca1_mut
1849;sbno1_mut;59.508549326065584;0.221174810131522;ros1_mut
86;tumor_stage;46.53316408036237;0.2213235951891451;asxl1_mut
4178;large1_mut;1.4919380082896625;0.22191601023331117;hormone_therapy
6109;foxo1_mut;1.4816342910657947;0.22351899727544583;primary_tumor_laterality
6253;nt5e_mut;1.4709618305749155;0.22519399981106944;her2_status
81;tumor_stage;50.64250977355732;0.22795580147844727;ubr5_mut
3129;sik2_mut;1.4525165979420462;0.22812457199141783;er_status_measured_by_ihc
598;cellularity;1.449050909301574;0.22868030319721985;er_status_measured_by_ihc
100;tumor_stage;35.389740343547395;0.22873588803925077;bap1_mut
142;tumor_stage;10.544835772049257;0.2288462449321817;prkg1_mut
3468;tumor_size;95.21912731451295;0.23278124634696076;col6a3_mut
2588;nek1_mut;76.14457604713371;0.23301136940410455;stab2_mut
3434;tumor_size;1.4223467936856036;0.23301751828762798;inferred_menopausal_state
3321;ptpn22_mut;95.19787709248052;0.23324417349564683;lama2_mut
1812;sbno1_mut;235.93870975996722;0.23370584516408735;kmt2c_mut
5518;dtwd2_mut;1.417604476730725;0.23379809717654704;radio_therapy
4038;prkacg_mut;4.26332078552935;0.2343982430765601;3-gene_classifier_subtype
1560;ptprm_mut;51.4900151314788;0.2347546581714703;setd1a_mut
3589;flt3_mut;1.4082608716760896;0.23534531307810208;pr_status
1070;fanca_mut;206.73594208641245;0.23670082605464918;map3k1_mut
692;cellularity;35.135217652249146;0.23775361736000675;bap1_mut
6257;nt5e_mut;12.752322139717693;0.23785134341295083;integrative_cluster
5943;agtr2_mut;2.8717717215304988;0.2379045203589528;age_group
5348;prr16_mut;1.392795260589093;0.23793361371516725;type_of_breast_surgery
2245;fam20c_mut;1.387948999085565;0.2387517701226192;primary_tumor_laterality
693;cellularity;35.106176571448714;0.23879755794203528;l1cam_mut
3026;stk11_mut;90.64809637435528;0.24053889782077587;ncor2_mut
223;3-gene_classifier_subtype;55.521036717062636;0.24250284630985255;thsd7a_mut
1191;mutation_count;1.362953003496368;0.243026355267289;chemotherapy
36;tumor_stage;138.72878113259503;0.24381639596187543;kmt2d_mut
5656;ctnna1_mut;4.167969751174457;0.24388834915872884;her2_status_measured_by_snp6
6396;braf_mut;7.888248979279826;0.24640536134091978;pam50_+_claudin-low_subtype
3420;tumor_size;1.3417279186543891;0.24672947603097511;type_of_breast_surgery
2993;stk11_mut;1.335645764788898;0.24780330845825688;pr_status
2826;type_of_breast_surgery;6.647220788404835;0.2482263316695678;cancer_type_detailed
2842;type_of_breast_surgery;6.647220788404834;0.24822633166956828;oncotree_code
339;primary_tumor_laterality;112.36769302676313;0.24824980060759988;tg_mut
2691;sik1_mut;12.572307022763443;0.2485768724102024;integrative_cluster
2845;type_of_breast_surgery;1.3299099406778627;0.24882124006038078;radio_therapy
1130;fanca_mut;41.28284100930134;0.25070982659943836;brca1_mut
75;tumor_stage;55.22322192799145;0.2512488296088409;thsd7a_mut
242;3-gene_classifier_subtype;36.93404634581105;0.2514055678436161;brca2_mut
6846;tbl1xr1_mut;1.315038583495585;0.25148441471346294;er_status
287;3-gene_classifier_subtype;12.52372600810002;0.25153242600896075;acvrl1_mut
1789;sbno1_mut;5.36474190661694;0.25187707003919885;cohort
2003;kdm3a_mut;59.45732280112355;0.2522047331746527;shank2_mut
6411;braf_mut;1.3066145351257141;0.2530085281864071;pr_status
6248;nt5e_mut;5.3513663056986385;0.2531066986085806;cohort
4755;ppp2r2a_mut;2.74706965663726;0.253210320741968;cellularity
251;3-gene_classifier_subtype;29.25001658374793;0.25359999625568935;chd1_mut
3748;taf4b_mut;211.75306336795427;0.2548398080750857;syne1_mut
394;primary_tumor_laterality;35.75238400585314;0.2549563055108613;lifr_mut
3914;hdac9_mut;105.73229945953032;0.255719665718015;tbx3_mut
315;primary_tumor_laterality;1.2908195540761496;0.2558969722128896;pr_status
3587;flt3_mut;6.549592278673443;0.256349120866592;oncotree_code
3571;flt3_mut;6.549592278673443;0.256349120866592;cancer_type_detailed
459;neoplasm_histologic_grade;1.287946661814845;0.25642669980570976;primary_tumor_laterality
6556;ccnd3_mut;1.27565005951422;0.25870940254530406;primary_tumor_laterality
2732;sik1_mut;79.32907879141165;0.25903629706901693;pten_mut
2734;sik1_mut;79.30358414173523;0.2596812167902288;atr_mut
3572;flt3_mut;2.69037303194332;0.2604911175747811;cellularity
6241;foxo1_mut;2.687482629088975;0.26086785187256756;age_group
113;tumor_stage;24.68612512669469;0.26101403741088214;smad4_mut
6845;tbl1xr1_mut;1.2606192098134046;0.26153391516586355;er_status_measured_by_ihc
3577;flt3_mut;1.2588685107832647;0.2618653747569958;er_status
1600;ptprm_mut;24.664347753570546;0.261993926595232;casp8_mut
630;cellularity;140.8614221909869;0.2625378138876473;ryr2_mut
3292;ptpn22_mut;1.2539483069339263;0.26279970975660105;radio_therapy
4174;large1_mut;2.660675219975422;0.2643879862058162;neoplasm_histologic_grade
2535;nek1_mut;1.2423652602295483;0.2650156969648687;er_status
2387;npnt_mut;2.6557008516514;0.26504638625941634;neoplasm_histologic_grade
1653;gldc_mut;1.2415860848368487;0.2651655954250818;overall_survival
1503;ptprm_mut;6.4312325917715105;0.26648905675715495;oncotree_code
1487;ptprm_mut;6.4312325917715105;0.26648905675715495;cancer_type_detailed
152;3-gene_classifier_subtype;1.2285900561762637;0.26768141388795486;chemotherapy
5519;dtwd2_mut;3.9375421053694684;0.2682879156493124;3-gene_classifier_subtype
4313;large1_mut;2.628585121967564;0.26866431964786097;age_group
6564;ccnd3_mut;2.624110765030513;0.2692660425087855;death_from_cancer
6711;nr3c1_mut;3.9214594433681187;0.27007093861593773;3-gene_classifier_subtype
655;cellularity;70.44510584658734;0.27090083624810823;nf1_mut
804;ep300_mut;70.44510584658732;0.27090083624810857;nf1_mut
254;3-gene_classifier_subtype;30.992238805970153;0.27145739369326055;arid5b_mut
5947;magea8_mut;2.607257915857514;0.27154457898538054;cellularity
3873;hdac9_mut;5.151604667145902;0.2720926206275252;cohort
949;myo1a_mut;80.89453898728601;0.2727728635147355;ncor1_mut
1061;fanca_mut;5.140566631030925;0.2731761748574307;tumor_stage
105;tumor_stage;31.995665226392358;0.2746873619824914;setdb1_mut
79;tumor_stage;48.06376419984373;0.2751679408764131;alk_mut
59;tumor_stage;80.7817372300322;0.2756841069303407;ncor1_mut
58;tumor_stage;72.37615935223604;0.2757007828111736;thada_mut
2233;fam20c_mut;1.1879818014661039;0.27573702914162995;chemotherapy
839;ep300_mut;35.19339294398621;0.2762008032434675;lifr_mut
4757;ppp2r2a_mut;7.509229161106183;0.27630620165766817;pam50_+_claudin-low_subtype
1707;gldc_mut;54.39251098289297;0.27667456407449625;usp9x_mut
911;myo1a_mut;3.861707715448935;0.2767896171597176;3-gene_classifier_subtype
117;tumor_stage;24.33165006649272;0.27726816851314334;palld_mut
1710;gldc_mut;54.355114422306876;0.2778543277052423;thsd7a_mut
322;primary_tumor_laterality;310.798163820043;0.2793202383289605;muc16_mut
193;3-gene_classifier_subtype;97.36002959674437;0.27971360838718784;utrn_mut
5363;prr16_mut;12.072725080184323;0.28021877548888013;integrative_cluster
980;myo1a_mut;40.44718044375734;0.2803332412397025;ctnna3_mut
981;myo1a_mut;40.421952385080736;0.2812596832718164;brca1_mut
6096;foxo1_mut;2.5330705507035383;0.28180631356464386;cellularity
6704;nr3c1_mut;12.046406924730766;0.2819626670204954;integrative_cluster
2099;er_status_measured_by_ihc;1.15198317633868;0.28313438589548273;overall_survival
3578;flt3_mut;2.5026704622084663;0.2861225020266843;neoplasm_histologic_grade
2081;er_status_measured_by_ihc;1.1269743689842358;0.28842163277164495;type_of_breast_surgery
24;tumor_stage;168.45527101969668;0.2886682390735317;pik3ca_mut
203;3-gene_classifier_subtype;78.17497716894978;0.2891833918493403;pten_mut
90;tumor_stage;40.19988990109139;0.28949430893711203;ctnna3_mut
902;myo1a_mut;1.1175554695755245;0.2904454340808529;hormone_therapy
4177;large1_mut;8.500947647066702;0.29049701467072436;tumor_other_histologic_subtype
6852;tbl1xr1_mut;1.1163044894090368;0.2907155867666207;inferred_menopausal_state
2548;nek1_mut;1.1136525579074439;0.2912893395064744;radio_therapy
3432;tumor_size;8.478944282888829;0.2922589985598224;tumor_other_histologic_subtype
157;3-gene_classifier_subtype;2.4575945173163616;0.29264434154600993;neoplasm_histologic_grade
819;ep300_mut;51.75347241581203;0.29358662796083;rb1_mut
1196;mutation_count;2.4329329861404547;0.2962752100108744;neoplasm_histologic_grade
4173;large1_mut;1.0907813114092046;0.296298160358315;er_status
371;primary_tumor_laterality;53.77567107200947;0.2965124984889682;thsd7a_mut
52;tumor_stage;88.33152628276277;0.296674237724645;ncor2_mut
3142;sik2_mut;1.0869226452076883;0.2971540583616176;pr_status
3724;taf4b_mut;4.900450910753296;0.2976652109878678;cohort
802;ep300_mut;70.53257626420746;0.297977034491846;myh9_mut
73;tumor_stage;55.80607773684201;0.29900473557198715;setd2_mut
1041;fanca_mut;2.414524182818556;0.29901483500848003;cellularity
102;tumor_stage;29.267563312128093;0.29905585975278975;pbrm1_mut
1985;kdm3a_mut;88.23710885074522;0.2991054529888025;ncor2_mut
5968;magea8_mut;2.4122925150906385;0.29934867210593963;death_from_cancer
3760;taf4b_mut;105.8952250401807;0.29936805754479695;pde4dip_mut
3909;hdac9_mut;105.89522504018068;0.29936805754479767;pde4dip_mut
4903;nf2_mut;6.060684411572931;0.3003587758806501;cancer_type_detailed
4919;nf2_mut;6.060684411572931;0.3003587758806501;oncotree_code
1495;ptprm_mut;3.6617981327845746;0.30037573231229964;her2_status_measured_by_snp6
910;myo1a_mut;1.0689522941101912;0.3011822176879672;radio_therapy
1505;ptprm_mut;1.068586883388178;0.3012648536227671;pr_status
778;ep300_mut;140.9776462014422;0.3013994244802392;ush2a_mut
3740;taf4b_mut;3.638194843637775;0.30327603349050886;3-gene_classifier_subtype
2541;nek1_mut;1.0595063562911076;0.30332780062603815;inferred_menopausal_state
2831;type_of_breast_surgery;1.057184932040645;0.30385811587903916;er_status_measured_by_ihc
278;3-gene_classifier_subtype;18.347118644067802;0.3039658465465693;foxp1_mut
1805;sbno1_mut;3.624480136676456;0.3049726953841286;3-gene_classifier_subtype
340;primary_tumor_laterality;107.72799830939974;0.3050490003721808;birc6_mut
225;3-gene_classifier_subtype;41.840719165767716;0.30766455414955685;erbb3_mut
1702;gldc_mut;54.48635709428253;0.30778967136324126;arid1b_mut
1701;gldc_mut;54.486357094282525;0.3077896713632416;lamb3_mut
3444;tumor_size;2.3564508953797207;0.3078245048987749;death_from_cancer
307;primary_tumor_laterality;1.0394971191783606;0.3079384575207113;her2_status
6842;tbl1xr1_mut;1.0322421972356497;0.3096326212480751;chemotherapy
2392;npnt_mut;1.027970167007744;0.310635894299533;inferred_menopausal_state
5517;dtwd2_mut;1.0245585493037386;0.31144014349203164;pr_status
6698;nr3c1_mut;2.323563752979684;0.3129280846039861;neoplasm_histologic_grade
2402;npnt_mut;2.313955270639291;0.3144350836863161;death_from_cancer
3009;stk11_mut;135.15122382686272;0.31547827777072834;dnah2_mut
77;tumor_stage;41.61993211813162;0.31607007335405846;erbb3_mut
6390;nt5e_mut;2.3014342442638345;0.316409783541964;age_group
1116;fanca_mut;41.60542638793785;0.3166267620056469;erbb3_mut
362;primary_tumor_laterality;54.18907392742573;0.3177404074904303;lamb3_mut
835;ep300_mut;35.22252725452724;0.31817151124014603;brca2_mut
2846;type_of_breast_surgery;3.5006631697525683;0.32067612009824964;3-gene_classifier_subtype
4022;prkacg_mut;4.680870688689415;0.32163619440067887;cohort
3276;ptpn22_mut;6.9858384192560905;0.3221588419562436;pam50_+_claudin-low_subtype
5351;prr16_mut;2.2634092934143055;0.3224830679171328;cellularity
5500;dtwd2_mut;2.2634092934143055;0.3224830679171328;cellularity
799;ep300_mut;70.70837887696123;0.3234100518203944;thada_mut
4110;prkacg_mut;26.586415108899054;0.32409702825905795;usp28_mut
516;neoplasm_histologic_grade;52.93258323826012;0.3248907761780437;usp9x_mut
5220;clrn2_mut;0.9675537368499475;0.32529102851302416;radio_therapy
1128;fanca_mut;41.35688441785104;0.32624905860608683;kdm6a_mut
615;cellularity;2.233201344090958;0.3273908139395485;death_from_cancer
291;3-gene_classifier_subtype;9.173445850914208;0.327876341334146;frmd3_mut
3891;hdac9_mut;2.2274771966004714;0.328329172778112;death_from_cancer
2397;npnt_mut;0.9510432157012341;0.32945389783074236;overall_survival
425;primary_tumor_laterality;17.905563380241745;0.3294559252196897;rpgr_mut
2534;nek1_mut;0.9508405024425787;0.32950544690123035;er_status_measured_by_ihc
2557;nek1_mut;207.2488856181772;0.32952990745785454;syne1_mut
29;tumor_stage;207.21634686749235;0.33010456820572853;syne1_mut
3730;taf4b_mut;8.018198116072607;0.3309919464815989;tumor_other_histologic_subtype
201;3-gene_classifier_subtype;79.78623734601781;0.33106927320833757;col12a1_mut
3422;tumor_size;5.7453365194512225;0.33179265026421273;cancer_type_detailed
3438;tumor_size;5.7453365194512225;0.33179265026421273;oncotree_code
3279;ptpn22_mut;0.9403732846111498;0.3321818608971967;er_status
3428;tumor_size;0.9403732846111498;0.3321818608971967;er_status
1046;fanca_mut;0.9399733407538629;0.332284697826662;er_status
4768;ppp2r2a_mut;0.9395484855044531;0.3323939866830572;primary_tumor_laterality
1932;kdm3a_mut;0.9381577059513078;0.33275208331760864;type_of_breast_surgery
5222;clrn2_mut;4.573835313570458;0.33388207620814897;tumor_stage
4168;large1_mut;2.186976292197676;0.3350457644801749;cellularity
1500;ptprm_mut;11.292976238350224;0.33515267840775526;integrative_cluster
556;neoplasm_histologic_grade;26.348499488990072;0.33572215256983406;zfp36l1_mut
126;tumor_stage;18.868583876013606;0.33612729433883387;ttyh1_mut
5232;clrn2_mut;158.77770600057423;0.3368030230091621;ahnak_mut
5083;ldlrap1_mut;158.77770600057417;0.33680302300916326;ahnak_mut
4934;nf2_mut;158.77770600057414;0.3368030230091638;ahnak_mut
6841;tbl1xr1_mut;2.1762098625617634;0.3368542511730569;cellularity
338;primary_tumor_laterality;113.61582973290484;0.33692588113645255;akap9_mut
5371;prr16_mut;4.541923765211166;0.33760531015594586;tumor_stage
3741;taf4b_mut;4.540988098185419;0.3377149811582523;tumor_stage
127;tumor_stage;12.32413031700865;0.33977905438469397;or6a2_mut
605;cellularity;0.9104085529184324;0.34000604084960495;inferred_menopausal_state
754;ep300_mut;0.9104085529184324;0.34000604084960495;inferred_menopausal_state
1699;gldc_mut;54.58071323888614;0.34007275336542386;map2k4_mut
53;tumor_stage;79.46626792555108;0.34021546692295546;col12a1_mut
444;neoplasm_histologic_grade;0.9072107199749121;0.3408555815444704;type_of_breast_surgery
497;neoplasm_histologic_grade;79.43829021645524;0.34102095170306285;col12a1_mut
6412;braf_mut;0.9050392258755242;0.34143409341945935;radio_therapy
1347;myo3a_mut;0.9048561803966869;0.3414829193394696;her2_status
2875;type_of_breast_surgery;86.64474747314534;0.3416695873199341;notch1_mut
3021;stk11_mut;90.73754619409992;0.3425775131852263;col6a3_mut
3023;stk11_mut;90.71510956850067;0.34318399487802753;lama2_mut
3172;sik2_mut;90.71510956850062;0.34318399487802875;lama2_mut
1497;ptprm_mut;7.880906415095568;0.34321260667787634;tumor_other_histologic_subtype
104;tumor_stage;25.11901036315613;0.3441784483254919;jak1_mut
1017;myo1a_mut;12.257070378080128;0.344633609390029;or6a2_mut
215;3-gene_classifier_subtype;53.38929719963867;0.3453434343834776;arid1b_mut
356;primary_tumor_laterality;72.03513858633436;0.3459333409567983;stab2_mut
1708;gldc_mut;54.392510982892986;0.3466241615418845;setd2_mut
1706;gldc_mut;54.392510982892965;0.3466241615418853;ptprd_mut
2549;nek1_mut;3.3042766889063717;0.34704785268606364;3-gene_classifier_subtype
599;cellularity;0.8821942348968859;0.3476013997354299;er_status
123;tumor_stage;21.803170982331316;0.351285950122902;brip1_mut
636;cellularity;105.81347771811875;0.3519039913322568;birc6_mut
2844;type_of_breast_surgery;0.8601893996764309;0.35368569486154433;pr_status
3281;ptpn22_mut;3.2501496322872074;0.3546413694739465;her2_status_measured_by_snp6
3737;taf4b_mut;0.855021135931769;0.35513575258857655;overall_survival
6859;tbl1xr1_mut;0.8513535212132848;0.3561697150083639;radio_therapy
1189;mutation_count;5.508362234249218;0.3570298028078374;cancer_type_detailed
1205;mutation_count;5.508362234249218;0.3570298028078374;oncotree_code
5084;ldlrap1_mut;158.77123936854662;0.35797942349078044;dnah11_mut
5233;clrn2_mut;158.7712393685466;0.35797942349078105;dnah11_mut
40;tumor_stage;112.70633114025331;0.35908437107646735;herc2_mut
345;primary_tumor_laterality;90.11809358122369;0.3595032708701213;lama2_mut
3579;flt3_mut;3.215096129361836;0.35963556405392383;her2_status_measured_by_snp6
979;myo1a_mut;40.49771776730802;0.3606885496228654;kdm6a_mut
5202;clrn2_mut;2.0356526101647896;0.36137961607589475;cellularity
4920;nf2_mut;0.8249193592802406;0.3637457756277953;overall_survival
2542;nek1_mut;10.915485141193617;0.3641403307105478;integrative_cluster
6694;nr3c1_mut;6.5528398101759215;0.3641840110263569;pam50_+_claudin-low_subtype
367;primary_tumor_laterality;53.893466943552795;0.36428966569530663;ptprd_mut
2268;fam20c_mut;135.9850830640467;0.3649606269014756;ryr2_mut
385;primary_tumor_laterality;40.39339187725132;0.3649889936763807;kdm6a_mut
1935;kdm3a_mut;2.0136249218050155;0.3653817940827597;cellularity
1186;fanca_mut;2.012265918546708;0.36563015597870235;age_group
2393;npnt_mut;10.893981782513817;0.36583729374019713;integrative_cluster
1485;ptprm_mut;0.810010531595962;0.3681171370425673;type_of_breast_surgery
4184;large1_mut;0.8092470195251471;0.3683429632661567;overall_survival
6858;tbl1xr1_mut;0.8006577392113925;0.37089678905334;pr_status
1883;sbno1_mut;28.76168653971644;0.37254918552217275;ncoa3_mut
2032;kdm3a_mut;28.76168653971644;0.37254918552217275;ncoa3_mut
326;primary_tumor_laterality;131.5360431211825;0.3733399687506779;gata3_mut
4912;nf2_mut;0.7919004245487402;0.37352609680221815;her2_status
5061;ldlrap1_mut;0.7919004245487402;0.37352609680221815;her2_status
191;3-gene_classifier_subtype;107.01360148975795;0.37357080320837954;tg_mut
222;3-gene_classifier_subtype;47.429267062848915;0.3738641276331465;setd1a_mut
2291;fam20c_mut;68.04484940274082;0.373998954020929;myh9_mut
2912;type_of_breast_surgery;42.247486181876056;0.37410485268769367;fancd2_mut
89;tumor_stage;40.171055480751356;0.3742351313965291;kdm6a_mut
4774;ppp2r2a_mut;3.1138233562824165;0.3744066114312762;3-gene_classifier_subtype
54;tumor_stage;72.1272485227991;0.37491285241518674;col22a1_mut
25;tumor_stage;349.6572877878814;0.3759732783548212;tp53_mut
2679;sik1_mut;1.9555970150167368;0.3761382535709273;cellularity
762;ep300_mut;3.1020338322259287;0.37615953869030955;3-gene_classifier_subtype
2980;stk11_mut;0.7816567642589974;0.37663492087759687;er_status_measured_by_ihc
303;primary_tumor_laterality;0.7789555996356039;0.3774607449552383;er_status_measured_by_ihc
3734;taf4b_mut;0.778156622032486;0.3777055038173577;primary_tumor_laterality
6734;nr3c1_mut;104.807725309145;0.3777485394289407;birc6_mut
3882;hdac9_mut;10.744606342803065;0.37775868323932965;integrative_cluster
304;primary_tumor_laterality;0.7743520577648694;0.3788740665771311;er_status
5658;ctnna1_mut;7.498031203221391;0.37892663770137436;tumor_other_histologic_subtype
3573;flt3_mut;0.7736783061627688;0.37908153876822515;chemotherapy
1051;fanca_mut;0.7726523680933859;0.3793977696978985;hormone_therapy
1506;ptprm_mut;0.7716045522139499;0.3797211285387768;radio_therapy
1952;kdm3a_mut;0.7708832795344691;0.37994394137372944;pr_status
547;neoplasm_histologic_grade;26.505630508302744;0.38102380707591366;chd1_mut
6549;ccnd3_mut;1.9256201043076704;0.38181844731753717;neoplasm_histologic_grade
552;neoplasm_histologic_grade;26.466284968037986;0.38306143168036644;map3k10_mut
6399;braf_mut;0.7589740016941031;0.3836497970120085;er_status
6397;braf_mut;4.156745056550187;0.3852081386707138;cohort
5210;clrn2_mut;0.7529605369346979;0.38554052297637587;her2_status
299;primary_tumor_laterality;1.9043747708306582;0.3858959963172355;cellularity
781;ep300_mut;111.62853116179238;0.38612472019340777;herc2_mut
2236;fam20c_mut;0.749166097991202;0.3867403775657392;er_status_measured_by_ihc
756;ep300_mut;0.7469834343450853;0.387432977109754;primary_tumor_laterality
6705;nr3c1_mut;0.7469325352449651;0.38744914942571307;primary_tumor_laterality
4761;ppp2r2a_mut;1.8951234117574314;0.38768516239489986;neoplasm_histologic_grade
361;primary_tumor_laterality;54.24838769317032;0.3887521818130222;ros1_mut
2412;npnt_mut;157.21904657036785;0.39087435480049504;dnah11_mut
247;3-gene_classifier_subtype;28.36057661505606;0.392566836473416;ncoa3_mut
2377;fam20c_mut;1.869310301076001;0.3927212719021006;age_group
5523;dtwd2_mut;348.4562947945073;0.39327995545465766;tp53_mut
2836;type_of_breast_surgery;7.339812224557706;0.39437642251799915;tumor_other_histologic_subtype
1783;sbno1_mut;0.7229944585915236;0.3951634256331168;type_of_breast_surgery
3934;hdac9_mut;51.94898852158076;0.3978410926170505;lamb3_mut
1341;myo3a_mut;6.203890795155048;0.40074218916357063;pam50_+_claudin-low_subtype
3137;sik2_mut;10.447312958151036;0.40216312150546635;integrative_cluster
1655;gldc_mut;0.6973586821518287;0.4036726411172672;radio_therapy
238;3-gene_classifier_subtype;37.41336191496964;0.40405986691091483;ctnna3_mut
978;myo1a_mut;40.49771776730802;0.40408080946399444;taf1_mut
87;tumor_stage;41.517273615363884;0.40441746927213906;fancd2_mut
2288;fam20c_mut;68.13499007425926;0.4044778228280334;thada_mut
6410;braf_mut;0.6896917611158306;0.40626924396652164;overall_survival
239;3-gene_classifier_subtype;37.2933404749152;0.4094064128342654;brca1_mut
1553;ptprm_mut;51.60950781342959;0.41067504825395423;arid1b_mut
4037;prkacg_mut;0.6731806025218662;0.41194489721684224;radio_therapy
3581;flt3_mut;7.161757591104201;0.4122344398867908;tumor_other_histologic_subtype
227;3-gene_classifier_subtype;44.35312522425548;0.4144199339876511;alk_mut
775;ep300_mut;141.95697776298238;0.41448101527239384;cdh1_mut
1934;kdm3a_mut;5.005588862404217;0.4151984949972084;cancer_type_detailed
1950;kdm3a_mut;5.005588862404217;0.4151984949972084;oncotree_code
2096;er_status_measured_by_ihc;0.6636611128508778;0.415270400496506;primary_tumor_laterality
1049;fanca_mut;0.6634724064562628;0.4153367232704721;her2_status
795;ep300_mut;70.79671390688935;0.41749485497161304;col22a1_mut
2526;npnt_mut;1.73962000199034;0.41903115718754314;age_group
2102;er_status_measured_by_ihc;2.8264534938840415;0.4191636945032112;3-gene_classifier_subtype
96;tumor_stage;33.99851457585058;0.41930801275400864;arid2_mut
266;3-gene_classifier_subtype;19.56159489633174;0.42137886994961704;dcaf4l2_mut
151;3-gene_classifier_subtype;1.7284320065593826;0.4213817850973339;cellularity
3144;sik2_mut;2.812558096270128;0.42143680098251446;3-gene_classifier_subtype
4189;large1_mut;1.7274556469067917;0.42158754540391574;death_from_cancer
144;tumor_stage;3.8716825268321444;0.4236501765003726;mtap_mut
5808;agtr2_mut;0.636244450188415;0.4250740170450469;hormone_therapy
5957;magea8_mut;0.636244450188415;0.4250740170450469;hormone_therapy
74;tumor_stage;46.123177471364485;0.42558551270443146;setd1a_mut
1658;gldc_mut;1.7052751725929696;0.4262890736082743;death_from_cancer
1369;myo3a_mut;154.5622537007152;0.42687640685102596;ahnak_mut
1794;sbno1_mut;0.6294103786940023;0.427571673349442;her2_status
5657;ctnna1_mut;0.6277969797906969;0.42816454945561067;her2_status
2232;fam20c_mut;1.693198415033955;0.4288709558507099;cellularity
214;3-gene_classifier_subtype;51.133918699187;0.4289095931139512;lamb3_mut
3171;sik2_mut;90.72632167648126;0.42917244481276945;arid1a_mut
4045;prkacg_mut;224.09062955170742;0.42935884471031294;kmt2c_mut
30;tumor_stage;129.0944607571253;0.43152552560870006;gata3_mut
6413;braf_mut;2.7376512121654137;0.4338667387618743;3-gene_classifier_subtype
3011;stk11_mut;135.03362855467913;0.434511837671495;ush2a_mut
4028;prkacg_mut;6.937996671501251;0.43536409275310983;tumor_other_histologic_subtype
477;neoplasm_histologic_grade;155.18175800042047;0.43556924425373816;dnah11_mut
2436;npnt_mut;73.28306006195177;0.43573030240896216;atr_mut
5072;ldlrap1_mut;2.71035556585604;0.43847034204335733;3-gene_classifier_subtype
5064;ldlrap1_mut;0.5890031734334515;0.4428048444355749;inferred_menopausal_state
4915;nf2_mut;0.5890031734334515;0.4428048444355749;inferred_menopausal_state
5505;dtwd2_mut;0.5855214283734889;0.44415619896932756;er_status
975;myo1a_mut;40.57372742266445;0.44497182360267107;ctcf_mut
198;3-gene_classifier_subtype;83.08018426386587;0.4459058808945045;notch1_mut
491;neoplasm_histologic_grade;87.11197822617511;0.4462144481190025;col6a3_mut
977;myo1a_mut;40.523027119359966;0.44718922019363266;fancd2_mut
5953;magea8_mut;1.603355549939897;0.4485757232889501;neoplasm_histologic_grade
5496;prr16_mut;1.5998749847268225;0.4493570514866476;age_group
133;tumor_stage;10.904670698728202;0.45128394937555194;lipi_mut
48;tumor_stage;89.94377192165099;0.4520665859224678;arid1a_mut
1559;ptprm_mut;51.509876752938176;0.45369373868206847;setd2_mut
140;tumor_stage;8.816805548217676;0.4543537866465487;cdkn2a_mut
684;cellularity;35.28088945476525;0.4549284543809773;foxo3_mut
311;primary_tumor_laterality;9.833583007400874;0.4552130732719959;integrative_cluster
453;neoplasm_histologic_grade;2.6117257535621663;0.45543757820243125;her2_status_measured_by_snp6
3204;sik2_mut;44.341591270142956;0.45722896615248376;ubr5_mut
3275;ptpn22_mut;0.5510878835719597;0.4578735259249328;chemotherapy
424;primary_tumor_laterality;17.96448888956054;0.45799429583720974;map3k13_mut
143;tumor_stage;7.743380092340499;0.45893059118112145;frmd3_mut
2530;nek1_mut;1.5529955663793837;0.4600142631234023;cellularity
5364;prr16_mut;0.5456614712086927;0.46009585343903914;primary_tumor_laterality
1359;myo3a_mut;3.6149914452920346;0.4606103419832597;tumor_stage
904;myo1a_mut;9.76806664810275;0.46107195046197846;integrative_cluster
2984;stk11_mut;0.5394210244557172;0.4626727717582034;her2_status
5653;ctnna1_mut;0.5370264148277469;0.4636676958991125;er_status_measured_by_ihc
5504;dtwd2_mut;0.5370264148277469;0.4636676958991125;er_status_measured_by_ihc
5800;agtr2_mut;5.643202171894462;0.464320473293114;pam50_+_claudin-low_subtype
1647;gldc_mut;0.5331232018412031;0.46529675220005906;hormone_therapy
3130;sik2_mut;0.5330594592370321;0.46532343182665503;er_status
106;tumor_stage;26.96738627722162;0.4655555515287899;arid5b_mut
35;tumor_stage;128.69490535523815;0.46612406724960304;dnah2_mut
10;tumor_stage;2.546020941925549;0.46703144914561023;her2_status_measured_by_snp6
1493;ptprm_mut;0.528100426819936;0.46740657607618774;er_status
33;tumor_stage;153.7375173949659;0.46803871305066386;dnah11_mut
3885;hdac9_mut;4.5834557245929535;0.46879558673300226;oncotree_code
3869;hdac9_mut;4.5834557245929535;0.46879558673300226;cancer_type_detailed
6553;ccnd3_mut;0.5200142335265064;0.4708356104371353;hormone_therapy
1339;myo3a_mut;1.5024480703048229;0.47178871319574056;cellularity
6539;braf_mut;1.4969044837579868;0.4730982279912026;age_group
607;cellularity;0.5123444238903443;0.474125730323554;primary_tumor_laterality
377;primary_tumor_laterality;43.913195767862526;0.47532315992904756;ubr5_mut
6402;braf_mut;0.5062723740432061;0.4767569845582369;her2_status
4026;prkacg_mut;2.490287162894414;0.47704896815402276;her2_status_measured_by_snp6
135;tumor_stage;11.61509279190779;0.4770656835352832;gh1_mut
4905;nf2_mut;0.5048294758872874;0.4773857439110374;chemotherapy
443;primary_tumor_laterality;1.4788368861430603;0.47739146512189945;age_group
1951;kdm3a_mut;0.5021307615118838;0.4785653773104832;overall_survival
5802;agtr2_mut;0.4994299160878448;0.47975071925012247;er_status_measured_by_ihc
6837;nr3c1_mut;1.465174388844424;0.4806638092959892;age_group
4474;oncotree_code;0.4930665255201454;0.482562577254101;primary_tumor_laterality
4328;tumor_other_histologic_subtype;0.4930665255201454;0.482562577254101;primary_tumor_laterality
4620;cancer_type_detailed;0.4930665255201454;0.482562577254101;primary_tumor_laterality
3742;taf4b_mut;1.4561696149302379;0.48283282296704777;death_from_cancer
3575;flt3_mut;3.4640185648294484;0.48337044953183106;cohort
1654;gldc_mut;0.4899839643364551;0.48393445767479826;pr_status
4925;nf2_mut;1.4510244232828262;0.4840765557959573;death_from_cancer
543;neoplasm_histologic_grade;26.623919209440427;0.48421994292456527;ncoa3_mut
3138;sik2_mut;0.4816119323076594;0.487693083366859;primary_tumor_laterality
5963;magea8_mut;0.47706736138837574;0.48975369286131476;overall_survival
4900;ppp2r2a_mut;1.420506023047893;0.49151982154825913;age_group
5994;magea8_mut;85.6083606789034;0.49163375621224176;lama2_mut
76;tumor_stage;43.52176896998865;0.49200502800115936;afdn_mut
2144;er_status_measured_by_ihc;63.53941789530548;0.4927410995100632;nf1_mut
4910;nf2_mut;1.4128395491201589;0.49340754923899643;neoplasm_histologic_grade
4666;cancer_type_detailed;62.51718834939508;0.49347705573180917;runx1_mut
4520;oncotree_code;62.51718834939508;0.49347705573180917;runx1_mut
4374;tumor_other_histologic_subtype;62.51718834939508;0.49347705573180917;runx1_mut
34;tumor_stage;138.5969884271372;0.49369179202141333;cdh1_mut
317;primary_tumor_laterality;2.3983308025953485;0.4939454189215503;3-gene_classifier_subtype
116;tumor_stage;20.43268546700232;0.49402190674481883;smarcc1_mut
1637;gldc_mut;1.4036953661171836;0.49566861867102363;cellularity
908;myo1a_mut;0.46229898960026333;0.4965514928636555;overall_survival
275;3-gene_classifier_subtype;10.37811240721103;0.49673032085766367;or6a2_mut
6986;tbl1xr1_mut;1.3965791552607887;0.49743540120900165;age_group
190;3-gene_classifier_subtype;107.37501212460364;0.4988847626752588;akap9_mut
682;cellularity;35.33937676154182;0.49981920260835855;ctnna3_mut
5652;ctnna1_mut;3.353240515825929;0.5005412044526132;cohort
108;tumor_stage;24.30467818675938;0.501829617095596;map3k10_mut
5497;dtwd2_mut;0.4498767380460011;0.5023934953049913;type_of_breast_surgery
6415;braf_mut;1.3696337690456422;0.5041825447496662;death_from_cancer
414;primary_tumor_laterality;18.260056236941068;0.5051345200404036;dcaf4l2_mut
68;tumor_stage;35.22173131817565;0.50541665113783;erbb2_mut
1199;mutation_count;6.293758331384705;0.5058978374289473;tumor_other_histologic_subtype
8;tumor_stage;0.44219002981021965;0.506067310939765;er_status
2695;sik1_mut;0.44140473925670565;0.5064452256908483;overall_survival
5803;agtr2_mut;0.44072126698007985;0.506774535816001;er_status
3293;ptpn22_mut;2.32517580641951;0.5077150554450982;3-gene_classifier_subtype
5949;magea8_mut;5.28309400306524;0.5080501375512649;pam50_+_claudin-low_subtype
4913;nf2_mut;6.274530119133854;0.5080845320659846;tumor_other_histologic_subtype
1806;sbno1_mut;3.2972170014980344;0.509373320221034;tumor_stage
5965;magea8_mut;0.4342068228627567;0.5099319111772928;radio_therapy
51;tumor_stage;64.05194018666059;0.5099620400181486;cbfb_mut
4612;cancer_type_detailed;0.4327775920861463;0.5106291640953927;er_status_measured_by_ihc
4320;tumor_other_histologic_subtype;0.4327775920861463;0.5106291640953927;er_status_measured_by_ihc
4466;oncotree_code;0.4327775920861463;0.5106291640953927;er_status_measured_by_ihc
4016;prkacg_mut;0.4304514517843072;0.5117675108584185;type_of_breast_surgery
2263;fam20c_mut;151.81322997505248;0.5119154169710702;dnah11_mut
5212;clrn2_mut;0.42988883468880923;0.5120435004029187;hormone_therapy
5063;ldlrap1_mut;0.42988883468880923;0.5120435004029187;hormone_therapy
4914;nf2_mut;0.42988883468880923;0.5120435004029187;hormone_therapy
2381;npnt_mut;1.3358409242312619;0.5127738023633595;cellularity
1786;sbno1_mut;1.3337570014461866;0.5133083713202696;cellularity
2132;er_status_measured_by_ihc;63.930636422820164;0.5142452780685176;cbfb_mut
1335;mutation_count;1.3248487132646312;0.5155998202024689;age_group
3285;ptpn22_mut;0.4176295235087896;0.5181222420729018;inferred_menopausal_state
5810;agtr2_mut;9.142180950012456;0.5186654287050899;integrative_cluster
5362;prr16_mut;0.4130955256210997;0.5204025056790101;inferred_menopausal_state
5660;ctnna1_mut;0.4130955256210997;0.5204025056790101;inferred_menopausal_state
649;cellularity;70.70837887696123;0.5209787026617825;atr_mut
5967;magea8_mut;3.221601696613846;0.5214489835953862;tumor_stage
5214;clrn2_mut;9.10835367379803;0.5218522716091077;integrative_cluster
1488;ptprm_mut;1.2916650733034212;0.524225923086397;cellularity
739;cellularity;1.2832709320100348;0.5264307600119993;age_group
136;tumor_stage;9.036347218194203;0.5286576046671533;gpr32_mut
2763;sik1_mut;38.69324374766704;0.5290550754888244;asxl1_mut
3318;ptpn22_mut;95.26176919100394;0.5309236688132907;tbx3_mut
236;3-gene_classifier_subtype;37.65379113018599;0.5312545749808901;taf1_mut
604;cellularity;0.39154479751039845;0.5314885063817733;hormone_therapy
1944;kdm3a_mut;6.070712923989967;0.5315172934099074;tumor_other_histologic_subtype
2432;npnt_mut;73.35275930376636;0.5322497934283685;col12a1_mut
170;3-gene_classifier_subtype;3.146098979318091;0.5336806128041396;tumor_stage
65;tumor_stage;50.48326687991987;0.5337134566722758;ros1_mut
4020;prkacg_mut;0.38651238651238645;0.5341383600831939;chemotherapy
3870;hdac9_mut;1.2518967744923737;0.5347540340480603;cellularity
1413;myo3a_mut;42.522425492644246;0.5350479665025534;afdn_mut
4812;ppp2r2a_mut;72.26160363617883;0.5354937134430232;ncor1_mut
6125;foxo1_mut;190.44030547505477;0.5385919397775969;map3k1_mut
3728;taf4b_mut;2.1661106716148044;0.538654321079016;her2_status_measured_by_snp6
1123;fanca_mut;41.43116654776091;0.5394653380677701;apc_mut
351;primary_tumor_laterality;70.15650316497093;0.5395279215279797;pten_mut
748;ep300_mut;0.3758086961749002;0.5398549312693314;er_status
5527;dtwd2_mut;196.33787169919538;0.5400571744314303;syne1_mut
99;tumor_stage;25.597941881053508;0.5409902614022974;ncoa3_mut
1797;sbno1_mut;0.37203095734148206;0.541899298381885;inferred_menopausal_state
4180;large1_mut;8.894587821670017;0.5421360196516205;integrative_cluster
740;ep300_mut;0.37134792792883414;0.5422704471992177;type_of_breast_surgery
6543;ccnd3_mut;1.2215670048020608;0.5429253190954628;cellularity
4605;oncotree_code;1.2170774347859157;0.5441454386529623;age_group
4459;tumor_other_histologic_subtype;1.2170774347859157;0.5441454386529623;age_group
4751;cancer_type_detailed;1.2170774347859157;0.5441454386529623;age_group
1358;myo3a_mut;2.135570189227825;0.5447502567115712;3-gene_classifier_subtype
4627;cancer_type_detailed;1.213779803528133;0.5450433742182731;death_from_cancer
4481;oncotree_code;1.213779803528133;0.5450433742182731;death_from_cancer
4335;tumor_other_histologic_subtype;1.213779803528133;0.5450433742182731;death_from_cancer
1484;myo3a_mut;1.207368041777038;0.5467935222320931;age_group
1499;ptprm_mut;0.3599971073704804;0.5485078419967409;inferred_menopausal_state
7;tumor_stage;0.35954184527931865;0.548760793040878;er_status_measured_by_ihc
3580;flt3_mut;0.3579338241122439;0.5496559818706948;her2_status
323;primary_tumor_laterality;243.49313542780902;0.5511225872943307;ahnak2_mut
5951;magea8_mut;0.3547601968846604;0.5514307884377917;er_status_measured_by_ihc
1048;fanca_mut;2.0969933638813556;0.5525212657566712;her2_status_measured_by_snp6
3294;ptpn22_mut;3.011656677081615;0.5558765817750604;tumor_stage
744;ep300_mut;0.3467203516245657;0.5559755567256641;chemotherapy
2727;sik1_mut;79.53506541367234;0.5565480023376621;notch1_mut
5799;agtr2_mut;0.3445161898927379;0.5572339193908677;chemotherapy
5948;magea8_mut;0.3445161898927379;0.5572339193908677;chemotherapy
2139;er_status_measured_by_ihc;63.6849203525831;0.5579085535156079;thada_mut
204;3-gene_classifier_subtype;10.661376820412965;0.5581397670451278;akt1_mut
1953;kdm3a_mut;0.3421628184453571;0.5585834546649695;radio_therapy
46;tumor_stage;94.29985958659304;0.5587055803772863;tbx3_mut
2729;sik1_mut;79.45739483812983;0.5589906187203616;ncor2_mut
6692;nr3c1_mut;1.1492700189556506;0.5629102882366439;cellularity
4519;oncotree_code;62.532099055307334;0.5637765271969984;myh9_mut
4373;tumor_other_histologic_subtype;62.532099055307334;0.5637765271969984;myh9_mut
4665;cancer_type_detailed;62.532099055307334;0.5637765271969984;myh9_mut
6844;tbl1xr1_mut;2.9627550553767223;0.5640774766304646;cohort
1054;fanca_mut;0.3300023007154123;0.5656577333326427;primary_tumor_laterality
1508;ptprm_mut;2.9512051457060795;0.5660240317908503;tumor_stage
1086;fanca_mut;83.13736953598932;0.5673928506822388;col6a3_mut
1909;sbno1_mut;13.434746310276816;0.5687567485238372;fbxw7_mut
1448;myo3a_mut;20.22827039092646;0.5687633739121832;agmo_mut
5065;ldlrap1_mut;8.610693748193462;0.5694048350218477;integrative_cluster
4337;tumor_other_histologic_subtype;336.75213643232416;0.5699181379064148;tp53_mut
4629;cancer_type_detailed;336.75213643232416;0.5699181379064148;tp53_mut
4483;oncotree_code;336.75213643232416;0.5699181379064148;tp53_mut
809;ep300_mut;33.86714263559333;0.5704186953730056;erbb2_mut
120;tumor_stage;17.27853585978409;0.5710038958305153;cdkn1b_mut
4906;nf2_mut;4.776758080060553;0.5727478465616671;pam50_+_claudin-low_subtype
262;3-gene_classifier_subtype;19.18786461102251;0.5730900561278711;casp8_mut
5944;magea8_mut;0.3171966542218334;0.5732972435926451;type_of_breast_surgery
6245;nt5e_mut;1.1038178149753919;0.575849517080602;cellularity
2090;er_status_measured_by_ihc;1.9829705382622875;0.5759487461572319;her2_status_measured_by_snp6
69;tumor_stage;20.10901570006371;0.5762206078860084;sf3b1_mut
5506;dtwd2_mut;1.100930660598612;0.5766814006069813;neoplasm_histologic_grade
5804;agtr2_mut;1.100930660598612;0.5766814006069813;neoplasm_histologic_grade
5655;ctnna1_mut;1.100930660598612;0.5766814006069813;neoplasm_histologic_grade
174;3-gene_classifier_subtype;291.60049345162656;0.5774998955348193;muc16_mut
5370;prr16_mut;1.9736670964491307;0.5778901472747888;3-gene_classifier_subtype
2388;npnt_mut;1.9678210956268714;0.57911234752934;her2_status_measured_by_snp6
1375;myo3a_mut;127.12949002266734;0.5793431363772055;ryr2_mut
3125;sik2_mut;1.0900633326014932;0.579823422186266;cellularity
101;tumor_stage;27.818108311606053;0.580075033210502;l1cam_mut
6558;ccnd3_mut;3.786775246673104;0.5805051058388546;oncotree_code
6542;ccnd3_mut;3.786775246673104;0.5805051058388546;cancer_type_detailed
78;tumor_stage;44.38385231446762;0.5815488077453306;rb1_mut
2987;stk11_mut;0.30360185414371565;0.5816331432372264;inferred_menopausal_state
419;primary_tumor_laterality;18.08252756905582;0.5819716790238438;brip1_mut
6400;braf_mut;1.0815478332552284;0.5822974282843956;neoplasm_histologic_grade
3462;tumor_size;95.44512806613365;0.5824552968034635;pde4dip_mut
3313;ptpn22_mut;95.44512806613363;0.582455296803464;pde4dip_mut
4496;oncotree_code;126.99768048093733;0.5825887500482417;ryr2_mut
4350;tumor_other_histologic_subtype;126.99768048093733;0.5825887500482417;ryr2_mut
4642;cancer_type_detailed;126.99768048093733;0.5825887500482417;ryr2_mut
2700;sik1_mut;1.0798834992162045;0.5827821986767512;death_from_cancer
1496;ptprm_mut;0.29944283207608824;0.5842319259877653;her2_status
4756;ppp2r2a_mut;0.29808075531851563;0.5850881239037409;chemotherapy
2238;fam20c_mut;1.0663176383655046;0.5867486065104515;neoplasm_histologic_grade
4186;large1_mut;0.29141812509949694;0.5893131923828803;radio_therapy
2684;sik1_mut;0.2899147943215438;0.5902751372422572;er_status
681;cellularity;35.39798957756039;0.5903944492775474;kdm6a_mut
830;ep300_mut;35.397989577560395;0.5903944492775479;kdm6a_mut
1;tumor_stage;0.2895248482266594;0.5905251796701134;cancer_type
888;ep300_mut;1.050200797865079;0.5914959758210179;age_group
92;tumor_stage;32.407756123023134;0.5938815956493964;foxo3_mut
4114;prkacg_mut;26.561582426895097;0.5953458432245069;aff2_mut
5954;magea8_mut;1.888819387894134;0.5958001080635487;her2_status_measured_by_snp6
897;myo1a_mut;0.2796620356115376;0.5969228161247362;er_status
5055;ldlrap1_mut;4.5927264607358325;0.5970034693558723;pam50_+_claudin-low_subtype
6849;tbl1xr1_mut;0.2793716110570029;0.5971133811217939;her2_status
256;3-gene_classifier_subtype;22.65339726513941;0.5977947921442157;map3k10_mut
5807;agtr2_mut;5.498893901201111;0.5993172905434601;tumor_other_histologic_subtype
384;primary_tumor_laterality;36.1653205877163;0.5998839667051108;taf1_mut
906;myo1a_mut;301.9355712061898;0.60237337098963;nottingham_prognostic_index
1803;sbno1_mut;0.27122882549628424;0.6025086545134328;pr_status
137;tumor_stage;5.4644483985084715;0.6034754608117465;kras_mut
454;neoplasm_histologic_grade;0.26969959817801886;0.6035333555496747;her2_status
1052;fanca_mut;0.26899116437100973;0.6040093118543182;inferred_menopausal_state
5520;dtwd2_mut;2.7215291068580547;0.6054525866349607;tumor_stage
3136;sik2_mut;0.2659520098436781;0.6060602162235983;inferred_menopausal_state
6838;tbl1xr1_mut;0.26293700348991295;0.6081095360605749;type_of_breast_surgery
524;neoplasm_histologic_grade;38.87727748242647;0.60882878132473;adgra2_mut
1523;ptprm_mut;127.83662812134418;0.6101671045792948;ush2a_mut
966;myo1a_mut;40.777623083876016;0.6105240643153109;afdn_mut
47;tumor_stage;81.7026348910822;0.6111119051834234;col6a3_mut
6113;foxo1_mut;0.2578707436578491;0.6115867704637705;pr_status
6262;nt5e_mut;0.2578707436578491;0.6115867704637705;pr_status
6256;nt5e_mut;0.25762049642796936;0.6117596386051465;inferred_menopausal_state
1787;sbno1_mut;0.2576083616092459;0.6117680238935481;chemotherapy
205;3-gene_classifier_subtype;67.97813537675607;0.612466303450889;atr_mut
1633;ptprm_mut;0.9768979078163459;0.6135773432511378;age_group
2547;nek1_mut;0.25487899053932467;0.6136603906100035;pr_status
645;cellularity;70.8557655350191;0.61412816368748;col12a1_mut
4172;large1_mut;0.2503367686968669;0.6168380480476402;er_status_measured_by_ihc
915;myo1a_mut;333.5685415616108;0.617730621038923;tp53_mut
148;3-gene_classifier_subtype;0.24843866709332396;0.6181766118287697;type_of_breast_surgery
26;tumor_stage;289.0617283920966;0.6183841577224723;muc16_mut
259;3-gene_classifier_subtype;19.429228312932416;0.6186952745894128;agmo_mut
2985;stk11_mut;5.337420721798106;0.6188593728576167;tumor_other_histologic_subtype
432;primary_tumor_laterality;8.101260898119188;0.6189464753914018;gpr32_mut
1956;kdm3a_mut;0.9575230230635605;0.6195502226587855;death_from_cancer
889;myo1a_mut;0.2458197252403383;0.6200340410640226;type_of_breast_surgery
1793;sbno1_mut;1.77597449889246;0.6201770575476451;her2_status_measured_by_snp6
5353;prr16_mut;4.418475776188394;0.6202377233908984;pam50_+_claudin-low_subtype
3440;tumor_size;0.2448867055789315;0.6206987437643362;pr_status
3738;taf4b_mut;0.24299152324841805;0.6220537790545914;pr_status
4029;prkacg_mut;0.24218005782029967;0.6226359771128332;hormone_therapy
1001;myo1a_mut;19.35333621862577;0.623420283646444;agmo_mut
6709;nr3c1_mut;0.2391967523133849;0.6247868653669646;pr_status
1489;ptprm_mut;0.2390941168622493;0.6248611581531456;chemotherapy
2141;er_status_measured_by_ihc;63.65246272405972;0.6268558577989094;stab2_mut
2118;er_status_measured_by_ihc;127.12782365514674;0.6271986782417907;ush2a_mut
2242;fam20c_mut;0.23396977447364445;0.6285957963749988;hormone_therapy
4786;ppp2r2a_mut;146.6609692587337;0.6290172470413595;dnah11_mut
617;cellularity;332.7500454671538;0.6298169720725387;tp53_mut
1172;fanca_mut;8.910937426873216;0.6301130079524111;lipi_mut
3122;sik2_mut;0.2318483982582687;0.6301566432556887;type_of_breast_surgery
892;myo1a_mut;0.9226170742497294;0.6304581276486351;cellularity
412;primary_tumor_laterality;18.260056236941065;0.6324929376944919;smarcc1_mut
926;myo1a_mut;122.00422909418204;0.6326593811025883;kmt2d_mut
5347;clrn2_mut;0.9149955459800976;0.6328652384226956;age_group
1782;gldc_mut;0.9116591677020942;0.6339218584158474;age_group
2537;nek1_mut;1.713127646725256;0.6340191740008481;her2_status_measured_by_snp6
122;tumor_stage;17.278535859784085;0.6348201037408059;men1_mut
680;cellularity;35.39798957756038;0.6349362428199692;taf1_mut
381;primary_tumor_laterality;36.34324436402688;0.6356298040531752;ctcf_mut
2250;fam20c_mut;0.2244876726473482;0.6356416068948971;radio_therapy
125;tumor_stage;12.554419316079892;0.6366714685488624;fbxw7_mut
5811;agtr2_mut;0.22281584449960268;0.6369027113556143;primary_tumor_laterality
2237;fam20c_mut;0.22064471828043541;0.6385491139048738;er_status
4766;ppp2r2a_mut;0.22026021992661013;0.6388417153518737;inferred_menopausal_state
2977;stk11_mut;0.2200497542120408;0.6390020107765848;chemotherapy
3126;sik2_mut;0.2200497542120408;0.6390020107765848;chemotherapy
4754;ppp2r2a_mut;3.3946954513148544;0.6393779438309792;cancer_type_detailed
4770;ppp2r2a_mut;3.3946954513148544;0.6393779438309792;oncotree_code
4472;oncotree_code;0.21616966322037962;0.6419740705773547;inferred_menopausal_state
4618;cancer_type_detailed;0.21616966322037962;0.6419740705773547;inferred_menopausal_state
4326;tumor_other_histologic_subtype;0.21616966322037962;0.6419740705773547;inferred_menopausal_state
6866;tbl1xr1_mut;238.3221319009062;0.6424498649199907;ahnak2_mut
4924;nf2_mut;2.5097840368496556;0.6428846707585213;tumor_stage
107;tumor_stage;21.870188492235947;0.6432285915701457;egfr_mut
22;tumor_stage;1.6647242438848333;0.6448046666241314;3-gene_classifier_subtype
545;neoplasm_histologic_grade;26.584447561746675;0.6449968059070962;l1cam_mut
1639;gldc_mut;4.22955973898095;0.6456420140399337;pam50_+_claudin-low_subtype
472;neoplasm_histologic_grade;212.44950680879876;0.6481207922236701;kmt2c_mut
3879;hdac9_mut;5.086263873341768;0.6494367497624463;tumor_other_histologic_subtype
6395;braf_mut;0.2051769590057468;0.6505742085154134;chemotherapy
523;neoplasm_histologic_grade;38.877277482426486;0.650647066417643;alk_mut
6703;nr3c1_mut;0.20480679363749282;0.6508685992626293;inferred_menopausal_state
6554;ccnd3_mut;0.20480679363749282;0.6508685992626293;inferred_menopausal_state
1498;ptprm_mut;0.2013281745154386;0.6536509109781932;hormone_therapy
165;3-gene_classifier_subtype;298.58031743751053;0.6543345957619734;nottingham_prognostic_index
109;tumor_stage;20.72759033801549;0.6547386689517034;smarcc2_mut
5659;ctnna1_mut;0.1990829587621641;0.6554620756706458;hormone_therapy
6103;foxo1_mut;1.6164946956782198;0.6556555683758214;her2_status_measured_by_snp6
3808;taf4b_mut;33.980599799777934;0.6558402242897536;kdm6a_mut
1187;mutation_count;0.19853692349374902;0.6559043999710235;type_of_breast_surgery
1788;sbno1_mut;4.144286350805776;0.6571576985929906;pam50_+_claudin-low_subtype
3747;taf4b_mut;211.77264446010773;0.6603188765085611;kmt2c_mut
320;primary_tumor_laterality;151.0506083322232;0.6612508227407651;pik3ca_mut
1355;myo3a_mut;0.19129341714899084;0.6618422909142359;overall_survival
1494;ptprm_mut;0.8245623085164717;0.662138086936735;neoplasm_histologic_grade
6569;ccnd3_mut;211.66358449328257;0.6622715116388295;kmt2c_mut
6718;nr3c1_mut;211.66358449328257;0.6622715116388295;kmt2c_mut
2094;er_status_measured_by_ihc;0.19053110776408858;0.6624749483191522;inferred_menopausal_state
1845;sbno1_mut;59.6978145210551;0.6625363911228116;myh9_mut
4907;nf2_mut;2.3951370362821933;0.6635062616126353;cohort
6106;foxo1_mut;0.18859688677869235;0.664086991004085;hormone_therapy
1660;gldc_mut;330.347095046854;0.6646385776768425;tp53_mut
2389;npnt_mut;0.18755421411919726;0.6649600674428781;her2_status
2975;stk11_mut;3.2213533003517862;0.665902267089758;cancer_type_detailed
2991;stk11_mut;3.221353300351786;0.665902267089758;oncotree_code
2084;er_status_measured_by_ihc;0.8119175747603536;0.666337628378366;cellularity
2403;npnt_mut;150.78864442346466;0.6667967563403956;pik3ca_mut
93;tumor_stage;20.519941499304934;0.6668571543016891;usp28_mut
1343;myo3a_mut;0.18528392063240992;0.6668711031588541;er_status_measured_by_ihc
3591;flt3_mut;1.565145819056634;0.6673183342326213;3-gene_classifier_subtype
3143;sik2_mut;0.1842971398548861;0.6677060610549541;radio_therapy
324;primary_tumor_laterality;211.3469418457354;0.6679196845345043;kmt2c_mut
433;primary_tumor_laterality;4.93105780733348;0.6683763686696098;kras_mut
335;primary_tumor_laterality;116.59584450564088;0.6690525564853694;dnah5_mut
130;tumor_stage;13.047392970320159;0.6692894381433272;foxp1_mut
823;ep300_mut;35.54507337891952;0.6709484927205706;pik3r1_mut
6843;tbl1xr1_mut;4.040921079341759;0.6711385425335157;pam50_+_claudin-low_subtype
1490;ptprm_mut;4.031190113546645;0.6724553785486402;pam50_+_claudin-low_subtype
1198;mutation_count;0.1782854963161304;0.6728508168652975;her2_status
3876;hdac9_mut;0.7918850820239877;0.6730453673320553;neoplasm_histologic_grade
677;cellularity;35.486145016590996;0.6735217222188437;ctcf_mut
5049;nf2_mut;0.788277277790222;0.6742605710196671;age_group
1801;sbno1_mut;3.1667553415171885;0.6742947545295598;oncotree_code
1785;sbno1_mut;3.1667553415171885;0.6742947545295598;cancer_type_detailed
2724;sik1_mut;79.56107022728786;0.6745803681210037;col6a3_mut
827;ep300_mut;35.456728307254615;0.6748042640173725;asxl1_mut
2726;sik1_mut;79.53506541367231;0.67533179526417;lama2_mut
828;ep300_mut;35.4273431778531;0.6760840787551091;fancd2_mut
20;tumor_stage;0.17412185800605284;0.6764742644436573;pr_status
3290;ptpn22_mut;0.17315957769178655;0.677318922147232;overall_survival
3439;tumor_size;0.17315957769178655;0.677318922147232;overall_survival
2546;nek1_mut;0.1721279388004303;0.6782275242981305;overall_survival
186;3-gene_classifier_subtype;122.98600339174678;0.6787346310844438;ryr2_mut
2973;stk11_mut;0.1713490023294414;0.6789156790099571;type_of_breast_surgery
6851;tbl1xr1_mut;0.1708422089022633;0.6793643921700763;hormone_therapy
2532;nek1_mut;3.9738393802816945;0.6802168204178511;pam50_+_claudin-low_subtype
4034;prkacg_mut;3.1268630124432764;0.680434615524409;oncotree_code
4018;prkacg_mut;3.1268630124432764;0.680434615524409;cancer_type_detailed
3883;hdac9_mut;0.1664391161211761;0.6832960641608132;primary_tumor_laterality
2997;stk11_mut;0.7603027524649988;0.6837578966835436;death_from_cancer
2827;type_of_breast_surgery;0.7601318717239294;0.683816319707399;cellularity
1492;ptprm_mut;0.16567164515997906;0.6839875565405774;er_status_measured_by_ihc
5666;ctnna1_mut;0.16511679034098498;0.684488645160656;pr_status
2348;fam20c_mut;15.583232164536172;0.6848782950118848;dcaf4l2_mut
1799;sbno1_mut;0.16453388551864156;0.685016123401581;primary_tumor_laterality
2989;stk11_mut;0.16424767325168638;0.685275519012846;primary_tumor_laterality
3273;ptpn22_mut;3.0945270333612163;0.6854151873678832;cancer_type_detailed
3289;ptpn22_mut;3.094527033361216;0.6854151873678833;oncotree_code
5668;ctnna1_mut;1.4837093677245405;0.6860352714730042;3-gene_classifier_subtype
916;myo1a_mut;284.67711211097856;0.6862779808892148;muc16_mut
537;neoplasm_histologic_grade;20.166764503485936;0.6872541124038787;usp28_mut
138;tumor_stage;9.175370499652336;0.6878829597273481;chek2_mut
743;ep300_mut;0.7464276347504695;0.6885179999924855;cellularity
64;tumor_stage;45.5279635240247;0.6899901900035477;map2k4_mut
499;neoplasm_histologic_grade;65.5783624121819;0.6900221285155647;pten_mut
3590;flt3_mut;0.15821120589072102;0.6908087838754016;radio_therapy
1991;kdm3a_mut;59.80201067557388;0.6910429687483199;thada_mut
3148;sik2_mut;328.4301558153308;0.6915688403769691;tp53_mut
5209;clrn2_mut;1.4489382445147512;0.6941044815992852;her2_status_measured_by_snp6
1820;sbno1_mut;119.36324786324785;0.6951557733518274;kmt2d_mut
6700;nr3c1_mut;0.1519600168887742;0.6966692888690125;her2_status
2283;fam20c_mut;68.21056080737915;0.6974698400037113;col12a1_mut
1349;myo3a_mut;0.14967370619079717;0.6988473715195218;hormone_therapy
5961;magea8_mut;295.57483318269607;0.6988671461448546;nottingham_prognostic_index
1037;myo1a_mut;0.7068299421395067;0.7022857046515986;age_group
85;tumor_stage;34.78082059110349;0.7038700549671518;ctcf_mut
6860;tbl1xr1_mut;1.4037364402931423;0.7046591229787402;3-gene_classifier_subtype
6562;ccnd3_mut;1.4037364402931423;0.7046591229787402;3-gene_classifier_subtype
118;tumor_stage;15.275194319575156;0.7049535151463575;dcaf4l2_mut
5651;ctnna1_mut;3.789651727561876;0.7051170283829931;pam50_+_claudin-low_subtype
3127;sik2_mut;3.78648354268788;0.7055445494517003;pam50_+_claudin-low_subtype
2693;sik1_mut;295.10039848189155;0.7056811951758984;nottingham_prognostic_index
913;myo1a_mut;0.6938690064836108;0.7068516232314939;death_from_cancer
6007;magea8_mut;56.45587995842124;0.7069637420837702;runx1_mut
6862;tbl1xr1_mut;0.6919636258411559;0.7075253548093094;death_from_cancer
1802;sbno1_mut;0.14046786233637906;0.7078163361735568;overall_survival
3274;ptpn22_mut;0.68806612199973;0.7089054905377521;cellularity
946;myo1a_mut;8.916327568228683;0.7100600838452904;akt1_mut
824;ep300_mut;35.545073378919525;0.711183598026349;asxl2_mut
282;3-gene_classifier_subtype;9.774186497444036;0.7122874469766278;prkce_mut
84;tumor_stage;37.359566164817075;0.7137169738317679;apc_mut
1748;gldc_mut;16.894099397030317;0.7175054533670656;smad4_mut
1955;kdm3a_mut;2.0961992218148056;0.7180706856676204;tumor_stage
4040;prkacg_mut;0.6597934853846675;0.7189979713937978;death_from_cancer
6448;braf_mut;8.808536658553836;0.7191911255124706;akt1_mut
3489;tumor_size;30.672643055239266;0.7197531922819798;erbb2_mut
2400;npnt_mut;1.3390571509526896;0.719880119919839;3-gene_classifier_subtype
1336;myo3a_mut;0.12843056422666096;0.720064865699756;type_of_breast_surgery
4760;ppp2r2a_mut;0.1253327274669045;0.723321177717213;er_status
592;cellularity;0.12387139211450679;0.7248730014296908;type_of_breast_surgery
2834;type_of_breast_surgery;1.3155645783814434;0.7254404732923169;her2_status_measured_by_snp6
708;cellularity;16.759529375201893;0.7255761106255691;smarcc1_mut
3568;tumor_size;0.6398425000565822;0.7262062235415037;age_group
6249;nt5e_mut;0.1222862212373981;0.7265680054643564;er_status_measured_by_ihc
67;tumor_stage;43.58432232610925;0.7270104560821093;arid1b_mut
3569;flt3_mut;0.12139199074640689;0.7275296397885871;type_of_breast_surgery
3429;tumor_size;0.634860193979847;0.7280175696151538;neoplasm_histologic_grade
4479;oncotree_code;1.3044608183440929;0.7280740842734821;3-gene_classifier_subtype
4333;tumor_other_histologic_subtype;1.3044608183440929;0.7280740842734821;3-gene_classifier_subtype
4625;cancer_type_detailed;1.3044608183440929;0.7280740842734821;3-gene_classifier_subtype
5060;ldlrap1_mut;1.3044129783376868;0.7280854385105839;her2_status_measured_by_snp6
295;3-gene_classifier_subtype;0.6345732445823529;0.7281220292101123;age_group
4759;ppp2r2a_mut;0.12049740590156002;0.7284956376901679;er_status_measured_by_ihc
2531;nek1_mut;0.12042373071680684;0.7285753730890194;chemotherapy
3131;sik2_mut;0.6324303227049659;0.7289026016247626;neoplasm_histologic_grade
538;neoplasm_histologic_grade;26.742587446517586;0.7298690115557993;brca2_mut
2086;er_status_measured_by_ihc;3.602905721224768;0.7302320015047384;pam50_+_claudin-low_subtype
5358;prr16_mut;1.29109972319769;0.7312476126403236;her2_status_measured_by_snp6
3457;tumor_size;117.72229299363062;0.7318555849209432;kmt2d_mut
899;myo1a_mut;1.2875615941391476;0.7320887970803087;her2_status_measured_by_snp6
6263;nt5e_mut;0.11666137805082699;0.7326840884471615;radio_therapy
751;ep300_mut;0.11422885878196201;0.7353800673886939;her2_status
196;3-gene_classifier_subtype;80.22289085545724;0.735788947132317;arid1a_mut
1507;ptprm_mut;1.266811194826298;0.7370287620327598;3-gene_classifier_subtype
141;tumor_stage;6.0214732013002035;0.7377672501415034;akt2_mut
3736;taf4b_mut;2.7525024754186647;0.7380774473321856;oncotree_code
3720;taf4b_mut;2.7525024754186647;0.7380774473321856;cancer_type_detailed
763;ep300_mut;1.9781731230826267;0.739773631851548;tumor_stage
6391;braf_mut;0.10957096367085672;0.7406331171448615;type_of_breast_surgery
749;ep300_mut;0.5995872205410964;0.7409711337331563;neoplasm_histologic_grade
2843;type_of_breast_surgery;0.10763025958167138;0.7428583506628681;overall_survival
128;tumor_stage;13.765821373701973;0.7442244351217315;map3k13_mut
375;primary_tumor_laterality;36.52174270581533;0.7467150446603529;alk_mut
5218;clrn2_mut;0.10345644113255592;0.7477205474816688;overall_survival
4164;prkacg_mut;0.5791058262105757;0.7485981812085308;age_group
1340;myo3a_mut;0.10201055530827452;0.7494301006552756;chemotherapy
1038;fanca_mut;0.10153357433866592;0.7499969891217858;type_of_breast_surgery
389;primary_tumor_laterality;19.03593634647811;0.7500703944629721;usp28_mut
199;3-gene_classifier_subtype;56.96753495217072;0.7506911116747034;cbfb_mut
3295;ptpn22_mut;0.5727641287992323;0.7509756400716938;death_from_cancer
1993;kdm3a_mut;59.76720266550774;0.7513809132219625;stab2_mut
6242;nt5e_mut;0.09978699163851977;0.7520854022656107;type_of_breast_surgery
3167;sik2_mut;90.85047845817658;0.7555983414926492;birc6_mut
2676;sik1_mut;0.09680855113506065;0.755693642021807;type_of_breast_surgery
305;primary_tumor_laterality;0.5594949954446117;0.7559746026673185;neoplasm_histologic_grade
2255;fam20c_mut;323.4742432416233;0.7567696223187164;tp53_mut
760;ep300_mut;0.09539239982462144;0.7574306113440679;pr_status
611;cellularity;0.09539239982462144;0.7574306113440679;pr_status
1931;sbno1_mut;0.5551716652187099;0.7576105341231278;age_group
6693;nr3c1_mut;0.09370984255890089;0.7595127979338435;chemotherapy
742;ep300_mut;2.594672336742721;0.7621745749046714;cancer_type_detailed
758;ep300_mut;2.594672336742721;0.7621745749046714;oncotree_code
255;3-gene_classifier_subtype;19.671106375421775;0.7638581043408593;egfr_mut
119;tumor_stage;15.207259020444656;0.7644278736413835;bcas3_mut
5223;clrn2_mut;0.5365153609273532;0.764710704703619;death_from_cancer
4187;large1_mut;1.1417888040849393;0.7669968634579779;3-gene_classifier_subtype
2892;type_of_breast_surgery;42.44969191146843;0.7670523970858552;arid1b_mut
2687;sik1_mut;0.08760455033016504;0.767244852099609;her2_status
2992;stk11_mut;0.08748679977539173;0.767396817739841;overall_survival
3141;sik2_mut;0.08748679977539173;0.767396817739841;overall_survival
4765;ppp2r2a_mut;0.08714933578234643;0.7678329566017119;hormone_therapy
131;tumor_stage;9.89363870395478;0.7699176011383169;clk3_mut
5645;dtwd2_mut;0.5215649579678132;0.7704484901277845;age_group
2383;npnt_mut;3.29860723032055;0.7705422369512722;pam50_+_claudin-low_subtype
3880;hdac9_mut;0.08504944740205977;0.7705677123648608;hormone_therapy
540;neoplasm_histologic_grade;26.74258744651759;0.7708309290345945;arid2_mut
4175;large1_mut;1.1193277224979088;0.7724104621305659;her2_status_measured_by_snp6
1943;kdm3a_mut;0.08334709893970971;0.7728117461242656;her2_status
1350;myo3a_mut;0.08312219662917471;0.7731100630127924;inferred_menopausal_state
4767;ppp2r2a_mut;6.478867819631525;0.77355559643625;integrative_cluster
570;neoplasm_histologic_grade;12.411150622203174;0.774626779660295;ttyh1_mut
4623;cancer_type_detailed;0.08188050299863583;0.7747650031994635;pr_status
4477;oncotree_code;0.08188050299863583;0.7747650031994635;pr_status
4331;tumor_other_histologic_subtype;0.08188050299863583;0.7747650031994635;pr_status
1987;kdm3a_mut;59.85436581571449;0.7758988551159414;col22a1_mut
2229;fam20c_mut;0.0810232244454357;0.7759155281802421;type_of_breast_surgery
4916;nf2_mut;6.447479544446162;0.7763722131378191;integrative_cluster
1650;gldc_mut;0.08061117966250061;0.7764708614853449;primary_tumor_laterality
2228;er_status_measured_by_ihc;0.5030153302343028;0.7776274969810586;age_group
2258;fam20c_mut;204.45580480829392;0.7809924004364172;kmt2c_mut
676;cellularity;35.48614501659101;0.7851921873600649;apc_mut
4024;prkacg_mut;0.07421307068441088;0.7852985116530211;er_status
5842;agtr2_mut;85.64038703629616;0.7885522095991737;tbx3_mut
4764;ppp2r2a_mut;3.9162222147271106;0.7893748762203951;tumor_other_histologic_subtype
5059;ldlrap1_mut;0.4725992003661907;0.7895440909402109;neoplasm_histologic_grade
623;cellularity;176.937869358221;0.7902264591438416;map3k1_mut
5069;ldlrap1_mut;0.07020263929408552;0.7910419658695944;overall_survival
965;myo1a_mut;40.80323389823313;0.7912823954453855;thsd7a_mut
6107;foxo1_mut;0.06921688538674145;0.7924804243595138;inferred_menopausal_state
5208;clrn2_mut;0.46405330903705666;0.7929249879912251;neoplasm_histologic_grade
208;3-gene_classifier_subtype;58.30368507381084;0.7929528337791478;stab2_mut
1795;sbno1_mut;3.880628593082515;0.7934195027244688;tumor_other_histologic_subtype
237;3-gene_classifier_subtype;30.6849022412971;0.7944821959418342;kdm6a_mut
896;myo1a_mut;0.06782455831190687;0.794530959198426;er_status_measured_by_ihc
1970;kdm3a_mut;119.3457543400886;0.7957234424396166;ush2a_mut
2385;npnt_mut;0.06636055653828556;0.7967114401281351;er_status_measured_by_ihc
2680;sik1_mut;0.06621433782108772;0.7969306213385761;chemotherapy
5661;ctnna1_mut;6.201506354185998;0.7980588867574132;integrative_cluster
4068;prkacg_mut;55.3173040590259;0.7984836294873251;cbfb_mut
2140;er_status_measured_by_ihc;63.66868266041427;0.7986527124579554;ncor1_mut
5950;magea8_mut;1.6559588869168733;0.798701323603733;cohort
6848;tbl1xr1_mut;1.0073693975981524;0.7994687864655432;her2_status_measured_by_snp6
1649;gldc_mut;6.1582683281433965;0.8017955036739735;integrative_cluster
3003;stk11_mut;181.91551199729645;0.801923030157213;syne1_mut
1643;gldc_mut;0.4365728359688639;0.8038951586584988;neoplasm_histologic_grade
1197;mutation_count;0.9764547757797728;0.8069489455303797;her2_status_measured_by_snp6
6252;nt5e_mut;0.9746537101370035;0.8073846844732798;her2_status_measured_by_snp6
231;3-gene_classifier_subtype;33.03046082123006;0.8077500751793536;asxl2_mut
5817;agtr2_mut;0.972314555097852;0.807950590170816;3-gene_classifier_subtype
3283;ptpn22_mut;3.7468637075273517;0.808428376643832;tumor_other_histologic_subtype
2539;nek1_mut;3.7406418577111453;0.8091187126793802;tumor_other_histologic_subtype
2262;fam20c_mut;136.61083471531236;0.8094112992122718;ahnak_mut
168;3-gene_classifier_subtype;0.056926765257930535;0.81142095694808;pr_status
6853;tbl1xr1_mut;6.04331721102634;0.8116108775714006;integrative_cluster
2563;nek1_mut;113.70252087071721;0.8124960761727154;dnah2_mut
1363;myo3a_mut;275.24565531421337;0.8126858659875198;muc16_mut
4758;ppp2r2a_mut;1.5753642788795554;0.8132129660676659;cohort
3442;tumor_size;0.9472462190266615;0.8140137871685201;3-gene_classifier_subtype
3733;taf4b_mut;5.998458025040482;0.815392777944064;integrative_cluster
2121;er_status_measured_by_ihc;94.70908176052251;0.8155351488185124;herc2_mut
3586;flt3_mut;286.5367840665193;0.8158041328205062;nottingham_prognostic_index
3588;flt3_mut;0.05305485654233917;0.8178303788512037;overall_survival
1652;gldc_mut;2.2179735352188814;0.8182356001059459;oncotree_code
1636;gldc_mut;2.217973535218881;0.8182356001059461;cancer_type_detailed
2134;er_status_measured_by_ihc;63.76637617389111;0.8191969300722595;col12a1_mut
5074;ldlrap1_mut;0.3979015727063197;0.8195902273644283;death_from_cancer
403;primary_tumor_laterality;18.497643884105564;0.8205503231882989;egfr_mut
501;neoplasm_histologic_grade;60.91925022447536;0.821003279533489;atr_mut
6563;ccnd3_mut;1.5260921522556392;0.8220097374220156;tumor_stage
4923;nf2_mut;0.907799938145297;0.8235451080330457;3-gene_classifier_subtype
2088;er_status_measured_by_ihc;0.049485585565423304;0.8239608226611252;er_status
471;neoplasm_histologic_grade;226.2132778260543;0.8244935549444302;ahnak2_mut
456;neoplasm_histologic_grade;0.048905443550256875;0.8249789472161203;hormone_therapy
1807;sbno1_mut;0.38466279011065563;0.8250334111900376;death_from_cancer
2576;nek1_mut;76.426866861021;0.8264486593535715;arid1a_mut
6404;braf_mut;0.04744716232276294;0.8275664814859616;hormone_therapy
755;ep300_mut;5.8501462820011625;0.8276921830781641;integrative_cluster
121;tumor_stage;10.690614679566774;0.8281674494112444;gps2_mut
4772;ppp2r2a_mut;0.04709277443248125;0.8282015674688311;pr_status
94;tumor_stage;24.40061661165455;0.8295562948548136;brca2_mut
3874;hdac9_mut;0.0457438982238379;0.830642015621945;er_status_measured_by_ihc
343;primary_tumor_laterality;73.35245317584081;0.8326402226222557;col6a3_mut
6406;braf_mut;5.783488077394761;0.8331137094398771;integrative_cluster
1138;fanca_mut;19.927434691979894;0.8337874973910031;ncoa3_mut
912;myo1a_mut;1.4569483463136939;0.8342391770908084;tumor_stage
4909;nf2_mut;0.04345154769979784;0.8348773473609009;er_status
815;ep300_mut;35.782060266641565;0.8353800170149379;setd1a_mut
750;ep300_mut;0.8578681076932048;0.835581417955281;her2_status_measured_by_snp6
2247;fam20c_mut;2.0940628898931135;0.8359825468240892;oncotree_code
2231;fam20c_mut;2.0940628898931135;0.8359825468240892;cancer_type_detailed
4052;prkacg_mut;112.34975910916617;0.8362079809799244;dnah2_mut
954;myo1a_mut;41.112735022170284;0.8372785806729098;map2k4_mut
6856;tbl1xr1_mut;2.083490342016658;0.8374761450483046;oncotree_code
6840;tbl1xr1_mut;2.0834903420166575;0.8374761450483047;cancer_type_detailed
512;neoplasm_histologic_grade;27.70581868398464;0.8375189299411292;erbb2_mut
536;neoplasm_histologic_grade;26.82191136088072;0.8375841768017168;foxo3_mut
4053;prkacg_mut;112.25625625625626;0.8377784781782441;kmt2d_mut
6010;magea8_mut;41.901514083740416;0.8404233885382306;ros1_mut
2976;stk11_mut;0.3469167411102789;0.8407521504786648;cellularity
2685;sik1_mut;0.3454049800978447;0.8413878988844153;neoplasm_histologic_grade
5964;magea8_mut;0.03980563212524044;0.8418610930917163;pr_status
5529;dtwd2_mut;173.23776626970172;0.8433141904420262;map3k1_mut
2386;npnt_mut;0.039016902546507616;0.843415180805272;er_status
2681;sik1_mut;2.716867441397425;0.8434509548721136;pam50_+_claudin-low_subtype
218;3-gene_classifier_subtype;42.68693737592494;0.8435816996636305;shank2_mut
3430;tumor_size;0.8125007343034752;0.8464747454941342;her2_status_measured_by_snp6
3878;hdac9_mut;0.03734948546246554;0.8467552338753072;her2_status
1357;myo3a_mut;0.037269624952533366;0.8469171277829519;radio_therapy
1990;kdm3a_mut;59.80201067557388;0.8470647148687007;atr_mut
55;tumor_stage;59.797032604452;0.8471755984683627;pten_mut
5946;magea8_mut;2.0056981737918482;0.8483560242713489;cancer_type_detailed
5962;magea8_mut;2.0056981737918482;0.8483560242713489;oncotree_code
61;tumor_stage;53.33925232939295;0.8489078698807234;myh9_mut
5066;ldlrap1_mut;0.03620572902728389;0.8490912679868037;primary_tumor_laterality
3424;tumor_size;0.035531172100467;0.8504869566337979;chemotherapy
1634;gldc_mut;0.035457602549773676;0.8506400022445726;type_of_breast_surgery
6112;foxo1_mut;0.03542805732562573;0.8507015109882273;overall_survival
290;3-gene_classifier_subtype;4.066673702726473;0.8510583488150829;prkg1_mut
1792;sbno1_mut;0.3162307587081051;0.8537512710153546;neoplasm_histologic_grade
211;3-gene_classifier_subtype;52.22274509803921;0.8537778695370987;nf1_mut
635;cellularity;87.87465597441013;0.8561722369236381;tg_mut
752;ep300_mut;3.293756196750959;0.8565634486120393;tumor_other_histologic_subtype
917;myo1a_mut;223.19827236575148;0.8592851441652826;ahnak2_mut
2848;type_of_breast_surgery;0.3026815510927622;0.8595547335104048;death_from_cancer
511;neoplasm_histologic_grade;39.38798620397656;0.8597557653193788;arid1b_mut
510;neoplasm_histologic_grade;39.38798620397655;0.8597557653193791;lamb3_mut
5361;prr16_mut;0.030881418380688433;0.860505203752181;hormone_therapy
5805;agtr2_mut;0.7501000321375151;0.8613613271328932;her2_status_measured_by_snp6
5507;dtwd2_mut;0.7501000321375151;0.8613613271328932;her2_status_measured_by_snp6
1646;gldc_mut;3.2372482429473832;0.8622219193990519;tumor_other_histologic_subtype
4035;prkacg_mut;0.029530115852403425;0.8635607322851223;overall_survival
1549;ptprm_mut;51.79021120745813;0.8636122838630583;nf1_mut
564;neoplasm_histologic_grade;12.489216444898982;0.8636634477305936;cdkn1b_mut
534;neoplasm_histologic_grade;26.901405315789134;0.8639806262056249;ctnna3_mut
4908;nf2_mut;0.029003172566666024;0.8647717117894186;er_status_measured_by_ihc
4051;prkacg_mut;120.81013366925606;0.8647891783720716;cdh1_mut
535;neoplasm_histologic_grade;26.86163704911294;0.8652205505738244;brca1_mut
2095;er_status_measured_by_ihc;5.365604001340978;0.8654565586433729;integrative_cluster
209;3-gene_classifier_subtype;52.588063284233506;0.8659194613706153;myh9_mut
2404;npnt_mut;313.0383117023405;0.8674888619256146;tp53_mut
3585;flt3_mut;0.027564954773554973;0.8681357257133941;primary_tumor_laterality
3146;sik2_mut;0.28091374619673815;0.8689611397262789;death_from_cancer
6117;foxo1_mut;0.28029390289471057;0.8692304913341612;death_from_cancer
350;primary_tumor_laterality;56.02783629167574;0.8695955585040426;col22a1_mut
3875;hdac9_mut;0.02689712402484183;0.8697284460897263;er_status
263;3-gene_classifier_subtype;13.961197944355842;0.8712601921019696;prkcq_mut
1509;ptprm_mut;0.27524725818757334;0.8714266096553214;death_from_cancer
4752;ppp2r2a_mut;0.026153250713772717;0.8715266163364485;type_of_breast_surgery
2690;sik1_mut;0.0254216293292472;0.8733209523970081;inferred_menopausal_state
6398;braf_mut;0.02530420693354893;0.8736113909075257;er_status_measured_by_ihc
6265;nt5e_mut;1.2102604849032454;0.8764064240739324;tumor_stage
3907;hdac9_mut;106.03174633571835;0.8766492932557464;dnah5_mut
176;3-gene_classifier_subtype;196.63682767797744;0.8794758716937146;kmt2c_mut
594;cellularity;1.769058975787469;0.8800872085679595;cancer_type_detailed
609;cellularity;1.769058975787469;0.8800872085679595;oncotree_code
233;3-gene_classifier_subtype;29.814508328855457;0.8803250648342417;ctcf_mut
4055;prkacg_mut;112.20990125229808;0.8809613895858359;ryr2_mut
274;3-gene_classifier_subtype;10.499282051282053;0.8813797065198301;ttyh1_mut
1547;ptprm_mut;51.85084000578194;0.8814298548608555;myh9_mut
221;3-gene_classifier_subtype;39.351351351351354;0.8825308723770058;setd2_mut
2835;type_of_breast_surgery;0.0218013852068225;0.8826166875297675;her2_status
3889;hdac9_mut;0.6574525692243691;0.8831628972526911;3-gene_classifier_subtype
2990;stk11_mut;279.6034761654134;0.8839934853532846;nottingham_prognostic_index
1992;kdm3a_mut;59.78459714975031;0.8843960301521651;ncor1_mut
6095;foxo1_mut;1.719075330952583;0.8864878829450472;cancer_type_detailed
6111;foxo1_mut;1.7190753309525828;0.8864878829450473;oncotree_code
294;3-gene_classifier_subtype;0.2402523659305994;0.8868085295270067;prps2_mut
505;neoplasm_histologic_grade;51.523565618520564;0.8879366796157955;myh9_mut
3593;flt3_mut;0.2361795346163182;0.8886162803427271;death_from_cancer
4327;tumor_other_histologic_subtype;5.026340048921885;0.8894115411675396;integrative_cluster
4619;cancer_type_detailed;5.026340048921885;0.8894115411675396;integrative_cluster
4473;oncotree_code;5.026340048921885;0.8894115411675396;integrative_cluster
2675;nek1_mut;0.23329920145798982;0.8898969577844509;age_group
5269;clrn2_mut;14.315010994997898;0.8899227750539168;sf3b1_mut
2568;nek1_mut;90.26221062574014;0.8914170903629989;herc2_mut
1689;gldc_mut;54.88612918062947;0.891951500978821;col22a1_mut
1345;myo3a_mut;0.22766163297598904;0.8924089239872963;neoplasm_histologic_grade
4471;oncotree_code;0.01791465971542504;0.8935246234586015;hormone_therapy
4617;cancer_type_detailed;0.01791465971542504;0.8935246234586015;hormone_therapy
4325;tumor_other_histologic_subtype;0.01791465971542504;0.8935246234586015;hormone_therapy
16;tumor_stage;0.017173946572376666;0.895736224771648;primary_tumor_laterality
3723;taf4b_mut;2.2430157651696736;0.8960470919628767;pam50_+_claudin-low_subtype
1353;myo3a_mut;277.91086611311255;0.8976232333125761;nottingham_prognostic_index
2241;fam20c_mut;2.8581050953087557;0.8978109952075805;tumor_other_histologic_subtype
4776;ppp2r2a_mut;0.21528674538902914;0.8979477720297665;death_from_cancer
1656;gldc_mut;0.5921624928929646;0.8982242244025304;3-gene_classifier_subtype
360;primary_tumor_laterality;38.63527201706512;0.8984223057028156;map2k4_mut
521;neoplasm_histologic_grade;27.38197071309946;0.8990171354671742;erbb3_mut
5818;agtr2_mut;1.065708873337603;0.8996740080625006;tumor_stage
5350;prr16_mut;1.600997037560866;0.901128746696936;cancer_type_detailed
5366;prr16_mut;1.600997037560866;0.901128746696936;oncotree_code
6250;nt5e_mut;0.014879730115819422;0.902912878356972;er_status
5215;clrn2_mut;0.014527953837678333;0.9040617622703461;primary_tumor_laterality
909;myo1a_mut;0.014509297507416193;0.9041230849149604;pr_status
2698;sik1_mut;0.5661241005896147;0.9041417644853641;3-gene_classifier_subtype
3888;hdac9_mut;0.014449526148309775;0.904319820900767;radio_therapy
1644;gldc_mut;0.5577091133936791;0.9060418755363112;her2_status_measured_by_snp6
603;cellularity;2.7425116683625417;0.9077569750778416;tumor_other_histologic_subtype
363;primary_tumor_laterality;37.30194331699649;0.9079868219905755;arid1b_mut
6260;nt5e_mut;1.5390290115359533;0.9085224068653746;oncotree_code
6244;nt5e_mut;1.5390290115359535;0.9085224068653746;cancer_type_detailed
300;primary_tumor_laterality;0.012488271988634852;0.911020890110637;chemotherapy
2678;sik1_mut;1.5038876084961639;0.9126207499738834;cancer_type_detailed
2694;sik1_mut;1.5038876084961639;0.9126207499738834;oncotree_code
6699;nr3c1_mut;0.5272629534008083;0.912862309461428;her2_status_measured_by_snp6
2824;sik1_mut;0.18231155768192547;0.9128754931360302;age_group
4948;nf2_mut;78.4761096238866;0.9157125366346206;tbx3_mut
6092;magea8_mut;0.17593441810828683;0.9157909058809913;age_group
640;cellularity;71.27278499738674;0.9158946261395399;arid1a_mut
1356;myo3a_mut;0.011011938009620652;0.9164251790684556;pr_status
1152;fanca_mut;12.687342149871862;0.9191798955492613;smad4_mut
664;cellularity;35.81182774125477;0.9201179836681507;usp9x_mut
4610;cancer_type_detailed;1.9915186412084809;0.9204769760490529;pam50_+_claudin-low_subtype
4464;oncotree_code;1.9915186412084809;0.9204769760490529;pam50_+_claudin-low_subtype
4318;tumor_other_histologic_subtype;1.9915186412084809;0.9204769760490529;pam50_+_claudin-low_subtype
934;myo1a_mut;81.68829417973231;0.9205541365202217;birc6_mut
4476;oncotree_code;0.009911744588364958;0.9206954417008201;overall_survival
4622;cancer_type_detailed;0.009911744588364958;0.9206954417008201;overall_survival
4330;tumor_other_histologic_subtype;0.009911744588364958;0.9206954417008201;overall_survival
3904;hdac9_mut;106.11073144547869;0.9211131661829779;kmt2d_mut
2718;sik1_mut;79.83763709863155;0.9211645387742796;pde4dip_mut
767;ep300_mut;263.15502300779866;0.9218475318745137;muc16_mut
558;neoplasm_histologic_grade;12.567448276787125;0.9230180576075078;casp8_mut
560;neoplasm_histologic_grade;12.567448276787125;0.9230180576075078;smarcc1_mut
6857;tbl1xr1_mut;0.009311304433424566;0.9231273649508764;overall_survival
194;3-gene_classifier_subtype;77.87281937511557;0.9231882658441177;tbx3_mut
391;primary_tumor_laterality;18.91586802183482;0.9234263362598166;cacna2d3_mut
1394;myo3a_mut;55.548272404152144;0.9243946584655064;atr_mut
310;primary_tumor_laterality;0.008581100792837824;0.9261941480830967;inferred_menopausal_state
6098;foxo1_mut;1.927383590060624;0.9262544278925523;pam50_+_claudin-low_subtype
5809;agtr2_mut;0.008511729574260012;0.9264922346907185;inferred_menopausal_state
246;3-gene_classifier_subtype;20.399843221093892;0.9268430247063828;lifr_mut
2996;stk11_mut;0.8836270128671823;0.9268979500417682;tumor_stage
6247;nt5e_mut;1.9190663962027605;0.9269894386865962;pam50_+_claudin-low_subtype
595;cellularity;0.008366519937401232;0.9271201893829544;chemotherapy
5819;agtr2_mut;0.15046088731646007;0.9275297183573469;death_from_cancer
5521;dtwd2_mut;0.15046088731646007;0.9275297183573469;death_from_cancer
2696;sik1_mut;0.008086681022192859;0.9283460395193708;pr_status
5111;ldlrap1_mut;51.711613059916225;0.9290244313450966;stab2_mut
898;myo1a_mut;0.1469165857319786;0.9291748982053865;neoplasm_histologic_grade
369;primary_tumor_laterality;37.000568527895766;0.929284922197858;setd2_mut
3300;ptpn22_mut;190.87492886837794;0.9294413168335767;kmt2c_mut
3449;tumor_size;190.8749288683779;0.9294413168335769;kmt2c_mut
2131;er_status_measured_by_ihc;63.98026862407202;0.929584913391447;notch1_mut
2536;nek1_mut;0.1440214478141418;0.9305209169378588;neoplasm_histologic_grade
333;primary_tumor_laterality;109.6470891246895;0.9310868873922699;ush2a_mut
6122;foxo1_mut;190.63621066209717;0.9311184074427613;kmt2c_mut
2865;type_of_breast_surgery;87.0413564951291;0.93112723641143;herc2_mut
2269;fam20c_mut;101.43297058724438;0.9315580253537151;dnah5_mut
3140;sik2_mut;1.3282734851308726;0.9319956441997944;oncotree_code
3124;sik2_mut;1.3282734851308724;0.9319956441997944;cancer_type_detailed
808;ep300_mut;35.96114913829818;0.9323758460168479;arid1b_mut
658;cellularity;35.96114913829818;0.9323758460168479;lamb3_mut
807;ep300_mut;35.96114913829817;0.9323758460168481;lamb3_mut
2114;er_status_measured_by_ihc;127.72420205756163;0.9324760774720908;dnah11_mut
2529;nek1_mut;1.3186253734310038;0.9330035222834288;cancer_type_detailed
2545;nek1_mut;1.3186253734310038;0.9330035222834288;oncotree_code
2445;npnt_mut;35.91296388428781;0.933158998602067;lamb3_mut
162;3-gene_classifier_subtype;0.006991828315866174;0.933360828385744;inferred_menopausal_state
296;primary_tumor_laterality;0.006981082264679838;0.9334119392790365;type_of_breast_surgery
520;neoplasm_histologic_grade;30.827732151044536;0.9334884549395577;afdn_mut
4183;large1_mut;1.3096712637182457;0.9339333734778276;oncotree_code
4167;large1_mut;1.3096712637182455;0.9339333734778276;cancer_type_detailed
3922;hdac9_mut;52.141570492745366;0.9349950331558454;col22a1_mut
5241;clrn2_mut;78.5781069109281;0.9353537685757315;pde4dip_mut
325;primary_tumor_laterality;169.60767537206857;0.9356133146047183;syne1_mut
4345;tumor_other_histologic_subtype;127.32562766610299;0.9357734178487337;dnah11_mut
4491;oncotree_code;127.32562766610299;0.9357734178487337;dnah11_mut
4637;cancer_type_detailed;127.32562766610299;0.9357734178487337;dnah11_mut
5217;clrn2_mut;1.2855713218680296;0.9364093528767932;oncotree_code
5201;clrn2_mut;1.2855713218680296;0.9364093528767932;cancer_type_detailed
5515;dtwd2_mut;1.2855713218680296;0.9364093528767932;oncotree_code
5499;dtwd2_mut;1.2855713218680296;0.9364093528767932;cancer_type_detailed
3365;ptpn22_mut;14.415953421198996;0.9366911533044374;usp28_mut
5669;ctnna1_mut;0.8102077902492619;0.9370743523807599;tumor_stage
4632;cancer_type_detailed;189.7401509104607;0.9371522117585734;kmt2c_mut
4486;oncotree_code;189.7401509104607;0.9371522117585734;kmt2c_mut
4340;tumor_other_histologic_subtype;189.7401509104607;0.9371522117585734;kmt2c_mut
468;neoplasm_histologic_grade;132.63179014888905;0.9371654164865304;pik3ca_mut
1201;mutation_count;0.006144155935753065;0.9375220703941225;inferred_menopausal_state
5516;dtwd2_mut;0.006111223451408144;0.9376893935165265;overall_survival
5814;agtr2_mut;0.006111223451408144;0.9376893935165265;overall_survival
3284;ptpn22_mut;0.00603760990596907;0.9380650565574467;hormone_therapy
2574;nek1_mut;76.49504818561223;0.9384814702128509;tbx3_mut
3609;flt3_mut;100.5366990954583;0.939765188006606;dnah5_mut
442;primary_tumor_laterality;0.11803277154543723;0.9426913223047947;prps2_mut
805;ep300_mut;36.111282064673354;0.9430212879540412;map2k4_mut
761;ep300_mut;0.005077380417183329;0.9431942203749389;radio_therapy
5985;magea8_mut;85.78718352410905;0.9433279764439916;herc2_mut
803;ep300_mut;46.2819319082934;0.9435577891164124;runx1_mut
2697;sik1_mut;0.0049549808581252925;0.9438819570644537;radio_therapy
2550;nek1_mut;0.7566737786815683;0.9441603456283042;tumor_stage
493;neoplasm_histologic_grade;66.21251336717675;0.944210660382391;lama2_mut
5956;magea8_mut;2.2388601796540932;0.9454462762531723;tumor_other_histologic_subtype
5822;agtr2_mut;259.0176839042964;0.9454940557564574;muc16_mut
3757;taf4b_mut;106.06128203391307;0.946206325661717;ryr2_mut
397;primary_tumor_laterality;18.67650021987787;0.9465234964126907;l1cam_mut
891;myo1a_mut;1.1795293122054418;0.9468261103062171;cancer_type_detailed
907;myo1a_mut;1.1795293122054418;0.9468261103062171;oncotree_code
812;ep300_mut;35.81182774125475;0.9471868519722205;ptprd_mut
3287;ptpn22_mut;0.004381493950068852;0.9472242858038918;primary_tumor_laterality
4775;ppp2r2a_mut;0.7290039182125567;0.9477045682411176;tumor_stage
4314;tumor_other_histologic_subtype;0.0040563187361616435;0.9492176760622534;type_of_breast_surgery
4606;cancer_type_detailed;0.0040563187361616435;0.9492176760622534;type_of_breast_surgery
4460;oncotree_code;0.0040563187361616435;0.9492176760622534;type_of_breast_surgery
11;tumor_stage;0.004016522600519948;0.9494670652282255;her2_status
1348;myo3a_mut;2.1569398189268467;0.9506456264013994;tumor_other_histologic_subtype
270;3-gene_classifier_subtype;10.74200743494424;0.9526405390920044;men1_mut
2569;nek1_mut;76.72972021166343;0.9526901969972925;pde4dip_mut
773;ep300_mut;123.93400215029843;0.9537314695768867;ahnak_mut
3721;taf4b_mut;0.0942822966885174;0.9539527392375485;cellularity
629;cellularity;106.7657605253979;0.9541803993261382;ush2a_mut
1354;myo3a_mut;1.0852357760263862;0.9554021731297573;oncotree_code
1338;myo3a_mut;1.0852357760263862;0.9554021731297573;cancer_type_detailed
3890;hdac9_mut;0.6659266899236562;0.9554634174768903;tumor_stage
271;3-gene_classifier_subtype;10.62058032554848;0.9554749591794314;brip1_mut
244;3-gene_classifier_subtype;20.52175401069519;0.9557199844804126;arid2_mut
2080;kdm3a_mut;0.08787076889711892;0.9570157935784775;age_group
5646;ctnna1_mut;0.002890480040802809;0.9571238413424569;type_of_breast_surgery
5795;agtr2_mut;0.002890480040802809;0.9571238413424569;type_of_breast_surgery
6414;braf_mut;0.6485630863127755;0.9575173266634557;tumor_stage
5376;prr16_mut;209.96710563090897;0.9579346878829597;ahnak2_mut
6712;nr3c1_mut;0.6358001717339161;0.9590035905543404;tumor_stage
5073;ldlrap1_mut;0.6358001717339161;0.9590035905543404;tumor_stage
2009;kdm3a_mut;29.09682035599467;0.9591943273424676;afdn_mut
2688;sik1_mut;2.0106734221562794;0.9592472559412623;tumor_other_histologic_subtype
5356;prr16_mut;0.002566704541506072;0.9595943359577143;er_status
5654;ctnna1_mut;0.002566704541506072;0.9595943359577143;er_status
6105;foxo1_mut;1.9754170402182691;0.961188426996427;tumor_other_histologic_subtype
901;myo1a_mut;1.9752175407539099;0.9611992642192811;tumor_other_histologic_subtype
590;neoplasm_histologic_grade;0.07868527268469411;0.9614212348492925;prps2_mut
4468;oncotree_code;0.07661862644720158;0.9624152070969239;neoplasm_histologic_grade
4322;tumor_other_histologic_subtype;0.07661862644720158;0.9624152070969239;neoplasm_histologic_grade
4614;cancer_type_detailed;0.07661862644720158;0.9624152070969239;neoplasm_histologic_grade
405;primary_tumor_laterality;13.20946813703574;0.9625419791212335;smarcc2_mut
3774;taf4b_mut;52.132299423292025;0.9625782508865124;pten_mut
2425;npnt_mut;73.62114197499311;0.9630543832836072;tbx3_mut
264;3-gene_classifier_subtype;10.985248981038458;0.9630733106792296;smarcc1_mut
5649;ctnna1_mut;0.0738959718660796;0.9637262613677032;cellularity
747;ep300_mut;0.0020633781515691056;0.9637690148052827;er_status_measured_by_ihc
2130;er_status_measured_by_ihc;63.980268624071996;0.9637840700465513;lama2_mut
2708;sik1_mut;159.18037132190926;0.9640047919278678;map3k1_mut
941;myo1a_mut;46.031948282267614;0.9640784015652506;cbfb_mut
2382;npnt_mut;0.0020226783050826774;0.9641278767522147;chemotherapy
3147;sik2_mut;128.35713345091492;0.9644690839187213;pik3ca_mut
3134;sik2_mut;1.9101416914086906;0.9646458633877816;tumor_other_histologic_subtype
4933;nf2_mut;158.92188990975748;0.9651732665286774;map3k1_mut
5360;prr16_mut;1.8960927012302693;0.9653667567059081;tumor_other_histologic_subtype
181;3-gene_classifier_subtype;122.74655870445346;0.9656169671032435;dnah11_mut
492;neoplasm_histologic_grade;66.25252047077413;0.9660410229153189;arid1a_mut
5667;ctnna1_mut;0.0017993282874385521;0.9661650887866299;radio_therapy
6254;nt5e_mut;1.863461487325338;0.9670093466145828;tumor_other_histologic_subtype
1455;myo3a_mut;9.346966324024354;0.9672619726735692;dcaf4l2_mut
858;ep300_mut;10.711454633793817;0.9681155207750278;palld_mut
3752;taf4b_mut;122.22461056975763;0.968173077610664;dnah11_mut
2413;npnt_mut;109.69801259300922;0.968415390406902;cdh1_mut
3288;ptpn22_mut;264.3505226956845;0.9688061012072404;nottingham_prognostic_index
243;3-gene_classifier_subtype;16.526754604872256;0.9690302603606591;cacna2d3_mut
930;myo1a_mut;82.24174292878106;0.969183610677075;herc2_mut
2699;sik1_mut;0.5369238046095632;0.9698083189357093;tumor_stage
1798;sbno1_mut;3.392285753073181;0.9706297693323995;integrative_cluster
887;ep300_mut;0.058439764685821474;0.9712028906198752;prps2_mut
738;cellularity;0.058439764685821474;0.9712028906198752;prps2_mut
217;3-gene_classifier_subtype;11.232852614261068;0.9712668518292795;sf3b1_mut
2407;npnt_mut;182.7697809590943;0.9714881066215918;kmt2c_mut
2540;nek1_mut;0.0012411927419726148;0.9718958896484297;hormone_therapy
616;cellularity;126.59860558937469;0.9725371782224245;pik3ca_mut
3460;tumor_size;95.59877116552364;0.9725648650671226;dnah5_mut
6702;nr3c1_mut;0.0011510123154786951;0.9729357036625461;hormone_therapy
2686;sik1_mut;0.22303617228984154;0.9737874951038459;her2_status_measured_by_snp6
1036;myo1a_mut;0.05067250582811958;0.9749820163593284;prps2_mut
1185;fanca_mut;0.04956767506641359;0.9755207602127154;prps2_mut
1545;ptprm_mut;51.95233022617083;0.9759029486571329;ncor1_mut
1483;myo3a_mut;0.048464032933821816;0.9760592216723344;prps2_mut
1334;mutation_count;0.048464032933821816;0.9760592216723344;prps2_mut
905;myo1a_mut;0.0008949790216619516;0.9761338859108134;primary_tumor_laterality
392;primary_tumor_laterality;18.91586802183482;0.976338912383498;arid2_mut
5509;dtwd2_mut;1.6498869560277867;0.9766626126289386;tumor_other_histologic_subtype
5211;clrn2_mut;1.6498869560277867;0.9766626126289386;tumor_other_histologic_subtype
4179;large1_mut;0.000795442307272144;0.9774997765265765;inferred_menopausal_state
2887;type_of_breast_surgery;42.56374255459002;0.9775025668076303;runx1_mut
6713;nr3c1_mut;0.04534640488982316;0.9775819029535147;death_from_cancer
525;neoplasm_histologic_grade;27.22109252304185;0.9778848696349607;ubr5_mut
188;3-gene_classifier_subtype;80.48780780780781;0.9779595286434639;herc2_mut
1391;myo3a_mut;47.366059641363265;0.9783582295479146;col22a1_mut
621;cellularity;160.7509738765879;0.9784129798110472;syne1_mut
164;3-gene_classifier_subtype;0.0007249235391222218;0.9785200288697378;primary_tumor_laterality
1517;ptprm_mut;155.26497142855297;0.9787130722855746;map3k1_mut
3451;tumor_size;96.74622996395478;0.9788966160517568;gata3_mut
6861;tbl1xr1_mut;0.4414506538552687;0.9789447094766082;tumor_stage
1142;fanca_mut;12.784756891351734;0.9790316911249175;chd1_mut
4199;large1_mut;119.4899471625609;0.9792133250918738;dnah11_mut
4039;prkacg_mut;0.435147297160947;0.9794994699038883;tumor_stage
1042;fanca_mut;0.0006112048820511626;0.9802762617673301;chemotherapy
1632;ptprm_mut;0.03967745732651391;0.9803567640044797;prps2_mut
1781;gldc_mut;0.03749256646857045;0.981428335480187;prps2_mut
782;ep300_mut;71.94131035851078;0.9814311685198426;pde4dip_mut
518;neoplasm_histologic_grade;27.503085655209265;0.9814943137644676;setd1a_mut
280;3-gene_classifier_subtype;4.668049382716049;0.9817925284062938;prkcz_mut
5229;clrn2_mut;159.15218278253775;0.9827775119582864;syne1_mut
1930;sbno1_mut;0.03422398375079763;0.9830335866950333;prps2_mut
2252;fam20c_mut;0.38917939643033816;0.9833531946577747;tumor_stage
213;3-gene_classifier_subtype;32.59823571945047;0.9838900001416797;ros1_mut
2227;er_status_measured_by_ihc;0.03205074252009064;0.9841023518218694;prps2_mut
952;myo1a_mut;41.24288853750446;0.9846031713041712;runx1_mut
3456;tumor_size;95.79991623634909;0.9849497797115924;dnah2_mut
6422;braf_mut;94.91138740334505;0.98502051977423;gata3_mut
2401;npnt_mut;0.3662337386788269;0.9851469131042161;tumor_stage
2376;fam20c_mut;0.029882135065994943;0.9851699963906352;prps2_mut
1090;fanca_mut;42.71671285309162;0.9852398188023483;cbfb_mut
546;neoplasm_histologic_grade;12.842574684502605;0.985332438899252;pbrm1_mut
195;3-gene_classifier_subtype;59.957567484473955;0.9853344438000131;col6a3_mut
2994;stk11_mut;0.0003273579941932955;0.985564632573652;radio_therapy
4195;large1_mut;157.943685291812;0.9855699261096934;syne1_mut
2886;type_of_breast_surgery;42.58670201302529;0.9857968931189822;myh9_mut
2525;npnt_mut;0.027718146584112452;0.9862365215360611;prps2_mut
2556;nek1_mut;177.10481611338258;0.9865325907048839;kmt2c_mut
2674;nek1_mut;0.026637879848611778;0.9867693646800632;prps2_mut
347;primary_tumor_laterality;42.29928467221529;0.9869683047634717;cbfb_mut
388;primary_tumor_laterality;19.035936346478106;0.9871269984742213;foxo3_mut
1087;fanca_mut;61.90420344663488;0.9872040186180356;arid1a_mut
3145;sik2_mut;0.33807207770243214;0.9872257640654546;tumor_stage
2823;sik1_mut;0.025558762333042488;0.9873019283944778;prps2_mut
1942;kdm3a_mut;0.13269442913881813;0.9876440831315484;her2_status_measured_by_snp6
2971;type_of_breast_surgery;0.023403967634047052;0.988366218103789;prps2_mut
3431;tumor_size;0.00020538465050048082;0.9885657104112848;her2_status
3269;sik2_mut;0.02232828679652411;0.9888979443835484;prps2_mut
3120;stk11_mut;0.02232828679652411;0.9888979443835484;prps2_mut
3046;stk11_mut;29.147303437266267;0.9891782713120509;usp9x_mut
2380;npnt_mut;0.5735754946816566;0.9891811098486355;cancer_type_detailed
2396;npnt_mut;0.5735754946816566;0.9891811098486355;oncotree_code
3418;ptpn22_mut;0.021253747870718275;0.9894293918034441;prps2_mut
3567;tumor_size;0.021253747870718275;0.9894293918034441;prps2_mut
2390;npnt_mut;1.258777252677087;0.9895100071706362;tumor_other_histologic_subtype
589;neoplasm_histologic_grade;0.11808999630164768;0.9895815113847686;ndfip1_mut
331;primary_tumor_laterality;93.89898359081691;0.9896705192701226;dnah2_mut
3716;flt3_mut;0.020180349039263426;0.9899605605061447;prps2_mut
522;neoplasm_histologic_grade;27.34168612049473;0.9902905995921314;rb1_mut
1687;gldc_mut;55.06029199038389;0.9903062373813449;ncor2_mut
386;primary_tumor_laterality;19.15626205231034;0.9903626952177551;ctnna3_mut
951;myo1a_mut;41.29514875970082;0.9904617397635731;myh9_mut
3865;taf4b_mut;0.01910808848864788;0.9904914506344116;prps2_mut
4014;hdac9_mut;0.01910808848864788;0.9904914506344116;prps2_mut
387;primary_tumor_laterality;19.096066975048796;0.9906409480739324;brca1_mut
1958;kdm3a_mut;283.4786033020972;0.9907101287628279;tp53_mut
6158;foxo1_mut;30.274074958296993;0.99072972654681;map2k4_mut
346;primary_tumor_laterality;54.792973426754386;0.9909938703797307;notch1_mut
4163;prkacg_mut;0.018036964409204152;0.9910220623310989;prps2_mut
2271;fam20c_mut;68.76716083635574;0.9910652581498808;pde4dip_mut
230;3-gene_classifier_subtype;21.871429083736782;0.9912378696751448;pik3r1_mut
3459;tumor_size;95.63201108018616;0.991291323657297;ryr2_mut
4312;large1_mut;0.016966974995098826;0.9915523957391523;prps2_mut
2399;npnt_mut;0.00011178465432801636;0.991564262357764;radio_therapy
784;ep300_mut;71.81853800168884;0.9916517828291348;tg_mut
1981;kdm3a_mut;60.13652758868466;0.9918767981142657;arid1a_mut
1832;sbno1_mut;60.13652758868466;0.9918767981142657;arid1a_mut
4750;cancer_type_detailed;0.01589811844432235;0.9920824510016082;prps2_mut
4604;oncotree_code;0.01589811844432235;0.9920824510016082;prps2_mut
4458;tumor_other_histologic_subtype;0.01589811844432235;0.9920824510016082;prps2_mut
5824;agtr2_mut;173.45775356073625;0.9921362368280003;kmt2c_mut
3132;sik2_mut;0.09389606317671467;0.9925597216285862;her2_status_measured_by_snp6
1791;sbno1_mut;7.832777699779257e-05;0.992938575947609;er_status
2030;kdm3a_mut;13.665604000785722;0.9929430680897502;aff2_mut
235;3-gene_classifier_subtype;21.37879405976025;0.993039464022023;fancd2_mut
4899;ppp2r2a_mut;0.013763796743776625;0.9931417276623227;prps2_mut
6394;braf_mut;0.013677031322134365;0.9931848137772876;cellularity
373;primary_tumor_laterality;19.883667937406187;0.9932164671515452;erbb3_mut
737;cellularity;0.08770575941538593;0.9932708127989371;ndfip1_mut
886;ep300_mut;0.08770575941538593;0.9932708127989371;ndfip1_mut
6608;ccnd3_mut;28.696379368836194;0.9932816350353694;arid1b_mut
2394;npnt_mut;6.621153607583251e-05;0.9935076473653784;primary_tumor_laterality
440;primary_tumor_laterality;0.23631403313623334;0.9935457114413653;mtap_mut
3604;flt3_mut;100.96412646590657;0.9936046279993008;cdh1_mut
5197;ldlrap1_mut;0.01269832800901688;0.9936709493471008;prps2_mut
5048;nf2_mut;0.01269832800901688;0.9936709493471008;prps2_mut
5346;clrn2_mut;0.01269832800901688;0.9936709493471008;prps2_mut
3458;tumor_size;95.67650673932266;0.9938660536384323;ush2a_mut
6102;foxo1_mut;0.01211908777392136;0.9939587781227445;neoplasm_histologic_grade
2410;npnt_mut;147.19661916350918;0.9939937093036174;map3k1_mut
3158;sik2_mut;91.35076066176943;0.9940018929029978;dnah2_mut
3159;sik2_mut;91.23223944679076;0.9941582296164925;kmt2d_mut
6091;magea8_mut;0.011633984967584932;0.994199893459319;prps2_mut
5495;prr16_mut;0.011633984967584932;0.994199893459319;prps2_mut
5942;agtr2_mut;0.011633984967584932;0.994199893459319;prps2_mut
5793;ctnna1_mut;0.011633984967584932;0.994199893459319;prps2_mut
5644;dtwd2_mut;0.011633984967584932;0.994199893459319;prps2_mut
4784;ppp2r2a_mut;146.8265520940877;0.9943679704738052;map3k1_mut
2274;fam20c_mut;68.5947225475295;0.9943731099448339;birc6_mut
791;ep300_mut;53.098559609913934;0.994473825790537;notch1_mut
519;neoplasm_histologic_grade;27.462670409947993;0.9945169422947545;thsd7a_mut
1035;myo1a_mut;0.07604874230806163;0.9945478204543355;ndfip1_mut
6865;tbl1xr1_mut;238.39201467434614;0.9947089618655569;muc16_mut
6240;foxo1_mut;0.01057076583643961;0.9947285601424557;prps2_mut
6538;braf_mut;0.01057076583643961;0.9947285601424557;prps2_mut
6389;nt5e_mut;0.01057076583643961;0.9947285601424557;prps2_mut
2256;fam20c_mut;238.3260881902276;0.9947564566601119;muc16_mut
365;primary_tumor_laterality;8.690246789020721;0.9947993606851564;sf3b1_mut
1482;myo3a_mut;0.07273429035254797;0.994895292058481;ndfip1_mut
1333;mutation_count;0.07273429035254797;0.994895292058481;ndfip1_mut
2552;nek1_mut;116.82640603774104;0.9949970629031479;pik3ca_mut
1963;kdm3a_mut;89.65749770977277;0.9950535720631732;gata3_mut
2421;npnt_mut;73.85157497448074;0.995059836493838;akap9_mut
1093;fanca_mut;42.3674037435987;0.9952118428946013;col22a1_mut
6836;nr3c1_mut;0.009508668836303403;0.995256949540075;prps2_mut
6687;ccnd3_mut;0.009508668836303403;0.995256949540075;prps2_mut
539;neoplasm_histologic_grade;13.000714569273521;0.9953818630336804;cacna2d3_mut
2553;nek1_mut;277.7198163425389;0.9954108568639521;tp53_mut
1998;kdm3a_mut;29.25000231751859;0.9954633313340124;ros1_mut
197;3-gene_classifier_subtype;55.5542288557214;0.9955856906633154;lama2_mut
1538;ptprm_mut;52.218821737096064;0.9957779905903263;ncor2_mut
6985;tbl1xr1_mut;0.008447692191652579;0.9957850617958265;prps2_mut
2127;er_status_measured_by_ihc;64.08002852276128;0.9959915307749433;tbx3_mut
6162;foxo1_mut;17.48633620911563;0.9960061855097925;erbb2_mut
1682;gldc_mut;55.216559820423676;0.9960146811390582;col6a3_mut
330;primary_tumor_laterality;98.56334949146768;0.9962035117380852;cdh1_mut
1631;ptprm_mut;0.059547493820380965;0.996203626740501;ndfip1_mut
5052;ldlrap1_mut;0.36580329843324105;0.9962193852490873;cancer_type_detailed
5068;ldlrap1_mut;0.36580329843324105;0.9962193852490873;oncotree_code
200;3-gene_classifier_subtype;51.865153351698815;0.9962228596260587;ncor2_mut
2447;npnt_mut;17.33818606289609;0.9963332812881558;erbb2_mut
1969;kdm3a_mut;89.10470085470085;0.9964276963010882;kmt2d_mut
1780;gldc_mut;0.05626843352700235;0.9965094270500573;ndfip1_mut
6707;nr3c1_mut;0.35008507647224113;0.9965936657146413;oncotree_code
6691;nr3c1_mut;0.35008507647224113;0.9965936657146413;cancer_type_detailed
488;neoplasm_histologic_grade;66.69553736252969;0.9966356401274182;birc6_mut
757;ep300_mut;245.84711386714156;0.9966383550888688;nottingham_prognostic_index
1055;fanca_mut;245.8020959619178;0.996659700016493;nottingham_prognostic_index
2453;npnt_mut;23.457336100829046;0.9966812432972563;setd1a_mut
484;neoplasm_histologic_grade;72.30738598860873;0.9967044549963919;herc2_mut
3592;flt3_mut;0.16465050314771806;0.996791643682744;tumor_stage
1929;sbno1_mut;0.05136298034772522;0.9969513191636274;ndfip1_mut
2078;kdm3a_mut;0.05136298034772522;0.9969513191636274;ndfip1_mut
588;neoplasm_histologic_grade;0.15753619857504023;0.9970559841447791;mtap_mut
5826;agtr2_mut;87.35926698373943;0.9971416444109616;gata3_mut
172;3-gene_classifier_subtype;114.05305142985397;0.9971854871929604;pik3ca_mut
2226;er_status_measured_by_ihc;0.04810140368743745;0.9972343513977469;ndfip1_mut
654;cellularity;36.262233154135046;0.9972592007809872;runx1_mut
206;3-gene_classifier_subtype;38.51827330779055;0.9972715418432005;thada_mut
2037;kdm3a_mut;8.539668112429307;0.9972882372020683;jak1_mut
624;cellularity;107.91080413747079;0.997332075984194;ahnak_mut
5813;agtr2_mut;0.31404883470053513;0.997370483127237;oncotree_code
5797;agtr2_mut;0.31404883470053513;0.997370483127237;cancer_type_detailed
3749;taf4b_mut;86.98073192441815;0.9973988690101736;gata3_mut
2375;fam20c_mut;0.04484678134838693;0.997507815420436;ndfip1_mut
5054;ldlrap1_mut;8.987688509449461e-06;0.9976079876523536;chemotherapy
383;primary_tumor_laterality;19.33723501406124;0.9976115556814459;fancd2_mut
3877;hdac9_mut;0.04264630273776163;0.9976874488716795;her2_status_measured_by_snp6
2524;npnt_mut;0.04159909111229502;0.9977714050673611;ndfip1_mut
2861;type_of_breast_surgery;87.18925707661101;0.9977730102193575;kmt2d_mut
625;cellularity;107.87921265394948;0.9978070324722974;dnah11_mut
3160;sik2_mut;91.22046119120584;0.9978218979995092;ush2a_mut
2673;nek1_mut;0.03997783861551257;0.9978993916909888;ndfip1_mut
1094;fanca_mut;42.341600893965925;0.9979411351670898;pten_mut
4918;nf2_mut;242.31885243599956;0.9979898838569383;nottingham_prognostic_index
643;cellularity;36.96733802234905;0.9980127164137234;cbfb_mut
2822;sik1_mut;0.03835831085542884;0.9980247782563946;ndfip1_mut
3743;taf4b_mut;112.3865310189536;0.9980502491087186;pik3ca_mut
792;ep300_mut;36.67895300156669;0.9982353117280386;cbfb_mut
6310;nt5e_mut;25.69397172070983;0.9982893451150583;arid1b_mut
1949;kdm3a_mut;241.19778396897306;0.9983038883669675;nottingham_prognostic_index
5062;ldlrap1_mut;0.6999372164971844;0.9983362191978724;tumor_other_histologic_subtype
885;ep300_mut;0.11700256045519203;0.998354096824575;mtap_mut
736;cellularity;0.11700256045519203;0.998354096824575;mtap_mut
1373;myo3a_mut;86.0048107637851;0.9983616388081998;kmt2d_mut
3268;sik2_mut;0.03351004851682444;0.998384824921028;ndfip1_mut
3119;stk11_mut;0.03351004851682444;0.998384824921028;ndfip1_mut
5981;magea8_mut;85.85386885228407;0.9984257990470959;kmt2d_mut
3566;tumor_size;0.031897392254160564;0.9984992805672337;ndfip1_mut
3417;ptpn22_mut;0.031897392254160564;0.9984992805672337;ndfip1_mut
936;myo1a_mut;60.76455997376326;0.9985221902377701;tbx3_mut
6581;ccnd3_mut;69.47052170904414;0.9985281752145792;herc2_mut
947;myo1a_mut;41.45261593167181;0.9985402413768966;atr_mut
648;cellularity;2.3740114265415473;0.9985792767386878;akt1_mut
3715;flt3_mut;0.030286447032624175;0.9986108512762076;ndfip1_mut
6013;magea8_mut;15.776777210423775;0.9986283769384451;erbb2_mut
4013;hdac9_mut;0.02867721013051678;0.9987194665986157;ndfip1_mut
3864;taf4b_mut;0.02867721013051678;0.9987194665986157;ndfip1_mut
1034;myo1a_mut;0.10145169061587732;0.9987561355238445;mtap_mut
289;3-gene_classifier_subtype;1.2063357972544881;0.9987959033592013;akt2_mut
2135;er_status_measured_by_ihc;38.689129797100364;0.9988195125648972;col22a1_mut
4162;prkacg_mut;0.027069678831909236;0.9988250501595283;ndfip1_mut
1481;myo3a_mut;0.09703009541066224;0.9988605248971575;mtap_mut
1332;mutation_count;0.09703009541066224;0.9988605248971575;mtap_mut
4311;large1_mut;0.025463850426626487;0.9989275187941203;ndfip1_mut
914;myo1a_mut;109.78186834198794;0.9989379185068702;pik3ca_mut
1075;fanca_mut;84.24513398126913;0.998983866019341;kmt2d_mut
834;ep300_mut;8.064553118428922;0.9990208733035757;usp28_mut
4749;cancer_type_detailed;0.023859722210232335;0.9990267814962802;ndfip1_mut
4603;oncotree_code;0.023859722210232335;0.9990267814962802;ndfip1_mut
4457;tumor_other_histologic_subtype;0.023859722210232335;0.9990267814962802;ndfip1_mut
6895;tbl1xr1_mut;2.1735477904457623;0.9990898575029775;akt1_mut
1092;fanca_mut;42.41909441382905;0.9991284585411564;col12a1_mut
6701;nr3c1_mut;0.5680375505580217;0.9991572618139073;tumor_other_histologic_subtype
3150;sik2_mut;182.89713904777022;0.9991814254420421;ahnak2_mut
4898;ppp2r2a_mut;0.020656555554968287;0.9992152777888771;ndfip1_mut
1575;ptprm_mut;16.247568431582177;0.9992233621662474;kdm6a_mut
1630;ptprm_mut;0.0794384461421363;0.9992317710544347;mtap_mut
2733;sik1_mut;2.091513097306484;0.999252157986264;akt1_mut
2862;type_of_breast_surgery;87.17685521482102;0.9992536086893898;ush2a_mut
5047;nf2_mut;0.019057511735783884;0.9993042768072812;ndfip1_mut
5196;ldlrap1_mut;0.019057511735783884;0.9993042768072812;ndfip1_mut
5345;clrn2_mut;0.019057511735783884;0.9993042768072812;ndfip1_mut
1534;ptprm_mut;52.36390450487174;0.9993113347929334;arid1a_mut
1779;gldc_mut;0.07506406465602207;0.9993130509087589;mtap_mut
473;neoplasm_histologic_grade;141.19934153455188;0.9993208618565357;syne1_mut
679;cellularity;17.283118953628883;0.9993473768066432;fancd2_mut
1066;fanca_mut;181.4232737877674;0.999382425064896;ahnak2_mut
943;myo1a_mut;41.58463080828306;0.9993853681399014;col12a1_mut
5643;dtwd2_mut;0.017460157344828933;0.9993895960764012;ndfip1_mut
5941;agtr2_mut;0.017460157344828933;0.9993895960764012;ndfip1_mut
6090;magea8_mut;0.017460157344828933;0.9993895960764012;ndfip1_mut
5494;prr16_mut;0.017460157344828933;0.9993895960764012;ndfip1_mut
5792;ctnna1_mut;0.017460157344828933;0.9993895960764012;ndfip1_mut
801;ep300_mut;36.44446388433266;0.999392269612255;stab2_mut
2077;kdm3a_mut;0.0685200179937022;0.9994263594514631;mtap_mut
1928;sbno1_mut;0.0685200179937022;0.9994263594514631;mtap_mut
1244;mutation_count;1.9687650793893947;0.9994522188783677;akt1_mut
6239;foxo1_mut;0.01586448970613477;0.999471077616152;ndfip1_mut
6537;braf_mut;0.01586448970613477;0.999471077616152;ndfip1_mut
6388;nt5e_mut;0.01586448970613477;0.999471077616152;ndfip1_mut
2225;er_status_measured_by_ihc;0.064168960287592;0.9994961711340424;mtap_mut
581;neoplasm_histologic_grade;0.47460694073875753;0.9995342508220872;kras_mut
6835;nr3c1_mut;0.014270506149381171;0.999548539924428;ndfip1_mut
6686;ccnd3_mut;0.014270506149381171;0.999548539924428;ndfip1_mut
241;3-gene_classifier_subtype;7.352348322626694;0.9995554449859001;usp28_mut
1977;kdm3a_mut;60.33342845863713;0.9995555407290841;birc6_mut
1828;sbno1_mut;60.33342845863713;0.9995555407290841;birc6_mut
182;3-gene_classifier_subtype;90.14841253178436;0.999559227171123;cdh1_mut
2374;fam20c_mut;0.05982717989002355;0.9995614117279941;mtap_mut
1962;kdm3a_mut;139.09906333919488;0.9995762468841182;syne1_mut
508;neoplasm_histologic_grade;23.768243571081996;0.9995983953913355;map2k4_mut
6984;tbl1xr1_mut;0.012678204009881539;0.9996217715553325;ndfip1_mut
2523;npnt_mut;0.055494647161033576;0.999622090483536;mtap_mut
2672;nek1_mut;0.05333183944427326;0.9996507220633444;mtap_mut
1415;myo3a_mut;20.80595112676389;0.9996712444670194;rb1_mut
6597;ccnd3_mut;1.7813163869643083;0.9996748008264561;akt1_mut
2821;sik1_mut;0.051171332586786106;0.9996782166536027;mtap_mut
1514;ptprm_mut;156.03154295355495;0.9996938763921982;kmt2c_mut
2969;type_of_breast_surgery;0.04685720677890263;0.9997297994936578;mtap_mut
219;3-gene_classifier_subtype;22.987646846846854;0.9997528376576323;ptprd_mut
3118;stk11_mut;0.044703580512619835;0.9997538900579094;mtap_mut
3267;sik2_mut;0.044703580512619835;0.9997538900579094;mtap_mut
3565;tumor_size;0.04255224047379595;0.9997768482615091;mtap_mut
3416;ptpn22_mut;0.04255224047379595;0.9997768482615091;mtap_mut
3714;flt3_mut;0.04040318302387268;0.999798675262019;mtap_mut
1542;ptprm_mut;1.6118260840997527;0.9998082889181575;akt1_mut
3863;taf4b_mut;0.03825640453200871;0.999819372217125;mtap_mut
4012;hdac9_mut;0.03825640453200871;0.999819372217125;mtap_mut
2852;type_of_breast_surgery;175.2742143118052;0.999825114528131;ahnak2_mut
729;cellularity;0.3524918576081366;0.9998276332392112;kras_mut
878;ep300_mut;0.3524918576081366;0.9998276332392112;kras_mut
438;primary_tumor_laterality;0.5331094942783099;0.9998298854031914;prkg1_mut
175;3-gene_classifier_subtype;175.13489201531212;0.9998303253135459;ahnak2_mut
4161;prkacg_mut;0.036111901375059256;0.9998389402846307;mtap_mut
1387;myo3a_mut;43.62367576246897;0.9998425700755331;notch1_mut
481;neoplasm_histologic_grade;81.75758460440976;0.9998573643054554;ush2a_mut
4310;large1_mut;0.033969669937555756;0.9998573806224524;mtap_mut
4456;tumor_other_histologic_subtype;0.03182970661168538;0.9998746943886132;mtap_mut
4748;cancer_type_detailed;0.03182970661168538;0.9998746943886132;mtap_mut
4602;oncotree_code;0.03182970661168538;0.9998746943886132;mtap_mut
286;3-gene_classifier_subtype;1.4491331923890058;0.9998915500358104;chek2_mut
283;3-gene_classifier_subtype;1.4491331923890058;0.9998915500358104;gh1_mut
1027;myo1a_mut;0.30564198547066634;0.9998934541625735;kras_mut
370;primary_tumor_laterality;17.919270406099816;0.9998979892136419;setd1a_mut
1502;ptprm_mut;225.0368262105342;0.9998987987876882;nottingham_prognostic_index
1176;fanca_mut;0.29897796398409715;0.9999011113123022;kras_mut
436;primary_tumor_laterality;0.6522666788889695;0.9999053600500518;cdkn2a_mut
4897;ppp2r2a_mut;0.027556569901750674;0.9999059468385438;mtap_mut
3305;ptpn22_mut;96.08623223909848;0.9999068308734028;dnah11_mut
1325;mutation_count;0.29232111196658284;0.9999083700158653;kras_mut
1474;myo3a_mut;0.29232111196658284;0.9999083700158653;kras_mut
3296;ptpn22_mut;100.4953505964607;0.9999156350427496;pik3ca_mut
476;neoplasm_histologic_grade;94.90788362355563;0.9999176323398331;ahnak_mut
4489;oncotree_code;127.52116088888775;0.9999193888263995;map3k1_mut
4635;cancer_type_detailed;127.52116088888775;0.9999193888263995;map3k1_mut
4343;tumor_other_histologic_subtype;127.52116088888775;0.9999193888263995;map3k1_mut
5046;nf2_mut;0.02542338934015801;0.9999198878388437;mtap_mut
5344;clrn2_mut;0.02542338934015801;0.9999198878388437;mtap_mut
5195;ldlrap1_mut;0.02542338934015801;0.9999198878388437;mtap_mut
651;cellularity;36.47495197604606;0.9999255101388096;ncor1_mut
2257;fam20c_mut;171.1968219167815;0.9999300968570625;ahnak2_mut
940;myo1a_mut;41.93128479771298;0.9999302378173686;notch1_mut
5642;dtwd2_mut;0.023292462535101626;0.9999327069005313;mtap_mut
5493;prr16_mut;0.023292462535101626;0.9999327069005313;mtap_mut
5940;agtr2_mut;0.023292462535101626;0.9999327069005313;mtap_mut
5791;ctnna1_mut;0.023292462535101626;0.9999327069005313;mtap_mut
6089;magea8_mut;0.023292462535101626;0.9999327069005313;mtap_mut
437;primary_tumor_laterality;0.5926566300935102;0.9999370100445418;akt2_mut
797;ep300_mut;1.298020035369433;0.9999402923962205;akt1_mut
6908;tbl1xr1_mut;4.949349818845272;0.999943633083867;sf3b1_mut
269;3-gene_classifier_subtype;2.5481040892193305;0.9999440443912575;gps2_mut
6387;nt5e_mut;0.0211637859167454;0.9999444051820804;mtap_mut
6238;foxo1_mut;0.0211637859167454;0.9999444051820804;mtap_mut
6536;braf_mut;0.0211637859167454;0.9999444051820804;mtap_mut
967;myo1a_mut;13.061407939100137;0.9999462730844159;erbb3_mut
1623;ptprm_mut;0.23932301427599198;0.9999535618455448;kras_mut
5703;ctnna1_mut;1.2338423092611142;0.9999547412715257;akt1_mut
6685;ccnd3_mut;0.019037355922788508;0.9999549838420388;mtap_mut
6834;nr3c1_mut;0.019037355922788508;0.9999549838420388;mtap_mut
1402;myo3a_mut;21.07574693137849;0.9999584476650798;ros1_mut
622;cellularity;73.65513258677142;0.9999587280723714;gata3_mut
1772;gldc_mut;0.2261443808347388;0.9999617179812994;kras_mut
6983;tbl1xr1_mut;0.016913168998445482;0.9999644440390223;mtap_mut
4781;ppp2r2a_mut;147.09488164378237;0.9999647902808256;kmt2c_mut
5374;prr16_mut;247.54559144227107;0.9999661929437446;tp53_mut
487;neoplasm_histologic_grade;55.37263193275491;0.9999667688835064;tg_mut
2070;kdm3a_mut;0.20642922968504362;0.9999719676986901;kras_mut
1921;sbno1_mut;0.20642922968504362;0.9999719676986901;kras_mut
507;neoplasm_histologic_grade;28.114597372724507;0.9999723021948487;nf1_mut
642;cellularity;40.138399449753784;0.9999725837074697;notch1_mut
2435;npnt_mut;1.126000370928967;0.9999726330666453;akt1_mut
1840;sbno1_mut;1.123049046743826;0.999973026902365;akt1_mut
336;primary_tumor_laterality;58.438424320599495;0.9999741030165311;herc2_mut
2299;fam20c_mut;4.523485857099481;0.9999746208107184;sf3b1_mut
357;primary_tumor_laterality;28.521341717092916;0.9999763909757435;myh9_mut
627;cellularity;72.94364795810634;0.9999765340602764;dnah2_mut
587;neoplasm_histologic_grade;0.31573710684870926;0.9999771825164444;frmd3_mut
4341;tumor_other_histologic_subtype;127.82006394782854;0.999977294184108;syne1_mut
4487;oncotree_code;127.82006394782854;0.999977294184108;syne1_mut
4633;cancer_type_detailed;127.82006394782854;0.999977294184108;syne1_mut
2218;er_status_measured_by_ihc;0.19332086344570523;0.9999776055702265;kras_mut
628;cellularity;72.62651095539982;0.9999793003733451;kmt2d_mut
2105;er_status_measured_by_ihc;96.08661631083035;0.9999797467090406;pik3ca_mut
2367;fam20c_mut;0.180240446814553;0.9999823863995949;kras_mut
584;neoplasm_histologic_grade;0.4348265385919624;0.9999833308136027;cdkn2a_mut
2289;fam20c_mut;33.61246284986448;0.9999858067844494;ncor1_mut
2516;npnt_mut;0.16718789049571425;0.9999863924859529;kras_mut
2998;stk11_mut;94.8434837222312;0.9999868419665119;pik3ca_mut
2665;nek1_mut;0.16067203215240888;0.9999881300267727;kras_mut
734;cellularity;0.26395036725379734;0.9999886235541626;prkg1_mut
1815;sbno1_mut;120.41296179396997;0.9999898575436021;map3k1_mut
2416;npnt_mut;74.17524194890267;0.9999913609025389;ush2a_mut
4197;large1_mut;119.70049377073937;0.9999919033551663;map3k1_mut
660;cellularity;10.279651144101848;0.999992188063994;erbb2_mut
2962;type_of_breast_surgery;0.14116600350937897;0.9999923967641174;kras_mut
6864;tbl1xr1_mut;240.37705590293663;0.9999925075996687;tp53_mut
884;ep300_mut;0.23449880260006845;0.9999928290809516;frmd3_mut
735;cellularity;0.23449880260006845;0.9999928290809516;frmd3_mut
1032;myo1a_mut;0.22886858964795548;0.9999934787427985;prkg1_mut
3111;stk11_mut;0.13467780598410842;0.999993534949896;kras_mut
3260;sik2_mut;0.13467780598410842;0.999993534949896;kras_mut
5094;ldlrap1_mut;51.94176505866772;0.9999935603126687;tg_mut
3477;tumor_size;0.863395678835783;0.999993781580868;akt1_mut
1181;fanca_mut;0.22387848595959578;0.999994017267736;prkg1_mut
1479;myo3a_mut;0.21889375086046492;0.9999945216939915;prkg1_mut
1330;mutation_count;0.21889375086046492;0.9999945216939915;prkg1_mut
3409;ptpn22_mut;0.1281964961419857;0.9999945462648422;kras_mut
580;neoplasm_histologic_grade;0.4746069407387576;0.9999948512469746;gpr32_mut
656;cellularity;17.967057840449147;0.9999950870355094;map2k4_mut
2266;fam20c_mut;69.1184891867195;0.999995240011786;kmt2d_mut
3626;flt3_mut;0.8197907617932543;0.9999953581421549;akt1_mut
881;ep300_mut;0.32294684541911167;0.9999954254110089;cdkn2a_mut
732;cellularity;0.32294684541911167;0.9999954254110089;cdkn2a_mut
3707;flt3_mut;0.12172206302118088;0.9999954395177157;kras_mut
958;myo1a_mut;9.80552052615368;0.999995835818396;erbb2_mut
1033;myo1a_mut;0.20333144743688494;0.9999958958342283;frmd3_mut
329;primary_tumor_laterality;87.16339279531175;0.9999959061228685;dnah11_mut
1537;ptprm_mut;26.04122413257727;0.9999960002411429;cbfb_mut
4005;hdac9_mut;0.11525449568311291;0.9999962233176087;kras_mut
3856;taf4b_mut;0.11525449568311291;0.9999962233176087;kras_mut
1182;fanca_mut;0.19889813919054564;0.9999962355883731;frmd3_mut
6461;braf_mut;3.6626215546512406;0.9999963289667795;sf3b1_mut
5227;clrn2_mut;159.72523199852066;0.9999963666056292;ahnak2_mut
5381;prr16_mut;86.05948194749043;0.9999964458276309;ahnak_mut
1480;myo3a_mut;0.19446960050660145;0.9999965537412101;frmd3_mut
1331;mutation_count;0.19446960050660145;0.9999965537412101;frmd3_mut
3924;hdac9_mut;0.7762320853838568;0.9999965922240385;akt1_mut
3775;taf4b_mut;0.7762320853838568;0.9999965922240385;akt1_mut
583;neoplasm_histologic_grade;0.43482653859196235;0.9999966211365915;acvrl1_mut
4794;ppp2r2a_mut;47.956717449825305;0.9999966246532694;pde4dip_mut
4154;prkacg_mut;0.10879378321238786;0.9999969060673009;kras_mut
733;cellularity;0.2934330317646052;0.9999969920294932;akt2_mut
1800;sbno1_mut;209.14571920240618;0.9999970193269233;nottingham_prognostic_index
500;neoplasm_histologic_grade;0.7559819800573206;0.9999970668609665;akt1_mut
4303;large1_mut;0.10233991471673773;0.9999974959561132;kras_mut
1628;ptprm_mut;0.1792081040937375;0.9999974995714377;prkg1_mut
1030;myo1a_mut;0.2800238158837608;0.9999975496217857;cdkn2a_mut
434;primary_tumor_laterality;0.7119397404209988;0.9999979151946938;chek2_mut
1328;mutation_count;0.2678194656739092;0.9999979848597395;cdkn2a_mut
1777;gldc_mut;0.16933977646675163;0.9999979986221634;prkg1_mut
4595;oncotree_code;0.09589287932695914;0.9999980009521906;kras_mut
4449;tumor_other_histologic_subtype;0.09589287932695914;0.9999980009521906;kras_mut
4741;cancer_type_detailed;0.09589287932695914;0.9999980009521906;kras_mut
719;cellularity;0.5304198790519046;0.9999981235627504;or6a2_mut
4222;large1_mut;0.6892531605621253;0.9999982666985856;akt1_mut
1031;myo1a_mut;0.25443269821827735;0.9999983913432008;akt2_mut
1629;ptprm_mut;0.15921207560132794;0.9999984298118884;frmd3_mut
3908;hdac9_mut;52.59885972929452;0.9999985256154462;herc2_mut
1926;sbno1_mut;0.15457682159529124;0.9999986022539714;prkg1_mut
1329;mutation_count;0.24334369229178748;0.9999986776729846;akt2_mut
728;cellularity;0.35249185760813667;0.9999987760495241;gpr32_mut
877;ep300_mut;0.35249185760813667;0.9999987760495241;gpr32_mut
4890;ppp2r2a_mut;0.08301926450316008;0.9999987869817943;kras_mut
272;3-gene_classifier_subtype;2.302981432360742;0.9999988047787903;nrg3_mut
4368;tumor_other_histologic_subtype;0.6458327655875922;0.999998805037853;akt1_mut
4660;cancer_type_detailed;0.6458327655875922;0.999998805037853;akt1_mut
4514;oncotree_code;0.6458327655875922;0.999998805037853;akt1_mut
3446;tumor_size;232.29111707978413;0.9999988547175671;tp53_mut
2223;er_status_measured_by_ihc;0.1447611109390268;0.9999989206574786;prkg1_mut
5865;agtr2_mut;3.203125212366077;0.9999989654921443;sf3b1_mut
5337;clrn2_mut;0.07659266344550772;0.9999990827663409;kras_mut
5188;ldlrap1_mut;0.07659266344550772;0.9999990827663409;kras_mut
5039;nf2_mut;0.07659266344550772;0.9999990827663409;kras_mut
2076;kdm3a_mut;0.13732914998737783;0.9999991232200789;frmd3_mut
641;cellularity;37.060630071752236;0.9999991626077458;lama2_mut
2372;fam20c_mut;0.1349663293033513;0.9999991812507016;prkg1_mut
731;cellularity;0.32294684541911167;0.999999200169097;acvrl1_mut
1166;fanca_mut;0.44989367008847714;0.9999992152170877;or6a2_mut
4048;prkacg_mut;112.81383141641054;0.9999992329613644;map3k1_mut
1464;myo3a_mut;0.43987662553614104;0.9999993036989845;or6a2_mut
1315;mutation_count;0.43987662553614104;0.9999993036989845;or6a2_mut
6082;magea8_mut;0.07017285224634211;0.9999993231390208;kras_mut
5933;agtr2_mut;0.07017285224634211;0.9999993231390208;kras_mut
5635;dtwd2_mut;0.07017285224634211;0.9999993231390208;kras_mut
2224;er_status_measured_by_ihc;0.12860867568188267;0.9999993232437774;frmd3_mut
2521;npnt_mut;0.12519240982238444;0.9999993915072699;prkg1_mut
2117;er_status_measured_by_ihc;64.74500968417722;0.9999993945840403;kmt2d_mut
1095;fanca_mut;0.5730349818344987;0.9999993985569047;akt1_mut
1175;fanca_mut;0.2989779639840971;0.9999994506363822;gpr32_mut
1627;ptprm_mut;0.19922524771655087;0.999999452716952;akt2_mut
4634;cancer_type_detailed;63.83150828783213;0.9999994570971169;gata3_mut
4488;oncotree_code;63.83150828783213;0.9999994570971169;gata3_mut
4342;tumor_other_histologic_subtype;63.83150828783213;0.9999994570971169;gata3_mut
2428;npnt_mut;36.41347362384351;0.999999463885364;lama2_mut
4809;ppp2r2a_mut;0.5591297452682708;0.9999994778947442;akt1_mut
2373;fam20c_mut;0.11990679513823287;0.9999994868611478;frmd3_mut
1473;myo3a_mut;0.29232111196658284;0.9999995077732524;gpr32_mut
1324;mutation_count;0.29232111196658284;0.9999995077732524;gpr32_mut
874;ep300_mut;0.41167567567567576;0.9999995105713166;lipi_mut
6529;braf_mut;0.06375982015087145;0.9999995148188053;kras_mut
6380;nt5e_mut;0.06375982015087145;0.9999995148188053;kras_mut
6231;foxo1_mut;0.06375982015087145;0.9999995148188053;kras_mut
1393;myo3a_mut;0.5433157315427655;0.9999995574882997;akt1_mut
1924;sbno1_mut;0.18912683254997043;0.9999995651487636;cdkn2a_mut
2073;kdm3a_mut;0.18912683254997043;0.9999995651487636;cdkn2a_mut
1776;gldc_mut;0.1882546500085031;0.9999995739488043;akt2_mut
1029;myo1a_mut;0.2800238158837607;0.9999996009229581;acvrl1_mut
2522;npnt_mut;0.1112234489514386;0.9999996188019404;frmd3_mut
1085;fanca_mut;42.91587529777323;0.9999996308526026;tbx3_mut
1178;fanca_mut;0.2739183565080573;0.999999641665422;acvrl1_mut
6827;nr3c1_mut;0.05735355642700554;0.9999996642383848;kras_mut
6678;ccnd3_mut;0.05735355642700554;0.9999996642383848;kras_mut
417;primary_tumor_laterality;1.2518494320413847;0.999999664347215;gps2_mut
5256;clrn2_mut;0.5158469742896243;0.999999672037364;akt1_mut
4958;nf2_mut;0.5158469742896243;0.999999672037364;akt1_mut
5107;ldlrap1_mut;0.5158469742896243;0.999999672037364;akt1_mut
2671;nek1_mut;0.10688870774696119;0.9999996742801681;frmd3_mut
2221;er_status_measured_by_ihc;0.17711717776157854;0.9999996747234071;cdkn2a_mut
2702;sik1_mut;227.28022710226253;0.9999996767311288;tp53_mut
1476;myo3a_mut;0.26781946567390913;0.9999996790083318;acvrl1_mut
1327;mutation_count;0.26781946567390913;0.9999996790083318;acvrl1_mut
2967;type_of_breast_surgery;0.10570689128222095;0.9999996883012674;prkg1_mut
1925;sbno1_mut;0.17184270616160796;0.9999997154854429;akt2_mut
2074;kdm3a_mut;0.17184270616160796;0.9999997154854429;akt2_mut
2820;sik1_mut;0.10255857796929706;0.9999997234614004;frmd3_mut
4484;oncotree_code;190.49500277662037;0.9999997292815842;muc16_mut
4630;cancer_type_detailed;190.49500277662037;0.9999997292815842;muc16_mut
4338;tumor_other_histologic_subtype;190.49500277662037;0.9999997292815842;muc16_mut
2370;fam20c_mut;0.1651331299130339;0.9999997615168401;cdkn2a_mut
1023;myo1a_mut;0.3569596521669758;0.9999997714115628;lipi_mut
4073;prkacg_mut;0.48418188177224314;0.9999997726907496;akt1_mut
6976;tbl1xr1_mut;0.05095405036529558;0.9999997775282129;kras_mut
3414;ptpn22_mut;0.0959951599079038;0.9999997871844143;prkg1_mut
3563;tumor_size;0.0959951599079038;0.9999997871844143;prkg1_mut
2222;er_status_measured_by_ihc;0.16093060262199682;0.9999997872730264;akt2_mut
582;neoplasm_histologic_grade;0.47460694073875753;0.9999997975374096;chek2_mut
6001;magea8_mut;0.47260993259885814;0.99999980242707;akt1_mut
5852;agtr2_mut;0.47260993259885814;0.99999980242707;akt1_mut
5554;dtwd2_mut;0.47260993259885814;0.99999980242707;akt1_mut
2968;type_of_breast_surgery;0.09391212329104956;0.9999998049014643;frmd3_mut
1622;ptprm_mut;0.23932301427599195;0.9999998149256396;gpr32_mut
1470;myo3a_mut;0.3414021875560337;0.9999998199215117;lipi_mut
1321;mutation_count;0.3414021875560337;0.9999998199215117;lipi_mut
2853;type_of_breast_surgery;130.05031421072454;0.9999998199296475;kmt2c_mut
2754;sik1_mut;8.661953070608307;0.9999998287581018;erbb3_mut
2519;npnt_mut;0.15317460719302717;0.9999998291306724;cdkn2a_mut
3266;sik2_mut;0.08959578372782459;0.9999998380927354;frmd3_mut
2371;fam20c_mut;0.15004176582767265;0.9999998441044269;akt2_mut
6566;ccnd3_mut;224.38693544038367;0.9999998499171845;tp53_mut
2668;nek1_mut;0.14720489228543465;0.9999998567706267;cdkn2a_mut
4010;hdac9_mut;0.08630402605505919;0.9999998604238344;prkg1_mut
3861;taf4b_mut;0.08630402605505919;0.9999998604238344;prkg1_mut
3415;ptpn22_mut;0.08528402626604674;0.9999998668519658;frmd3_mut
3564;tumor_size;0.08528402626604674;0.9999998668519658;frmd3_mut
1625;ptprm_mut;0.21926353993273218;0.9999998795308288;acvrl1_mut
2817;sik1_mut;0.1412415281383822;0.9999998808016715;cdkn2a_mut
6150;foxo1_mut;0.42941854776309796;0.9999998867596365;akt1_mut
2109;er_status_measured_by_ihc;128.75720047631523;0.9999998875427559;kmt2c_mut
2520;npnt_mut;0.13917612144398597;0.9999998883530555;akt2_mut
4159;prkacg_mut;0.08146616273265347;0.999999888971282;prkg1_mut
2115;er_status_measured_by_ihc;69.05294312937693;0.9999998906378796;cdh1_mut
1911;sbno1_mut;0.31062892568725015;0.9999998914917578;or6a2_mut
2060;kdm3a_mut;0.31062892568725015;0.9999998914917578;or6a2_mut
3713;flt3_mut;0.08097684361324692;0.9999998915936931;frmd3_mut
2669;nek1_mut;0.13375197326309293;0.999999906433952;akt2_mut
2069;kdm3a_mut;0.2064292296850436;0.999999910418922;gpr32_mut
3862;taf4b_mut;0.07667422849242249;0.9999999127118506;frmd3_mut
4011;hdac9_mut;0.07667422849242249;0.9999999127118506;frmd3_mut
4308;large1_mut;0.07663342426546217;0.9999999128960932;prkg1_mut
2279;fam20c_mut;33.90153709066608;0.9999999167977623;lama2_mut
2965;type_of_breast_surgery;0.12933381163220614;0.9999999194148077;cdkn2a_mut
2818;sik1_mut;0.12833359545260506;0.9999999221497681;akt2_mut
6417;braf_mut;221.97805999075504;0.9999999224388236;tp53_mut
4160;prkacg_mut;0.07237617364199643;0.9999999305798061;frmd3_mut
400;primary_tumor_laterality;2.706183649302338;0.9999999314989442;jak1_mut
4600;oncotree_code;0.07180580251448813;0.9999999327270502;prkg1_mut
4746;cancer_type_detailed;0.07180580251448813;0.9999999327270502;prkg1_mut
4454;tumor_other_histologic_subtype;0.07180580251448813;0.9999999327270502;prkg1_mut
3263;sik2_mut;0.12338943907999929;0.9999999346333707;cdkn2a_mut
3114;stk11_mut;0.12338943907999929;0.9999999346333707;cdkn2a_mut
2217;er_status_measured_by_ihc;0.19332086344570526;0.9999999351185866;gpr32_mut
578;neoplasm_histologic_grade;0.5144294162881403;0.9999999371688327;prkce_mut
6746;nr3c1_mut;0.38627274750236246;0.999999938894301;akt1_mut
2072;kdm3a_mut;0.18912683254997043;0.9999999417562123;acvrl1_mut
1923;sbno1_mut;0.18912683254997043;0.9999999417562123;acvrl1_mut
4309;large1_mut;0.06808267181577629;0.9999999455504004;frmd3_mut
2966;type_of_breast_surgery;0.117514114149835;0.9999999473919319;akt2_mut
2357;fam20c_mut;0.2712207783985692;0.9999999476848392;or6a2_mut
2366;fam20c_mut;0.18024044681455303;0.9999999540432166;gpr32_mut
1768;gldc_mut;0.26411430156748517;0.999999954657134;lipi_mut
3115;stk11_mut;0.11211299230989664;0.9999999573364481;akt2_mut
426;primary_tumor_laterality;0.9512641164382272;0.9999999573880005;foxp1_mut
4455;tumor_other_histologic_subtype;0.06379371578291373;0.9999999579559861;frmd3_mut
4747;cancer_type_detailed;0.06379371578291373;0.9999999579559861;frmd3_mut
4601;oncotree_code;0.06379371578291373;0.9999999579559861;frmd3_mut
3710;flt3_mut;0.11151961505532737;0.9999999583330995;cdkn2a_mut
4895;ppp2r2a_mut;0.06216587669128451;0.9999999620612243;prkg1_mut
879;ep300_mut;0.3524918576081367;0.9999999642003892;chek2_mut
876;ep300_mut;0.3524918576081367;0.9999999642003892;gh1_mut
2506;npnt_mut;0.25157965706619145;0.9999999651128302;or6a2_mut
1082;fanca_mut;43.26185448086944;0.9999999652074288;tg_mut
3413;ptpn22_mut;0.10671760414494763;0.9999999657528321;akt2_mut
3562;tumor_size;0.10671760414494763;0.9999999657528321;akt2_mut
3859;taf4b_mut;0.10559414351809054;0.9999999673306187;cdkn2a_mut
2369;fam20c_mut;0.1651331299130339;0.9999999701470325;acvrl1_mut
2655;nek1_mut;0.24177477584758023;0.9999999718480967;or6a2_mut
2066;kdm3a_mut;0.24108895220006332;0.9999999722764896;lipi_mut
1917;sbno1_mut;0.24108895220006332;0.9999999722764896;lipi_mut
5044;nf2_mut;0.057353556427005535;0.9999999724607807;prkg1_mut
5193;ldlrap1_mut;0.057353556427005535;0.9999999724607807;prkg1_mut
3711;flt3_mut;0.1013279405297757;0.9999999728168366;akt2_mut
3328;ptpn22_mut;0.3356665935439629;0.999999973112256;akt1_mut
4157;prkacg_mut;0.09967495228984924;0.9999999747390923;cdkn2a_mut
4896;ppp2r2a_mut;0.05522941225034418;0.9999999762993339;frmd3_mut
2804;sik1_mut;0.2319803253536698;0.9999999774823077;or6a2_mut
2278;fam20c_mut;33.91691982565051;0.999999980403876;arid1a_mut
2214;er_status_measured_by_ihc;0.22577967508597177;0.9999999805488275;lipi_mut
5491;prr16_mut;0.0525463204947543;0.9999999805592154;prkg1_mut
5640;dtwd2_mut;0.0525463204947543;0.9999999805592154;prkg1_mut
6087;magea8_mut;0.0525463204947543;0.9999999805592154;prkg1_mut
5789;ctnna1_mut;0.0525463204947543;0.9999999805592154;prkg1_mut
5938;agtr2_mut;0.0525463204947543;0.9999999805592154;prkg1_mut
4306;large1_mut;0.09376203139129888;0.9999999807698611;cdkn2a_mut
5343;clrn2_mut;0.050954050365295565;0.9999999827997103;frmd3_mut
5045;nf2_mut;0.050954050365295565;0.9999999827997103;frmd3_mut
5194;ldlrap1_mut;0.050954050365295565;0.9999999827997103;frmd3_mut
2667;nek1_mut;0.14720489228543465;0.9999999830696547;acvrl1_mut
4158;prkacg_mut;0.0905657505446312;0.9999999835272548;akt2_mut
1691;gldc_mut;0.30859521878880214;0.9999999835765342;akt1_mut
565;neoplasm_histologic_grade;0.8345319069495625;0.9999999842571703;gps2_mut
1028;myo1a_mut;0.30564198547066646;0.9999999844777071;chek2_mut
3179;sik2_mut;0.3037670457386496;0.9999999850283467;akt1_mut
258;3-gene_classifier_subtype;3.1631948881789134;0.9999999855889368;erbb4_mut
4598;oncotree_code;0.0878553708642663;0.9999999856164402;cdkn2a_mut
4744;cancer_type_detailed;0.0878553708642663;0.9999999856164402;cdkn2a_mut
4452;tumor_other_histologic_subtype;0.0878553708642663;0.9999999856164402;cdkn2a_mut
2952;type_of_breast_surgery;0.21242265003161054;0.9999999860127504;or6a2_mut
2816;sik1_mut;0.1412415281383822;0.999999986197941;acvrl1_mut
2961;type_of_breast_surgery;0.14116600350937897;0.9999999862343703;gpr32_mut
1174;fanca_mut;0.2989779639840972;0.9999999863620266;gh1_mut
1177;fanca_mut;0.2989779639840972;0.9999999863620266;chek2_mut
2363;fam20c_mut;0.2105030403537866;0.999999986683172;lipi_mut
6534;braf_mut;0.04774416084120664;0.9999999867242481;prkg1_mut
6236;foxo1_mut;0.04774416084120664;0.9999999867242481;prkg1_mut
921;myo1a_mut;102.78607014491682;0.9999999870137994;map3k1_mut
4307;large1_mut;0.08519320602079714;0.9999999874627095;akt2_mut
5492;prr16_mut;0.0466832055028408;0.9999999878603851;frmd3_mut
6088;magea8_mut;0.0466832055028408;0.9999999878603851;frmd3_mut
5641;dtwd2_mut;0.0466832055028408;0.9999999878603851;frmd3_mut
5939;agtr2_mut;0.0466832055028408;0.9999999878603851;frmd3_mut
6586;ccnd3_mut;33.93328502495625;0.9999999879113263;utrn_mut
1475;myo3a_mut;0.29232111196658284;0.9999999880515503;chek2_mut
1323;mutation_count;0.29232111196658284;0.9999999880515503;gh1_mut
1326;mutation_count;0.29232111196658284;0.9999999880515503;chek2_mut
4673;cancer_type_detailed;2.019044251831553;0.9999999889444857;sf3b1_mut
4381;tumor_other_histologic_subtype;2.019044251831553;0.9999999889444857;sf3b1_mut
4527;oncotree_code;2.019044251831553;0.9999999889444857;sf3b1_mut
3259;sik2_mut;0.13467780598410842;0.9999999890906773;gpr32_mut
3110;stk11_mut;0.13467780598410842;0.9999999890906773;gpr32_mut
3101;stk11_mut;0.2026593920375926;0.9999999891573635;or6a2_mut
3250;sik2_mut;0.2026593920375926;0.9999999891573635;or6a2_mut
726;cellularity;0.3820681178269757;0.9999999903773835;prkce_mut
4453;tumor_other_histologic_subtype;0.07982634973891528;0.999999990624553;akt2_mut
4745;cancer_type_detailed;0.07982634973891528;0.999999990624553;akt2_mut
4599;oncotree_code;0.07982634973891528;0.999999990624553;akt2_mut
2964;type_of_breast_surgery;0.12933381163220614;0.9999999910701635;acvrl1_mut
2512;npnt_mut;0.19525894371474778;0.9999999911358937;lipi_mut
6832;nr3c1_mut;0.04294706943003738;0.9999999912914688;prkg1_mut
3408;ptpn22_mut;0.12819649614198567;0.9999999914519041;gpr32_mut
3557;tumor_size;0.12819649614198567;0.9999999914519041;gpr32_mut
3399;ptpn22_mut;0.19290649843634966;0.9999999916993156;or6a2_mut
3548;tumor_size;0.19290649843634966;0.9999999916993156;or6a2_mut
6237;foxo1_mut;0.042416870508245004;0.9999999917118555;frmd3_mut
6386;nt5e_mut;0.042416870508245004;0.9999999917118555;frmd3_mut
6535;braf_mut;0.042416870508245004;0.9999999917118555;frmd3_mut
4893;ppp2r2a_mut;0.07606079119738365;0.9999999924451505;cdkn2a_mut
2111;er_status_measured_by_ihc;56.35179072486609;0.9999999924708856;gata3_mut
2661;nek1_mut;0.18764906471133183;0.9999999928537945;lipi_mut
3113;stk11_mut;0.1233894390799993;0.9999999929246632;acvrl1_mut
3262;sik2_mut;0.1233894390799993;0.9999999929246632;acvrl1_mut
3139;sik2_mut;188.08699729968976;0.9999999929354727;nottingham_prognostic_index
3706;flt3_mut;0.12172206302118087;0.9999999933853789;gpr32_mut
3697;flt3_mut;0.18316395273282687;0.9999999937322331;or6a2_mut
787;ep300_mut;37.24814553877226;0.9999999940512129;tbx3_mut
2810;sik1_mut;0.18004728132387707;0.9999999942892848;lipi_mut
3411;ptpn22_mut;0.11745137690205171;0.9999999944573085;acvrl1_mut
3560;tumor_size;0.11745137690205171;0.9999999944573085;acvrl1_mut
1171;fanca_mut;0.3491767332456246;0.9999999945631871;prkcz_mut
6833;nr3c1_mut;0.03815503824187568;0.9999999945643655;frmd3_mut
6684;ccnd3_mut;0.03815503824187568;0.9999999945643655;frmd3_mut
6981;tbl1xr1_mut;0.03815503824187568;0.9999999945643655;prkg1_mut
5042;nf2_mut;0.07017285224634211;0.99999999473003;cdkn2a_mut
5191;ldlrap1_mut;0.07017285224634211;0.99999999473003;cdkn2a_mut
5340;clrn2_mut;0.07017285224634211;0.99999999473003;cdkn2a_mut
4004;hdac9_mut;0.11525449568311293;0.999999994952033;gpr32_mut
3855;taf4b_mut;0.11525449568311293;0.999999994952033;gpr32_mut
4894;ppp2r2a_mut;0.06910966580428493;0.9999999950777878;akt2_mut
1320;mutation_count;0.3414021875560337;0.9999999952876233;prkcz_mut
3995;hdac9_mut;0.17343173846695353;0.999999995338938;or6a2_mut
3846;taf4b_mut;0.17343173846695353;0.999999995338938;or6a2_mut
5663;ctnna1_mut;186.6829953432128;0.9999999955690737;nottingham_prognostic_index
866;ep300_mut;0.5601846727363969;0.9999999960150565;fbxw7_mut
1624;ptprm_mut;0.23932301427599195;0.9999999963195754;chek2_mut
1621;ptprm_mut;0.23932301427599195;0.9999999963195754;gh1_mut
5936;agtr2_mut;0.06429113404432432;0.9999999964373681;cdkn2a_mut
5489;prr16_mut;0.06429113404432432;0.9999999964373681;cdkn2a_mut
6085;magea8_mut;0.06429113404432432;0.9999999964373681;cdkn2a_mut
5638;dtwd2_mut;0.06429113404432432;0.9999999964373681;cdkn2a_mut
5787;ctnna1_mut;0.06429113404432432;0.9999999964373681;cdkn2a_mut
2958;type_of_breast_surgery;0.16486794977762032;0.9999999964592295;lipi_mut
5192;ldlrap1_mut;0.06375982015087145;0.99999999656721;akt2_mut
5341;clrn2_mut;0.06375982015087145;0.99999999656721;akt2_mut
4144;prkacg_mut;0.16370983921355073;0.999999996592215;or6a2_mut
6982;tbl1xr1_mut;0.03389770157916289;0.9999999966079456;frmd3_mut
4007;hdac9_mut;0.10559414351809053;0.9999999967283105;acvrl1_mut
3858;taf4b_mut;0.10559414351809053;0.9999999967283105;acvrl1_mut
573;neoplasm_histologic_grade;0.6741413902985953;0.9999999969354096;rpgr_mut
1088;fanca_mut;30.067049608149745;0.9999999969619816;lama2_mut
2129;er_status_measured_by_ihc;31.755511690797537;0.9999999970259256;arid1a_mut
2286;fam20c_mut;0.23062074491673484;0.9999999970420035;akt1_mut
1322;mutation_count;0.3168486722162027;0.9999999970680599;prkce_mut
4302;large1_mut;0.10233991471673773;0.9999999971985278;gpr32_mut
3107;stk11_mut;0.15729037587773648;0.9999999972577928;lipi_mut
1770;gldc_mut;0.2261443808347388;0.9999999973651634;gh1_mut
1773;gldc_mut;0.2261443808347388;0.9999999973651634;chek2_mut
872;ep300_mut;0.41167567567567587;0.9999999974049905;clk3_mut
4293;large1_mut;0.15399823858223843;0.999999997555562;or6a2_mut
420;primary_tumor_laterality;1.1314239517530535;0.9999999976364424;nrg3_mut
5216;clrn2_mut;184.81135006103693;0.9999999976525875;nottingham_prognostic_index
5937;agtr2_mut;0.058415626737979245;0.9999999976798571;akt2_mut
5788;ctnna1_mut;0.058415626737979245;0.9999999976798571;akt2_mut
5490;prr16_mut;0.058415626737979245;0.9999999976798571;akt2_mut
5639;dtwd2_mut;0.058415626737979245;0.9999999976798571;akt2_mut
6086;magea8_mut;0.058415626737979245;0.9999999976798571;akt2_mut
6383;nt5e_mut;0.05841562673797926;0.9999999976798571;cdkn2a_mut
6532;braf_mut;0.05841562673797926;0.9999999976798571;cdkn2a_mut
4042;prkacg_mut;210.19171290354848;0.9999999977139626;tp53_mut
489;neoplasm_histologic_grade;31.968501582244702;0.9999999978649978;utrn_mut
3554;tumor_size;0.14972084611150432;0.9999999979026082;lipi_mut
3405;ptpn22_mut;0.14972084611150432;0.9999999979026082;lipi_mut
4448;tumor_other_histologic_subtype;0.09589287932695914;0.9999999979711118;gpr32_mut
4594;oncotree_code;0.09589287932695914;0.9999999979711118;gpr32_mut
4740;cancer_type_detailed;0.09589287932695914;0.9999999979711118;gpr32_mut
932;myo1a_mut;42.52941998398605;0.9999999979838824;akap9_mut
574;neoplasm_histologic_grade;0.6341499518910516;0.9999999980875477;foxp1_mut
2851;type_of_breast_surgery;175.05157513727;0.9999999981014427;muc16_mut
4731;cancer_type_detailed;0.14429692021734358;0.999999998283926;or6a2_mut
4585;oncotree_code;0.14429692021734358;0.999999998283926;or6a2_mut
4439;tumor_other_histologic_subtype;0.14429692021734358;0.999999998283926;or6a2_mut
713;cellularity;0.6198091027830805;0.9999999983972097;gps2_mut
862;ep300_mut;0.6198091027830805;0.9999999983972097;gps2_mut
3703;flt3_mut;0.14215934767658905;0.9999999984177352;lipi_mut
2068;kdm3a_mut;0.20642922968504362;0.999999998462807;gh1_mut
1922;sbno1_mut;0.20642922968504362;0.999999998462807;chek2_mut
1919;sbno1_mut;0.20642922968504362;0.999999998462807;gh1_mut
2572;nek1_mut;37.99071413149999;0.9999999984741478;birc6_mut
6533;braf_mut;0.053077076612745876;0.9999999984893522;akt2_mut
6384;nt5e_mut;0.053077076612745876;0.9999999984893522;akt2_mut
6235;foxo1_mut;0.053077076612745876;0.9999999984893522;akt2_mut
6681;ccnd3_mut;0.052546320494754294;0.9999999985558364;cdkn2a_mut
6830;nr3c1_mut;0.052546320494754294;0.9999999985558364;cdkn2a_mut
1686;gldc_mut;18.17291299782557;0.9999999985559092;cbfb_mut
1967;kdm3a_mut;61.54798809735298;0.9999999985730775;cdh1_mut
1015;myo1a_mut;0.4857302428691209;0.9999999985870721;fbxw7_mut
5971;magea8_mut;174.06554551437745;0.999999998666684;muc16_mut
409;primary_tumor_laterality;1.4329680732729042;0.9999999986794204;smad4_mut
1618;ptprm_mut;0.2795056438334425;0.9999999986812341;prkcz_mut
4743;cancer_type_detailed;0.0878553708642663;0.9999999986859233;acvrl1_mut
4451;tumor_other_histologic_subtype;0.0878553708642663;0.9999999986859233;acvrl1_mut
4597;oncotree_code;0.0878553708642663;0.9999999986859233;acvrl1_mut
1164;fanca_mut;0.47513969271884726;0.999999998796796;fbxw7_mut
4001;hdac9_mut;0.13460586779780842;0.99999999882442;lipi_mut
486;neoplasm_histologic_grade;41.757062639305346;0.9999999989094737;akap9_mut
2219;er_status_measured_by_ihc;0.19332086344570526;0.9999999989571808;chek2_mut
2216;er_status_measured_by_ihc;0.19332086344570526;0.9999999989571808;gh1_mut
1313;mutation_count;0.4645605363826135;0.9999999989790188;fbxw7_mut
2246;fam20c_mut;182.35680962320447;0.9999999990036111;nottingham_prognostic_index
4889;ppp2r2a_mut;0.08301926450316008;0.9999999990079175;gpr32_mut
1021;myo1a_mut;0.3569596521669759;0.9999999990206125;clk3_mut
6682;ccnd3_mut;0.047744160841206626;0.9999999990599093;akt2_mut
6831;nr3c1_mut;0.047744160841206626;0.9999999990599093;akt2_mut
1767;gldc_mut;0.26411430156748517;0.9999999990813148;prkcz_mut
4150;prkacg_mut;0.12706039372706038;0.9999999991413012;lipi_mut
6979;tbl1xr1_mut;0.04668320550284079;0.9999999991499589;cdkn2a_mut
1170;fanca_mut;0.34917673324562465;0.9999999991578047;clk3_mut
4880;ppp2r2a_mut;0.12492506503709873;0.9999999992170224;or6a2_mut
1319;mutation_count;0.3414021875560338;0.9999999992781725;clk3_mut
1468;myo3a_mut;0.3414021875560338;0.9999999992781725;clk3_mut
5336;clrn2_mut;0.07659266344550773;0.9999999993351081;gpr32_mut
5038;nf2_mut;0.07659266344550773;0.9999999993351081;gpr32_mut
5187;ldlrap1_mut;0.07659266344550773;0.9999999993351081;gpr32_mut
4892;ppp2r2a_mut;0.07606079119738365;0.9999999993577331;acvrl1_mut
4299;large1_mut;0.11952291274325169;0.9999999993846115;lipi_mut
3303;ptpn22_mut;96.35705428324661;0.999999999405022;map3k1_mut
6980;tbl1xr1_mut;0.04241687050824498;0.9999999994467795;akt2_mut
2065;kdm3a_mut;0.24108895220006332;0.9999999994871429;prkcz_mut
407;primary_tumor_laterality;1.4934694749828479;0.9999999994905169;agmo_mut
5029;nf2_mut;0.1152544956831129;0.9999999994952579;or6a2_mut
5327;clrn2_mut;0.1152544956831129;0.9999999994952579;or6a2_mut
5178;ldlrap1_mut;0.1152544956831129;0.9999999994952579;or6a2_mut
1160;fanca_mut;0.5257121820240818;0.9999999995523887;gps2_mut
2514;npnt_mut;0.16718789049571425;0.999999999558814;gh1_mut
2517;npnt_mut;0.16718789049571425;0.999999999558814;chek2_mut
4737;cancer_type_detailed;0.11199341215222632;0.9999999995683733;lipi_mut
4591;oncotree_code;0.11199341215222632;0.9999999995683733;lipi_mut
4445;tumor_other_histologic_subtype;0.11199341215222632;0.9999999995683733;lipi_mut
5339;clrn2_mut;0.0701728522463421;0.9999999995696502;acvrl1_mut
5932;agtr2_mut;0.07017285224634211;0.9999999995696502;gpr32_mut
5634;dtwd2_mut;0.07017285224634211;0.9999999995696502;gpr32_mut
5783;ctnna1_mut;0.07017285224634211;0.9999999995696502;gpr32_mut
6081;magea8_mut;0.07017285224634211;0.9999999995696502;gpr32_mut
5041;nf2_mut;0.0701728522463421;0.9999999995696502;acvrl1_mut
5190;ldlrap1_mut;0.0701728522463421;0.9999999995696502;acvrl1_mut
5485;prr16_mut;0.07017285224634211;0.9999999995696502;gpr32_mut
1458;myo3a_mut;0.5140070110044375;0.9999999996242304;gps2_mut
1309;mutation_count;0.5140070110044375;0.9999999996242304;gps2_mut
1257;mutation_count;1.4480927023638914;0.9999999996295601;sf3b1_mut
2666;nek1_mut;0.16067203215240886;0.9999999996514657;chek2_mut
562;neoplasm_histologic_grade;0.9149829715216982;0.9999999996533543;dcaf4l2_mut
2213;er_status_measured_by_ihc;0.22577967508597177;0.999999999662968;prkcz_mut
5476;prr16_mut;0.10559414351809061;0.9999999996868566;or6a2_mut
5625;dtwd2_mut;0.10559414351809061;0.9999999996868566;or6a2_mut
5923;agtr2_mut;0.10559414351809061;0.9999999996868566;or6a2_mut
5774;ctnna1_mut;0.10559414351809061;0.9999999996868566;or6a2_mut
6072;magea8_mut;0.10559414351809061;0.9999999996868566;or6a2_mut
721;cellularity;0.5006866325785244;0.9999999996936195;rpgr_mut
870;ep300_mut;0.5006866325785244;0.9999999996936195;rpgr_mut
5935;agtr2_mut;0.06429113404432432;0.9999999997215195;acvrl1_mut
5637;dtwd2_mut;0.06429113404432432;0.9999999997215195;acvrl1_mut
6084;magea8_mut;0.06429113404432432;0.9999999997215195;acvrl1_mut
5786;ctnna1_mut;0.06429113404432432;0.9999999997215195;acvrl1_mut
5488;prr16_mut;0.06429113404432432;0.9999999997215195;acvrl1_mut
2812;sik1_mut;0.15416310557329854;0.999999999727293;gh1_mut
6379;nt5e_mut;0.06375982015087145;0.9999999997327789;gpr32_mut
6528;braf_mut;0.06375982015087145;0.9999999997327789;gpr32_mut
2362;fam20c_mut;0.21050304035378664;0.9999999997848362;prkcz_mut
2215;er_status_measured_by_ihc;0.20954168681960894;0.9999999997910569;prkce_mut
4886;ppp2r2a_mut;0.09695830150615978;0.9999999998034257;lipi_mut
722;cellularity;0.47098488318827303;0.9999999998096705;foxp1_mut
871;ep300_mut;0.47098488318827303;0.9999999998096705;foxp1_mut
6370;nt5e_mut;0.09594399235852238;0.9999999998143935;or6a2_mut
6519;braf_mut;0.09594399235852238;0.9999999998143935;or6a2_mut
6233;foxo1_mut;0.05841562673797927;0.9999999998271191;acvrl1_mut
6531;braf_mut;0.05841562673797927;0.9999999998271191;acvrl1_mut
2963;type_of_breast_surgery;0.14116600350937897;0.9999999998383372;chek2_mut
2960;type_of_breast_surgery;0.14116600350937897;0.9999999998383372;gh1_mut
6826;nr3c1_mut;0.057353556427005535;0.9999999998422041;gpr32_mut
6677;ccnd3_mut;0.057353556427005535;0.9999999998422041;gpr32_mut
2364;fam20c_mut;0.1953637418407697;0.9999999998666724;prkce_mut
2511;npnt_mut;0.19525894371474778;0.9999999998671306;prkcz_mut
718;cellularity;0.5601846727363969;0.9999999998691529;ttyh1_mut
867;ep300_mut;0.5601846727363969;0.9999999998691529;ttyh1_mut
5035;nf2_mut;0.08945266619685223;0.9999999998733952;lipi_mut
5184;ldlrap1_mut;0.08945266619685223;0.9999999998733952;lipi_mut
3112;stk11_mut;0.13467780598410842;0.9999999998777604;chek2_mut
3109;stk11_mut;0.13467780598410842;0.9999999998777604;gh1_mut
6668;ccnd3_mut;0.08630402605505919;0.9999999998959036;or6a2_mut
6817;nr3c1_mut;0.08630402605505919;0.9999999998959036;or6a2_mut
2660;nek1_mut;0.18764906471133183;0.9999999998970478;prkcz_mut
6829;nr3c1_mut;0.052546320494754294;0.9999999998979355;acvrl1_mut
6680;ccnd3_mut;0.052546320494754294;0.9999999998979355;acvrl1_mut
1019;myo1a_mut;0.43414011750037595;0.9999999998991715;rpgr_mut
3341;ptpn22_mut;1.2749549212454026;0.9999999999012112;sf3b1_mut
3556;tumor_size;0.12819649614198567;0.9999999999088205;gh1_mut
3559;tumor_size;0.12819649614198567;0.9999999999088205;chek2_mut
3407;ptpn22_mut;0.12819649614198567;0.9999999999088205;gh1_mut
3410;ptpn22_mut;0.12819649614198567;0.9999999999088205;chek2_mut
6975;tbl1xr1_mut;0.05095405036529557;0.9999999999124322;gpr32_mut
5091;ldlrap1_mut;38.7207651626256;0.9999999999190576;herc2_mut
2058;kdm3a_mut;0.3280600330998209;0.9999999999202118;fbxw7_mut
1607;ptprm_mut;0.4208170474072275;0.9999999999209583;gps2_mut
5929;agtr2_mut;0.08195496077165385;0.9999999999215257;lipi_mut
6078;magea8_mut;0.08195496077165385;0.9999999999215257;lipi_mut
5780;ctnna1_mut;0.08195496077165385;0.9999999999215257;lipi_mut
5631;dtwd2_mut;0.08195496077165385;0.9999999999215257;lipi_mut
5482;prr16_mut;0.08195496077165385;0.9999999999215257;lipi_mut
1317;mutation_count;0.4152188767573384;0.9999999999288124;rpgr_mut
3708;flt3_mut;0.12172206302118085;0.9999999999330023;chek2_mut
3705;flt3_mut;0.12172206302118085;0.9999999999330023;gh1_mut
2064;kdm3a_mut;0.24108895220006332;0.9999999999339563;clk3_mut
5979;magea8_mut;57.02009395736498;0.999999999935746;cdh1_mut
2662;nek1_mut;0.17415341542484788;0.9999999999362503;prkce_mut
1020;myo1a_mut;0.4083860427334045;0.9999999999374726;foxp1_mut
568;neoplasm_histologic_grade;0.7542515608168372;0.9999999999405252;nrg3_mut
6978;tbl1xr1_mut;0.04668320550284079;0.9999999999433725;acvrl1_mut
3005;stk11_mut;91.93900382206691;0.9999999999439665;map3k1_mut
6966;tbl1xr1_mut;0.0766742284924225;0.9999999999454738;or6a2_mut
1756;gldc_mut;0.3976442086796708;0.9999999999492392;gps2_mut
2206;er_status_measured_by_ihc;0.30722804593926667;0.9999999999507702;fbxw7_mut
2811;sik1_mut;0.16709834940423285;0.9999999999511274;prkce_mut
4006;hdac9_mut;0.1152544956831129;0.9999999999515834;chek2_mut
3854;taf4b_mut;0.1152544956831129;0.9999999999515834;gh1_mut
4003;hdac9_mut;0.1152544956831129;0.9999999999515834;gh1_mut
6227;foxo1_mut;0.07446517267003011;0.9999999999535291;lipi_mut
6376;nt5e_mut;0.07446517267003011;0.9999999999535291;lipi_mut
6525;braf_mut;0.07446517267003011;0.9999999999535291;lipi_mut
1555;ptprm_mut;1.185552107917581;0.9999999999537497;sf3b1_mut
632;cellularity;38.107644220797354;0.9999999999539344;herc2_mut
1318;mutation_count;0.3905872484751234;0.999999999955876;foxp1_mut
1467;myo3a_mut;0.3905872484751234;0.999999999955876;foxp1_mut
3192;sik2_mut;1.1775882420418782;0.9999999999568983;sf3b1_mut
513;neoplasm_histologic_grade;1.1765764386056734;0.9999999999572842;sf3b1_mut
4155;prkacg_mut;0.10879378321238786;0.9999999999656543;chek2_mut
4152;prkacg_mut;0.10879378321238786;0.9999999999656543;gh1_mut
3106;stk11_mut;0.15729037587773645;0.9999999999668752;prkcz_mut
3255;sik2_mut;0.15729037587773645;0.9999999999668752;prkcz_mut
566;neoplasm_histologic_grade;0.8345319069495625;0.9999999999698082;men1_mut
1314;mutation_count;0.4645605363826135;0.9999999999721811;ttyh1_mut
6674;ccnd3_mut;0.06698328935795954;0.9999999999739608;lipi_mut
6823;nr3c1_mut;0.06698328935795954;0.9999999999739608;lipi_mut
2361;fam20c_mut;0.21050304035378667;0.9999999999741059;clk3_mut
1704;gldc_mut;1.1202681372011964;0.9999999999744451;sf3b1_mut
1905;sbno1_mut;0.3629777904870842;0.9999999999751521;gps2_mut
4301;large1_mut;0.10233991471673771;0.9999999999761373;gh1_mut
710;cellularity;0.6795603258761154;0.9999999999771585;dcaf4l2_mut
2849;type_of_breast_surgery;68.0048181975445;0.9999999999790536;pik3ca_mut
3257;sik2_mut;0.14597811193306584;0.999999999979508;prkce_mut
404;primary_tumor_laterality;1.614665676596799;0.9999999999808986;map3k10_mut
3702;flt3_mut;0.14215934767658903;0.9999999999827228;prkcz_mut
4769;ppp2r2a_mut;171.66660399746516;0.9999999999829055;nottingham_prognostic_index
2504;npnt_mut;0.26569718335720316;0.9999999999831299;fbxw7_mut
4593;oncotree_code;0.09589287932695914;0.9999999999838056;gh1_mut
4739;cancer_type_detailed;0.09589287932695914;0.9999999999838056;gh1_mut
4447;tumor_other_histologic_subtype;0.09589287932695914;0.9999999999838056;gh1_mut
2510;npnt_mut;0.19525894371474775;0.9999999999845985;clk3_mut
559;neoplasm_histologic_grade;0.9149829715216982;0.9999999999849554;prkcq_mut
720;cellularity;0.5304198790519047;0.9999999999859068;map3k13_mut
6972;tbl1xr1_mut;0.059509298327863724;0.999999999986373;lipi_mut
2653;nek1_mut;0.2553420960130324;0.999999999987422;fbxw7_mut
4000;hdac9_mut;0.13460586779780842;0.9999999999878446;prkcz_mut
3851;taf4b_mut;0.13460586779780842;0.9999999999878446;prkcz_mut
2659;nek1_mut;0.18764906471133183;0.9999999999883009;clk3_mut
3704;flt3_mut;0.1319353015189919;0.9999999999893168;prkce_mut
861;ep300_mut;0.6198091027830805;0.9999999999902115;cdkn1b_mut
712;cellularity;0.6198091027830805;0.9999999999902115;cdkn1b_mut
2802;sik1_mut;0.2449980247192279;0.999999999990734;fbxw7_mut
2351;fam20c_mut;0.3169283693058868;0.9999999999914334;gps2_mut
4149;prkacg_mut;0.12706039372706038;0.9999999999916181;prkcz_mut
3853;taf4b_mut;0.12492506503709873;0.9999999999924856;prkce_mut
555;neoplasm_histologic_grade;0.9956052996692932;0.9999999999926105;agmo_mut
4891;ppp2r2a_mut;0.08301926450316006;0.9999999999931433;chek2_mut
4888;ppp2r2a_mut;0.08301926450316006;0.9999999999931433;gh1_mut
395;primary_tumor_laterality;1.857834563764568;0.9999999999932482;ncoa3_mut
4298;large1_mut;0.11952291274325169;0.9999999999943491;prkcz_mut
1612;ptprm_mut;0.38033526601208484;0.999999999994725;ttyh1_mut
4151;prkacg_mut;0.11792225858857265;0.9999999999948196;prkce_mut
2950;type_of_breast_surgery;0.22434286004222606;0.9999999999951698;fbxw7_mut
2500;npnt_mut;0.29397722009097704;0.999999999995257;gps2_mut
2062;kdm3a_mut;0.2932162932162932;0.9999999999953527;rpgr_mut
2746;sik1_mut;0.949877015624693;0.9999999999955015;sf3b1_mut
5186;ldlrap1_mut;0.07659266344550773;0.9999999999957601;gh1_mut
5189;ldlrap1_mut;0.07659266344550773;0.9999999999957601;chek2_mut
5338;clrn2_mut;0.07659266344550773;0.9999999999957601;chek2_mut
5335;clrn2_mut;0.07659266344550773;0.9999999999957601;gh1_mut
5037;nf2_mut;0.07659266344550773;0.9999999999957601;gh1_mut
1306;mutation_count;0.5635586349609168;0.9999999999959336;dcaf4l2_mut
4736;cancer_type_detailed;0.11199341215222632;0.9999999999962859;prkcz_mut
4590;oncotree_code;0.11199341215222632;0.9999999999962859;prkcz_mut
4444;tumor_other_histologic_subtype;0.11199341215222632;0.9999999999962859;prkcz_mut
4300;large1_mut;0.11092687036721668;0.9999999999965082;prkce_mut
2649;nek1_mut;0.2825199673163175;0.9999999999965314;gps2_mut
3254;sik2_mut;0.15729037587773645;0.9999999999965533;clk3_mut
3105;stk11_mut;0.15729037587773645;0.9999999999965533;clk3_mut
1914;sbno1_mut;0.27582210633058096;0.9999999999971287;foxp1_mut
2063;kdm3a_mut;0.27582210633058096;0.9999999999971287;foxp1_mut
2210;er_status_measured_by_ihc;0.27459690213158733;0.9999999999972277;rpgr_mut
1316;mutation_count;0.43987662553614104;0.9999999999972768;map3k13_mut
860;ep300_mut;0.6496688399345149;0.999999999997316;bcas3_mut
1010;myo1a_mut;0.5374299595822497;0.999999999997379;cdkn1b_mut
5931;agtr2_mut;0.07017285224634212;0.9999999999974856;gh1_mut
5633;dtwd2_mut;0.07017285224634212;0.9999999999974856;gh1_mut
6080;magea8_mut;0.07017285224634212;0.9999999999974856;gh1_mut
5785;ctnna1_mut;0.07017285224634212;0.9999999999974856;chek2_mut
5487;prr16_mut;0.07017285224634212;0.9999999999974856;chek2_mut
5934;agtr2_mut;0.07017285224634212;0.9999999999974856;chek2_mut
5782;ctnna1_mut;0.07017285224634212;0.9999999999974856;gh1_mut
6083;magea8_mut;0.07017285224634212;0.9999999999974856;chek2_mut
5484;prr16_mut;0.07017285224634212;0.9999999999974856;gh1_mut
3403;ptpn22_mut;0.1497208461115043;0.9999999999975515;clk3_mut
3546;tumor_size;0.20373154921804165;0.999999999997634;fbxw7_mut
3397;ptpn22_mut;0.20373154921804165;0.999999999997634;fbxw7_mut
4446;tumor_other_histologic_subtype;0.10393888859183356;0.9999999999977056;prkce_mut
4592;oncotree_code;0.10393888859183356;0.9999999999977056;prkce_mut
4738;cancer_type_detailed;0.10393888859183356;0.9999999999977056;prkce_mut
2597;nek1_mut;0.8911569966095523;0.9999999999977097;sf3b1_mut
1308;mutation_count;0.5140070110044375;0.9999999999982654;cdkn1b_mut
2211;er_status_measured_by_ihc;0.2583072553949678;0.9999999999982879;foxp1_mut
3701;flt3_mut;0.14215934767658903;0.9999999999982908;clk3_mut
714;cellularity;0.6198091027830805;0.9999999999983006;men1_mut
3695;flt3_mut;0.19344229537954954;0.9999999999983887;fbxw7_mut
1910;sbno1_mut;0.3280600330998209;0.9999999999984635;ttyh1_mut
2059;kdm3a_mut;0.3280600330998209;0.9999999999984635;ttyh1_mut
6229;foxo1_mut;0.06375982015087145;0.9999999999985812;gh1_mut
6232;foxo1_mut;0.06375982015087145;0.9999999999985812;chek2_mut
6378;nt5e_mut;0.06375982015087145;0.9999999999985812;gh1_mut
6381;nt5e_mut;0.06375982015087145;0.9999999999985812;chek2_mut
6530;braf_mut;0.06375982015087145;0.9999999999985812;chek2_mut
6527;braf_mut;0.06375982015087145;0.9999999999985812;gh1_mut
2946;type_of_breast_surgery;0.24822126267634287;0.9999999999987496;gps2_mut
3999;hdac9_mut;0.1346058677978084;0.9999999999988298;clk3_mut
3850;taf4b_mut;0.1346058677978084;0.9999999999988298;clk3_mut
3993;hdac9_mut;0.18316395273282687;0.9999999999989253;fbxw7_mut
3844;taf4b_mut;0.18316395273282687;0.9999999999989253;fbxw7_mut
2448;npnt_mut;0.8282110126145581;0.999999999998947;sf3b1_mut
715;cellularity;0.5899810638664142;0.9999999999989481;brip1_mut
864;ep300_mut;0.5899810638664142;0.9999999999989481;brip1_mut
1014;myo1a_mut;0.4857302428691209;0.9999999999989736;nrg3_mut
2360;fam20c_mut;0.24082974955729824;0.9999999999990149;foxp1_mut
4887;ppp2r2a_mut;0.08998509737879978;0.9999999999990956;prkce_mut
2508;npnt_mut;0.23747709370712566;0.9999999999991181;rpgr_mut
5183;ldlrap1_mut;0.08945266619685222;0.9999999999991296;prkcz_mut
5034;nf2_mut;0.08945266619685222;0.9999999999991296;prkcz_mut
3095;stk11_mut;0.23681264769696375;0.9999999999991375;gps2_mut
4148;prkacg_mut;0.12706039372706035;0.9999999999992161;clk3_mut
6825;nr3c1_mut;0.057353556427005535;0.9999999999992464;gh1_mut
6676;ccnd3_mut;0.057353556427005535;0.9999999999992464;gh1_mut
6679;ccnd3_mut;0.057353556427005535;0.9999999999992464;chek2_mut
706;cellularity;0.6795603258761155;0.9999999999992629;casp8_mut
707;cellularity;0.6795603258761154;0.9999999999992629;prkcq_mut
685;cellularity;1.0710619827536314;0.9999999999992909;usp28_mut
4142;prkacg_mut;0.17289650393098666;0.9999999999992996;fbxw7_mut
1312;mutation_count;0.4645605363826135;0.9999999999993214;nrg3_mut
1461;myo3a_mut;0.4645605363826135;0.9999999999993214;nrg3_mut
2657;nek1_mut;0.22822183545972793;0.9999999999993557;rpgr_mut
2854;type_of_breast_surgery;88.3936914770041;0.9999999999993666;syne1_mut
3542;tumor_size;0.22541614377382613;0.9999999999994157;gps2_mut
2509;npnt_mut;0.22338946950416053;0.999999999999456;foxp1_mut
5185;ldlrap1_mut;0.08301926450316008;0.9999999999994627;prkce_mut
5334;clrn2_mut;0.08301926450316008;0.9999999999994627;prkce_mut
4297;large1_mut;0.11952291274325168;0.9999999999994873;clk3_mut
669;cellularity;3.9405581201481943;0.9999999999994987;erbb3_mut
6077;magea8_mut;0.08195496077165385;0.9999999999995057;prkcz_mut
5481;prr16_mut;0.08195496077165385;0.9999999999995057;prkcz_mut
5630;dtwd2_mut;0.08195496077165385;0.9999999999995057;prkcz_mut
5928;agtr2_mut;0.08195496077165385;0.9999999999995057;prkcz_mut
2356;fam20c_mut;0.2864404766617839;0.999999999999506;ttyh1_mut
4071;prkacg_mut;14.85190453611506;0.9999999999995254;col22a1_mut
2806;sik1_mut;0.21897642323174243;0.9999999999995353;rpgr_mut
4291;large1_mut;0.16263993166389423;0.9999999999995552;fbxw7_mut
1307;mutation_count;0.5387696583641979;0.9999999999995658;bcas3_mut
2658;nek1_mut;0.21468325200025254;0.9999999999996027;foxp1_mut
3691;flt3_mut;0.2140317316320393;0.9999999999996121;gps2_mut
1753;gldc_mut;0.43597815330517886;0.999999999999624;dcaf4l2_mut
6977;tbl1xr1_mut;0.050954050365295565;0.9999999999996284;chek2_mut
6974;tbl1xr1_mut;0.050954050365295565;0.9999999999996284;gh1_mut
1161;fanca_mut;0.5257121820240818;0.9999999999996583;men1_mut
703;cellularity;0.7394387468895188;0.9999999999996849;agmo_mut
852;ep300_mut;0.7394387468895188;0.9999999999996849;agmo_mut
5781;ctnna1_mut;0.07606079119738368;0.9999999999996949;prkce_mut
5632;dtwd2_mut;0.07606079119738368;0.9999999999996949;prkce_mut
6079;magea8_mut;0.07606079119738368;0.9999999999996949;prkce_mut
5930;agtr2_mut;0.07606079119738368;0.9999999999996949;prkce_mut
5812;agtr2_mut;162.3108334766619;0.9999999999997002;nottingham_prognostic_index
2807;sik1_mut;0.20598629642985933;0.9999999999997135;foxp1_mut
1310;mutation_count;0.5140070110044375;0.9999999999997257;men1_mut
1459;myo3a_mut;0.5140070110044375;0.9999999999997257;men1_mut
4729;cancer_type_detailed;0.15239421865806924;0.9999999999997258;fbxw7_mut
4437;tumor_other_histologic_subtype;0.15239421865806924;0.9999999999997258;fbxw7_mut
4583;oncotree_code;0.15239421865806924;0.9999999999997258;fbxw7_mut
1003;myo1a_mut;0.6151857835218095;0.9999999999997331;smad4_mut
6524;braf_mut;0.07446517267003011;0.999999999999734;prkcz_mut
6375;nt5e_mut;0.07446517267003011;0.999999999999734;prkcz_mut
2505;npnt_mut;0.26569718335720316;0.9999999999997368;ttyh1_mut
1013;myo1a_mut;0.5115663804940737;0.9999999999997381;brip1_mut
3840;taf4b_mut;0.20265939203759256;0.9999999999997481;gps2_mut
2954;type_of_breast_surgery;0.2005150740538626;0.9999999999997684;rpgr_mut
1162;fanca_mut;0.5004125157978696;0.9999999999997888;brip1_mut
696;cellularity;0.8294957644211377;0.9999999999997992;jak1_mut
2654;nek1_mut;0.2553420960130324;0.9999999999998114;ttyh1_mut
5514;dtwd2_mut;161.2886967144552;0.9999999999998129;nottingham_prognostic_index
2894;type_of_breast_surgery;0.6993044673666127;0.9999999999998263;sf3b1_mut
1311;mutation_count;0.48927065095609934;0.9999999999998306;brip1_mut
1301;mutation_count;0.5883739828093347;0.9999999999998308;smad4_mut
6377;nt5e_mut;0.06910966580428493;0.9999999999998359;prkce_mut
1902;sbno1_mut;0.3979698014785734;0.9999999999998391;dcaf4l2_mut
4138;prkacg_mut;0.19129910579724704;0.9999999999998403;gps2_mut
3252;sik2_mut;0.19129910579724702;0.9999999999998403;rpgr_mut
1755;gldc_mut;0.3976442086796709;0.9999999999998403;cdkn1b_mut
551;neoplasm_histologic_grade;1.0763994388518332;0.999999999999846;egfr_mut
2150;er_status_measured_by_ihc;0.6879227023348962;0.9999999999998542;sf3b1_mut
2955;type_of_breast_surgery;0.1886201120337182;0.9999999999998572;foxp1_mut
1154;fanca_mut;0.5763922151662224;0.9999999999998629;prkcq_mut
1153;fanca_mut;0.5763922151662224;0.9999999999998629;casp8_mut
983;myo1a_mut;0.9287065896849585;0.9999999999998632;usp28_mut
6822;nr3c1_mut;0.06698328935795954;0.9999999999998659;prkcz_mut
6673;ccnd3_mut;0.06698328935795954;0.9999999999998659;prkcz_mut
2803;sik1_mut;0.24499802471922796;0.9999999999998667;ttyh1_mut
1912;sbno1_mut;0.31062892568725015;0.999999999999874;map3k13_mut
4884;ppp2r2a_mut;0.09695830150615978;0.9999999999998803;clk3_mut
4926;nf2_mut;61.052119169310075;0.9999999999998807;pik3ca_mut
1303;mutation_count;0.563558634960917;0.9999999999998911;prkcq_mut
1305;mutation_count;0.563558634960917;0.9999999999998911;palld_mut
1302;mutation_count;0.563558634960917;0.9999999999998911;casp8_mut
1452;myo3a_mut;0.563558634960917;0.9999999999998911;prkcq_mut
1451;myo3a_mut;0.563558634960917;0.9999999999998911;casp8_mut
1304;mutation_count;0.563558634960917;0.9999999999998911;smarcc1_mut
3043;stk11_mut;0.6671634036417531;0.999999999999895;sf3b1_mut
3253;sik2_mut;0.1799508537584273;0.9999999999999016;foxp1_mut
3104;stk11_mut;0.1799508537584273;0.9999999999999016;foxp1_mut
4287;large1_mut;0.17995085375842731;0.9999999999999016;gps2_mut
4878;ppp2r2a_mut;0.13193530151899197;0.9999999999999062;fbxw7_mut
2199;er_status_measured_by_ihc;0.3726985067208625;0.9999999999999127;dcaf4l2_mut
6824;nr3c1_mut;0.062165876691284504;0.9999999999999173;prkce_mut
6675;ccnd3_mut;0.062165876691284504;0.9999999999999173;prkce_mut
1430;myo3a_mut;0.8882305307935353;0.9999999999999184;usp28_mut
1281;mutation_count;0.8882305307935353;0.9999999999999184;usp28_mut
3699;flt3_mut;0.17289650393098668;0.9999999999999284;rpgr_mut
2209;er_status_measured_by_ihc;0.2909038231489457;0.9999999999999295;map3k13_mut
5182;ldlrap1_mut;0.08945266619685223;0.9999999999999317;clk3_mut
5033;nf2_mut;0.08945266619685223;0.9999999999999317;clk3_mut
3551;tumor_size;0.17129079851739898;0.9999999999999335;foxp1_mut
2951;type_of_breast_surgery;0.2243428600422261;0.9999999999999364;ttyh1_mut
6971;tbl1xr1_mut;0.059509298327863724;0.9999999999999376;prkcz_mut
1759;gldc_mut;0.3593916092947478;0.9999999999999378;nrg3_mut
3490;tumor_size;0.6350564599420795;0.999999999999938;sf3b1_mut
1605;ptprm_mut;0.44109020307402985;0.9999999999999386;bcas3_mut
5176;ldlrap1_mut;0.12172206302118091;0.9999999999999485;fbxw7_mut
5325;clrn2_mut;0.12172206302118091;0.9999999999999485;fbxw7_mut
5027;nf2_mut;0.12172206302118091;0.9999999999999485;fbxw7_mut
3997;hdac9_mut;0.16370983921355073;0.9999999999999535;rpgr_mut
3848;taf4b_mut;0.16370983921355073;0.9999999999999535;rpgr_mut
3700;flt3_mut;0.1626399316638942;0.9999999999999559;foxp1_mut
3249;sik2_mut;0.21403173163203928;0.9999999999999571;ttyh1_mut
3100;stk11_mut;0.21403173163203928;0.9999999999999571;ttyh1_mut
1299;mutation_count;0.6132157440136319;0.9999999999999574;agmo_mut
1608;ptprm_mut;0.4208170474072275;0.9999999999999613;men1_mut
6973;tbl1xr1_mut;0.05522941225034417;0.9999999999999616;prkce_mut
2358;fam20c_mut;0.2712207783985692;0.9999999999999621;map3k13_mut
6076;magea8_mut;0.08195496077165387;0.9999999999999628;clk3_mut
5927;agtr2_mut;0.08195496077165387;0.9999999999999628;clk3_mut
5480;prr16_mut;0.08195496077165387;0.9999999999999628;clk3_mut
5629;dtwd2_mut;0.08195496077165387;0.9999999999999628;clk3_mut
3639;flt3_mut;0.6029835819651637;0.9999999999999645;sf3b1_mut
1143;fanca_mut;0.703565059524766;0.999999999999968;jak1_mut
4146;prkacg_mut;0.15453291128966803;0.9999999999999706;rpgr_mut
3849;taf4b_mut;0.1539982385822384;0.9999999999999714;foxp1_mut
5772;ctnna1_mut;0.11151961505532737;0.9999999999999731;fbxw7_mut
5921;agtr2_mut;0.11151961505532737;0.9999999999999731;fbxw7_mut
5623;dtwd2_mut;0.11151961505532737;0.9999999999999731;fbxw7_mut
1908;sbno1_mut;0.3280600330998209;0.9999999999999735;nrg3_mut
390;primary_tumor_laterality;2.0408939225401963;0.9999999999999747;brca2_mut
1292;mutation_count;0.6878999301502173;0.9999999999999751;jak1_mut
1441;myo3a_mut;0.6878999301502173;0.9999999999999751;jak1_mut
701;cellularity;0.7994447724229289;0.999999999999976;smarcc2_mut
1609;ptprm_mut;0.40056541313709904;0.9999999999999761;brip1_mut
2497;npnt_mut;0.32231739512721524;0.9999999999999776;dcaf4l2_mut
1757;gldc_mut;0.3976442086796708;0.9999999999999778;men1_mut
1599;ptprm_mut;0.48170121596827314;0.9999999999999782;smad4_mut
3937;hdac9_mut;0.5709447155237486;0.9999999999999802;sf3b1_mut
3788;taf4b_mut;0.5709447155237486;0.9999999999999802;sf3b1_mut
2507;npnt_mut;0.2515796570661914;0.9999999999999806;map3k13_mut
554;neoplasm_histologic_grade;1.0359808585738797;0.9999999999999808;erbb4_mut
2350;fam20c_mut;0.31692836930588686;0.9999999999999808;cdkn1b_mut
6374;nt5e_mut;0.0744651726700301;0.9999999999999809;clk3_mut
4874;ppp2r2a_mut;0.14597811193306584;0.9999999999999812;gps2_mut
3696;flt3_mut;0.19344229537954952;0.9999999999999817;ttyh1_mut
354;primary_tumor_laterality;12.04465888868062;0.9999999999999817;thada_mut
4295;large1_mut;0.14536570468773857;0.9999999999999819;rpgr_mut
4147;prkacg_mut;0.14536570468773855;0.9999999999999819;foxp1_mut
1903;sbno1_mut;0.3804644994868161;0.9999999999999856;bcas3_mut
2052;kdm3a_mut;0.3804644994868161;0.9999999999999856;bcas3_mut
2205;er_status_measured_by_ihc;0.30722804593926667;0.9999999999999857;nrg3_mut
1601;ptprm_mut;0.46138491446190266;0.999999999999986;prkcq_mut
1602;ptprm_mut;0.4613849144619026;0.999999999999986;smarcc1_mut
2656;nek1_mut;0.24177477584758025;0.9999999999999863;map3k13_mut
6517;braf_mut;0.10132794052977573;0.9999999999999869;fbxw7_mut
6368;nt5e_mut;0.10132794052977573;0.9999999999999869;fbxw7_mut
3845;taf4b_mut;0.18316395273282687;0.9999999999999885;ttyh1_mut
3994;hdac9_mut;0.18316395273282687;0.9999999999999885;ttyh1_mut
4296;large1_mut;0.13674231542660154;0.9999999999999889;foxp1_mut
4733;cancer_type_detailed;0.1362082039689239;0.9999999999999892;rpgr_mut
4587;oncotree_code;0.1362082039689239;0.9999999999999892;rpgr_mut
4441;tumor_other_histologic_subtype;0.1362082039689239;0.9999999999999892;rpgr_mut
4086;prkacg_mut;0.5389398065454404;0.9999999999999893;sf3b1_mut
5172;ldlrap1_mut;0.13467780598410845;0.9999999999999901;gps2_mut
2055;kdm3a_mut;0.36297779048708406;0.9999999999999909;men1_mut
6672;ccnd3_mut;0.06698328935795954;0.9999999999999909;clk3_mut
6821;nr3c1_mut;0.06698328935795954;0.9999999999999909;clk3_mut
1906;sbno1_mut;0.36297779048708406;0.9999999999999909;men1_mut
1750;gldc_mut;0.43597815330517875;0.9999999999999922;prkcq_mut
1751;gldc_mut;0.4359781533051788;0.9999999999999922;smarcc1_mut
2200;er_status_measured_by_ihc;0.3563048007467249;0.9999999999999925;bcas3_mut
4143;prkacg_mut;0.17289650393098666;0.9999999999999929;ttyh1_mut
4588;oncotree_code;0.12812805627585214;0.9999999999999933;foxp1_mut
844;ep300_mut;0.8294957644211377;0.9999999999999933;chd1_mut
4734;cancer_type_detailed;0.12812805627585214;0.9999999999999933;foxp1_mut
4442;tumor_other_histologic_subtype;0.12812805627585214;0.9999999999999933;foxp1_mut
6815;nr3c1_mut;0.0911470223889476;0.999999999999994;fbxw7_mut
6666;ccnd3_mut;0.0911470223889476;0.999999999999994;fbxw7_mut
853;ep300_mut;0.7094836112708455;0.999999999999994;zfp36l1_mut
4235;large1_mut;0.5069688010724058;0.9999999999999944;sf3b1_mut
1907;sbno1_mut;0.3455096448727022;0.9999999999999944;brip1_mut
2056;kdm3a_mut;0.3455096448727022;0.9999999999999944;brip1_mut
5470;prr16_mut;0.1233894390799993;0.9999999999999951;gps2_mut
5768;ctnna1_mut;0.1233894390799993;0.9999999999999951;gps2_mut
5619;dtwd2_mut;0.1233894390799993;0.9999999999999951;gps2_mut
5917;agtr2_mut;0.1233894390799993;0.9999999999999951;gps2_mut
6066;magea8_mut;0.1233894390799993;0.9999999999999951;gps2_mut
2943;type_of_breast_surgery;0.27215044341281824;0.9999999999999954;dcaf4l2_mut
2797;sik1_mut;0.27107490310843946;0.9999999999999956;cdkn1b_mut
2953;type_of_breast_surgery;0.21242265003161054;0.9999999999999957;map3k13_mut
4292;large1_mut;0.16263993166389423;0.9999999999999958;ttyh1_mut
699;cellularity;0.799444772422929;0.9999999999999958;egfr_mut
700;cellularity;0.799444772422929;0.9999999999999958;map3k10_mut
6970;tbl1xr1_mut;0.05950929832786372;0.999999999999996;clk3_mut
541;neoplasm_histologic_grade;1.3198182323162773;0.9999999999999961;aff2_mut
2349;fam20c_mut;0.3321966152235633;0.9999999999999962;bcas3_mut
2503;npnt_mut;0.26569718335720316;0.9999999999999963;nrg3_mut
1148;fanca_mut;0.6780762880555683;0.9999999999999964;smarcc2_mut
4882;ppp2r2a_mut;0.1179222585885727;0.9999999999999966;rpgr_mut
1901;sbno1_mut;0.39796980147857336;0.999999999999997;palld_mut
1899;sbno1_mut;0.39796980147857336;0.999999999999997;prkcq_mut
2047;kdm3a_mut;0.39796980147857336;0.999999999999997;casp8_mut
2050;kdm3a_mut;0.39796980147857336;0.999999999999997;palld_mut
3102;stk11_mut;0.20265939203759253;0.9999999999999971;map3k13_mut
3251;sik2_mut;0.20265939203759253;0.9999999999999971;map3k13_mut
1590;ptprm_mut;0.5631830136942497;0.9999999999999973;jak1_mut
1297;mutation_count;0.6629786753552174;0.9999999999999973;smarcc2_mut
1746;gldc_mut;0.4743937029219065;0.9999999999999973;agmo_mut
4438;tumor_other_histologic_subtype;0.15239421865806924;0.9999999999999976;ttyh1_mut
6964;tbl1xr1_mut;0.08097684361324692;0.9999999999999976;fbxw7_mut
4584;oncotree_code;0.15239421865806924;0.9999999999999976;ttyh1_mut
4730;cancer_type_detailed;0.15239421865806924;0.9999999999999976;ttyh1_mut
2194;er_status_measured_by_ihc;0.38910965280773857;0.9999999999999976;smad4_mut
6364;nt5e_mut;0.11211299230989662;0.9999999999999977;gps2_mut
2352;fam20c_mut;0.31692836930588686;0.9999999999999977;men1_mut
6513;braf_mut;0.11211299230989662;0.9999999999999977;gps2_mut
5076;ldlrap1_mut;175.17095301572743;0.9999999999999979;tp53_mut
4883;ppp2r2a_mut;0.1109268703672167;0.9999999999999979;foxp1_mut
3390;ptpn22_mut;0.24714685123669367;0.9999999999999981;dcaf4l2_mut
3539;tumor_size;0.24714685123669367;0.9999999999999981;dcaf4l2_mut
5031;nf2_mut;0.10879378321238788;0.9999999999999982;rpgr_mut
5180;ldlrap1_mut;0.10879378321238788;0.9999999999999982;rpgr_mut
2196;er_status_measured_by_ihc;0.3726985067208625;0.9999999999999984;prkcq_mut
2195;er_status_measured_by_ihc;0.3726985067208626;0.9999999999999984;casp8_mut
2026;kdm3a_mut;0.627244276066546;0.9999999999999986;usp28_mut
1877;sbno1_mut;0.627244276066546;0.9999999999999986;usp28_mut
2353;fam20c_mut;0.30167633171721003;0.9999999999999986;brip1_mut
1739;gldc_mut;0.5321706076359775;0.9999999999999986;jak1_mut
2647;nek1_mut;0.29613056439567254;0.9999999999999988;bcas3_mut
2343;fam20c_mut;0.3627818355033343;0.9999999999999988;smad4_mut
3094;stk11_mut;0.2368126476969638;0.9999999999999988;cdkn1b_mut
3243;sik2_mut;0.2368126476969638;0.9999999999999988;cdkn1b_mut
1002;myo1a_mut;0.6151857835218095;0.9999999999999989;zfp36l1_mut
5032;nf2_mut;0.10233991471673774;0.9999999999999989;foxp1_mut
5330;clrn2_mut;0.10233991471673774;0.9999999999999989;foxp1_mut
3698;flt3_mut;0.18316395273282682;0.9999999999999989;map3k13_mut
2501;npnt_mut;0.2939772200909771;0.9999999999999989;men1_mut
5181;ldlrap1_mut;0.10233991471673774;0.9999999999999989;foxp1_mut
6811;nr3c1_mut;0.1008484468028759;0.999999999999999;gps2_mut
3611;flt3_mut;24.476168264843654;0.999999999999999;pde4dip_mut
2106;er_status_measured_by_ihc;173.7062497922438;0.999999999999999;tp53_mut
6662;ccnd3_mut;0.1008484468028759;0.999999999999999;gps2_mut
5776;ctnna1_mut;0.0996749522898493;0.9999999999999991;rpgr_mut
5627;dtwd2_mut;0.0996749522898493;0.9999999999999991;rpgr_mut
1151;fanca_mut;0.6017726679339487;0.9999999999999991;zfp36l1_mut
5925;agtr2_mut;0.0996749522898493;0.9999999999999991;rpgr_mut
6074;magea8_mut;0.0996749522898493;0.9999999999999991;rpgr_mut
2949;type_of_breast_surgery;0.2243428600422261;0.9999999999999992;nrg3_mut
2796;sik1_mut;0.28413412621249456;0.9999999999999992;bcas3_mut
691;cellularity;0.9198412721317151;0.9999999999999992;ncoa3_mut
2344;fam20c_mut;0.3474810953208439;0.9999999999999992;casp8_mut
3541;tumor_size;0.22541614377382616;0.9999999999999992;cdkn1b_mut
3392;ptpn22_mut;0.22541614377382616;0.9999999999999992;cdkn1b_mut
4879;ppp2r2a_mut;0.13193530151899197;0.9999999999999992;ttyh1_mut
3847;taf4b_mut;0.17343173846695356;0.9999999999999993;map3k13_mut
924;myo1a_mut;44.09123660056795;0.9999999999999993;cdh1_mut
3986;hdac9_mut;0.22219628894853538;0.9999999999999993;dcaf4l2_mut
1440;myo3a_mut;0.6878999301502173;0.9999999999999993;chd1_mut
1449;myo3a_mut;0.5883739828093347;0.9999999999999993;zfp36l1_mut
2502;npnt_mut;0.2798296964064857;0.9999999999999993;brip1_mut
1300;mutation_count;0.5883739828093347;0.9999999999999993;zfp36l1_mut
1291;mutation_count;0.6878999301502173;0.9999999999999993;chd1_mut
3837;taf4b_mut;0.22219628894853538;0.9999999999999993;dcaf4l2_mut
6855;tbl1xr1_mut;149.54966406751882;0.9999999999999994;nottingham_prognostic_index
1888;sbno1_mut;0.48577624697027677;0.9999999999999994;jak1_mut
5926;agtr2_mut;0.0937620313912989;0.9999999999999994;foxp1_mut
6075;magea8_mut;0.0937620313912989;0.9999999999999994;foxp1_mut
5628;dtwd2_mut;0.0937620313912989;0.9999999999999994;foxp1_mut
4822;ppp2r2a_mut;0.41125866781865156;0.9999999999999994;sf3b1_mut
5479;prr16_mut;0.0937620313912989;0.9999999999999994;foxp1_mut
2799;sik1_mut;0.27107490310843946;0.9999999999999994;men1_mut
5777;ctnna1_mut;0.0937620313912989;0.9999999999999994;foxp1_mut
1829;sbno1_mut;19.89890071493845;0.9999999999999996;utrn_mut
4145;prkacg_mut;0.16370983921355067;0.9999999999999996;map3k13_mut
6521;braf_mut;0.0905657505446312;0.9999999999999996;rpgr_mut
342;primary_tumor_laterality;23.083164538489118;0.9999999999999996;tbx3_mut
6372;nt5e_mut;0.0905657505446312;0.9999999999999996;rpgr_mut
2192;er_status_measured_by_ihc;0.4055382668521314;0.9999999999999996;agmo_mut
3690;flt3_mut;0.2140317316320393;0.9999999999999996;cdkn1b_mut
702;cellularity;0.7694257836110873;0.9999999999999996;erbb4_mut
4135;prkacg_mut;0.20974084131978865;0.9999999999999996;dcaf4l2_mut
1295;mutation_count;0.6629786753552175;0.9999999999999996;egfr_mut
1296;mutation_count;0.6629786753552174;0.9999999999999996;map3k10_mut
1445;myo3a_mut;0.6629786753552174;0.9999999999999996;map3k10_mut
1444;myo3a_mut;0.6629786753552175;0.9999999999999996;egfr_mut
2944;type_of_breast_surgery;0.2601794956639386;0.9999999999999997;bcas3_mut
5028;nf2_mut;0.12172206302118091;0.9999999999999997;ttyh1_mut
2496;npnt_mut;0.32231739512721524;0.9999999999999997;palld_mut
3839;taf4b_mut;0.20265939203759256;0.9999999999999997;cdkn1b_mut
6960;tbl1xr1_mut;0.08959578372782456;0.9999999999999997;gps2_mut
3988;hdac9_mut;0.20265939203759256;0.9999999999999997;cdkn1b_mut
2493;npnt_mut;0.3223173951272152;0.9999999999999997;casp8_mut
2494;npnt_mut;0.32231739512721524;0.9999999999999997;prkcq_mut
2323;fam20c_mut;0.5476685096998944;0.9999999999999997;usp28_mut
5326;clrn2_mut;0.12172206302118091;0.9999999999999997;ttyh1_mut
3396;ptpn22_mut;0.20373154921804165;0.9999999999999997;nrg3_mut
5177;ldlrap1_mut;0.12172206302118091;0.9999999999999997;ttyh1_mut
4971;nf2_mut;0.3794227390689886;0.9999999999999998;sf3b1_mut
5120;ldlrap1_mut;0.3794227390689886;0.9999999999999998;sf3b1_mut
2642;nek1_mut;0.30975563313593063;0.9999999999999998;casp8_mut
3093;stk11_mut;0.2482212626763428;0.9999999999999998;bcas3_mut
2341;fam20c_mut;0.378098861731788;0.9999999999999998;agmo_mut
5624;dtwd2_mut;0.1115196150553274;0.9999999999999998;ttyh1_mut
2414;npnt_mut;37.217813320749194;0.9999999999999998;dnah2_mut
5475;prr16_mut;0.1115196150553274;0.9999999999999998;ttyh1_mut
5922;agtr2_mut;0.1115196150553274;0.9999999999999998;ttyh1_mut
6071;magea8_mut;0.1115196150553274;0.9999999999999998;ttyh1_mut
5773;ctnna1_mut;0.1115196150553274;0.9999999999999998;ttyh1_mut
3242;sik2_mut;0.2482212626763428;0.9999999999999998;bcas3_mut
1290;mutation_count;0.737822230310532;0.9999999999999998;pbrm1_mut
6373;nt5e_mut;0.08519320602079715;0.9999999999999998;foxp1_mut
6224;foxo1_mut;0.08519320602079715;0.9999999999999998;foxp1_mut
1439;myo3a_mut;0.737822230310532;0.9999999999999998;pbrm1_mut
4284;large1_mut;0.1972985880211571;0.9999999999999998;dcaf4l2_mut
6522;braf_mut;0.08519320602079715;0.9999999999999998;foxp1_mut
6670;ccnd3_mut;0.08146616273265347;0.9999999999999998;rpgr_mut
4294;large1_mut;0.15399823858223843;0.9999999999999998;map3k13_mut
6819;nr3c1_mut;0.08146616273265347;0.9999999999999998;rpgr_mut
4137;prkacg_mut;0.19129910579724702;0.9999999999999998;cdkn1b_mut
2793;sik1_mut;0.2972072347212325;0.9999999999999999;smarcc1_mut
5716;ctnna1_mut;0.3476204457432554;0.9999999999999999;sf3b1_mut
5567;dtwd2_mut;0.3476204457432554;0.9999999999999999;sf3b1_mut
2940;type_of_breast_surgery;0.27215044341281824;0.9999999999999999;prkcq_mut
2472;npnt_mut;0.5080077443542153;0.9999999999999999;usp28_mut
6968;tbl1xr1_mut;0.07237617364199643;0.9999999999999999;rpgr_mut
2939;type_of_breast_surgery;0.27215044341281824;0.9999999999999999;casp8_mut
2621;nek1_mut;0.48820902275003913;0.9999999999999999;usp28_mut
3992;hdac9_mut;0.18316395273282687;0.9999999999999999;nrg3_mut
2639;nek1_mut;0.33704927802062007;0.9999999999999999;agmo_mut
1436;myo3a_mut;0.762823360876669;0.9999999999999999;ncoa3_mut
3394;ptpn22_mut;0.22541614377382613;0.9999999999999999;men1_mut
3391;ptpn22_mut;0.23627572420359602;0.9999999999999999;bcas3_mut
6014;magea8_mut;0.3476204457432554;0.9999999999999999;sf3b1_mut
3246;sik2_mut;0.2254161437738261;0.9999999999999999;brip1_mut
1744;gldc_mut;0.5128911183875777;0.9999999999999999;smarcc2_mut
2794;sik1_mut;0.29720723472123256;0.9999999999999999;palld_mut
3245;sik2_mut;0.23681264769696378;0.9999999999999999;men1_mut
3097;stk11_mut;0.2254161437738261;0.9999999999999999;brip1_mut
3096;stk11_mut;0.23681264769696378;0.9999999999999999;men1_mut
6369;nt5e_mut;0.10132794052977571;0.9999999999999999;ttyh1_mut
1287;mutation_count;0.762823360876669;0.9999999999999999;ncoa3_mut
1149;fanca_mut;0.6526146611779245;0.9999999999999999;erbb4_mut
6518;braf_mut;0.10132794052977571;0.9999999999999999;ttyh1_mut
3540;tumor_size;0.23627572420359602;0.9999999999999999;bcas3_mut
3543;tumor_size;0.22541614377382613;0.9999999999999999;men1_mut
3843;taf4b_mut;0.18316395273282687;0.9999999999999999;nrg3_mut
6671;ccnd3_mut;0.07663342426546217;0.9999999999999999;foxp1_mut
689;cellularity;0.9802325682176032;0.9999999999999999;aff2_mut
687;cellularity;1.0104766584766587;0.9999999999999999;cacna2d3_mut
6820;nr3c1_mut;0.07663342426546217;0.9999999999999999;foxp1_mut
542;neoplasm_histologic_grade;1.319818232316277;0.9999999999999999;lifr_mut
149;3-gene_classifier_subtype;0.0;1.0;cancer_type
6955;tbl1xr1_mut;0.0982330522636985;1.0;smarcc1_mut
6956;tbl1xr1_mut;0.0982330522636985;1.0;palld_mut
6958;tbl1xr1_mut;0.09391212329104956;1.0;bcas3_mut
6959;tbl1xr1_mut;0.08959578372782455;1.0;cdkn1b_mut
6961;tbl1xr1_mut;0.08959578372782456;1.0;men1_mut
6962;tbl1xr1_mut;0.08528402626604674;1.0;brip1_mut
6963;tbl1xr1_mut;0.08097684361324692;1.0;nrg3_mut
6965;tbl1xr1_mut;0.08097684361324692;1.0;ttyh1_mut
6967;tbl1xr1_mut;0.07667422849242252;1.0;map3k13_mut
6969;tbl1xr1_mut;0.06808267181577629;1.0;foxp1_mut
2866;type_of_breast_surgery;21.251766035664403;1.0;pde4dip_mut
2868;type_of_breast_surgery;1.417495948088032;1.0;tg_mut
2871;type_of_breast_surgery;1.2467967250237675;1.0;tbx3_mut
2872;type_of_breast_surgery;1.1947680145755053;1.0;col6a3_mut
2873;type_of_breast_surgery;1.1817968081404644;1.0;arid1a_mut
5050;ldlrap1_mut;0.0;1.0;type_of_breast_surgery
2877;type_of_breast_surgery;1.0913985766270566;1.0;ncor2_mut
5051;ldlrap1_mut;0.0;1.0;cancer_type
5057;ldlrap1_mut;0.0;1.0;er_status_measured_by_ihc
5058;ldlrap1_mut;0.0;1.0;er_status
2840;type_of_breast_surgery;0.0;1.0;primary_tumor_laterality
2858;type_of_breast_surgery;2.2527503259087807;1.0;dnah11_mut
2860;type_of_breast_surgery;1.9034070598613524;1.0;dnah2_mut
2864;type_of_breast_surgery;1.6579835581474014;1.0;dnah5_mut
2882;type_of_breast_surgery;0.9380417832174951;1.0;atr_mut
2883;type_of_breast_surgery;0.9380417832174952;1.0;thada_mut
2884;type_of_breast_surgery;0.9253529347474752;1.0;ncor1_mut
2889;type_of_breast_surgery;0.7741625467818696;1.0;map2k4_mut
2890;type_of_breast_surgery;0.7242030331880286;1.0;ros1_mut
5019;nf2_mut;0.14766109970293795;1.0;palld_mut
5021;nf2_mut;0.14116600350937897;1.0;bcas3_mut
5022;nf2_mut;0.13467780598410842;1.0;cdkn1b_mut
5024;nf2_mut;0.13467780598410845;1.0;men1_mut
5025;nf2_mut;0.12819649614198567;1.0;brip1_mut
5026;nf2_mut;0.1217220630211809;1.0;nrg3_mut
5030;nf2_mut;0.1152544956831129;1.0;map3k13_mut
5070;ldlrap1_mut;0.0;1.0;pr_status
5071;ldlrap1_mut;0.0;1.0;radio_therapy
5075;ldlrap1_mut;25.50571778708435;1.0;pik3ca_mut
5078;ldlrap1_mut;2.3576084056966984;1.0;ahnak2_mut
5080;ldlrap1_mut;52.703510008283544;1.0;syne1_mut
5081;ldlrap1_mut;31.399969857784317;1.0;gata3_mut
5114;ldlrap1_mut;0.4472633309842611;1.0;nf1_mut
5096;ldlrap1_mut;0.6835533926363236;1.0;utrn_mut
5098;ldlrap1_mut;0.6482471853059104;1.0;col6a3_mut
2779;sik1_mut;0.38910965280773857;1.0;pbrm1_mut
2780;sik1_mut;0.36278183550333426;1.0;chd1_mut
2781;sik1_mut;0.36278183550333426;1.0;jak1_mut
2787;sik1_mut;0.33651009448711844;1.0;erbb4_mut
2788;sik1_mut;0.32339519663016775;1.0;agmo_mut
2789;sik1_mut;0.3102942507922136;1.0;zfp36l1_mut
5004;nf2_mut;0.19332086344570523;1.0;pbrm1_mut
5005;nf2_mut;0.18024044681455303;1.0;chd1_mut
5006;nf2_mut;0.180240446814553;1.0;jak1_mut
5007;nf2_mut;0.18024044681455303;1.0;setdb1_mut
5008;nf2_mut;0.180240446814553;1.0;arid5b_mut
5010;nf2_mut;0.17371069168221975;1.0;map3k10_mut
5011;nf2_mut;0.17371069168221975;1.0;smarcc2_mut
5012;nf2_mut;0.16718789049571425;1.0;erbb4_mut
5013;nf2_mut;0.16067203215240894;1.0;agmo_mut
5014;nf2_mut;0.15416310557329854;1.0;zfp36l1_mut
5015;nf2_mut;0.15416310557329854;1.0;smad4_mut
5016;nf2_mut;0.14766109970293795;1.0;casp8_mut
5017;nf2_mut;0.14766109970293795;1.0;prkcq_mut
2766;sik1_mut;0.5215962012601587;1.0;kdm6a_mut
2768;sik1_mut;0.48170121596827303;1.0;brca1_mut
2770;sik1_mut;0.46843136361565435;1.0;usp28_mut
2772;sik1_mut;0.44193423597678905;1.0;cacna2d3_mut
2774;sik1_mut;0.42870691517791143;1.0;aff2_mut
2775;sik1_mut;0.4287069151779114;1.0;lifr_mut
2776;sik1_mut;0.402294646204178;1.0;ncoa3_mut
2777;sik1_mut;0.4022946462041781;1.0;bap1_mut
5101;ldlrap1_mut;0.634179349903057;1.0;notch1_mut
5102;ldlrap1_mut;0.6131358245943181;1.0;cbfb_mut
5104;ldlrap1_mut;0.543491226563751;1.0;col12a1_mut
5105;ldlrap1_mut;0.5296539445866251;1.0;col22a1_mut
5110;ldlrap1_mut;0.5020702161814573;1.0;ncor1_mut
5112;ldlrap1_mut;0.467759850243769;1.0;myh9_mut
5113;ldlrap1_mut;0.4540880575605879;1.0;runx1_mut
5145;ldlrap1_mut;0.21956563521045547;1.0;brca2_mut
5146;ldlrap1_mut;0.21956563521045552;1.0;cacna2d3_mut
5115;ldlrap1_mut;0.42003860648956715;1.0;map2k4_mut
5117;ldlrap1_mut;0.3861737052888498;1.0;lamb3_mut
5118;ldlrap1_mut;0.38617370528884987;1.0;arid1b_mut
5119;ldlrap1_mut;0.3794227390689887;1.0;erbb2_mut
5121;ldlrap1_mut;0.3726790830453589;1.0;shank2_mut
5122;ldlrap1_mut;0.3524918576081367;1.0;ptprd_mut
5124;ldlrap1_mut;0.3524918576081367;1.0;setd2_mut
5125;ldlrap1_mut;0.3457773239537968;1.0;setd1a_mut
5126;ldlrap1_mut;0.3390700414157142;1.0;thsd7a_mut
5127;ldlrap1_mut;0.33236999825435926;1.0;afdn_mut
5128;ldlrap1_mut;0.32567718275553;1.0;erbb3_mut
5129;ldlrap1_mut;0.3189915832302844;1.0;rb1_mut
2765;sik1_mut;0.5215962012601588;1.0;taf1_mut
2756;sik1_mut;0.6017726679339487;1.0;alk_mut
2757;sik1_mut;0.6017726679339483;1.0;adgra2_mut
2758;sik1_mut;0.6017726679339485;1.0;ubr5_mut
2760;sik1_mut;0.5883739828093344;1.0;asxl2_mut
2762;sik1_mut;0.5616198109001107;1.0;ctcf_mut
5131;ldlrap1_mut;0.29897796398409704;1.0;adgra2_mut
5132;ldlrap1_mut;0.29897796398409715;1.0;ubr5_mut
5134;ldlrap1_mut;0.2923211119665827;1.0;asxl2_mut
5135;ldlrap1_mut;0.2790288701089345;1.0;apc_mut
5136;ldlrap1_mut;0.2790288701089345;1.0;ctcf_mut
5137;ldlrap1_mut;0.2723934572159787;1.0;asxl1_mut
5139;ldlrap1_mut;0.2591439900552587;1.0;taf1_mut
5141;ldlrap1_mut;0.245922924753404;1.0;ctnna3_mut
5142;ldlrap1_mut;0.23932301427599187;1.0;brca1_mut
5144;ldlrap1_mut;0.2327301700838875;1.0;usp28_mut
5148;ldlrap1_mut;0.21299392191714422;1.0;aff2_mut
5149;ldlrap1_mut;0.21299392191714417;1.0;lifr_mut
5150;ldlrap1_mut;0.19987154726846051;1.0;ncoa3_mut
5151;ldlrap1_mut;0.1998715472684606;1.0;bap1_mut
5152;ldlrap1_mut;0.19332086344570523;1.0;l1cam_mut
5154;ldlrap1_mut;0.18024044681455303;1.0;chd1_mut
5155;ldlrap1_mut;0.180240446814553;1.0;jak1_mut
5156;ldlrap1_mut;0.18024044681455303;1.0;setdb1_mut
5157;ldlrap1_mut;0.180240446814553;1.0;arid5b_mut
5158;ldlrap1_mut;0.17371069168221975;1.0;egfr_mut
5159;ldlrap1_mut;0.17371069168221975;1.0;map3k10_mut
5161;ldlrap1_mut;0.16718789049571425;1.0;erbb4_mut
5162;ldlrap1_mut;0.16067203215240894;1.0;agmo_mut
2753;sik1_mut;0.6689830177630294;1.0;afdn_mut
5164;ldlrap1_mut;0.15416310557329854;1.0;smad4_mut
5165;ldlrap1_mut;0.14766109970293795;1.0;casp8_mut
5166;ldlrap1_mut;0.14766109970293795;1.0;prkcq_mut
5167;ldlrap1_mut;0.14766109970293795;1.0;smarcc1_mut
5168;ldlrap1_mut;0.14766109970293795;1.0;palld_mut
5169;ldlrap1_mut;0.14766109970293792;1.0;dcaf4l2_mut
5170;ldlrap1_mut;0.14116600350937897;1.0;bcas3_mut
5171;ldlrap1_mut;0.13467780598410842;1.0;cdkn1b_mut
5174;ldlrap1_mut;0.12819649614198567;1.0;brip1_mut
5175;ldlrap1_mut;0.1217220630211809;1.0;nrg3_mut
5018;nf2_mut;0.14766109970293795;1.0;smarcc1_mut
4987;nf2_mut;0.2790288701089345;1.0;ctcf_mut
4988;nf2_mut;0.2723934572159787;1.0;asxl1_mut
4990;nf2_mut;0.2591439900552587;1.0;taf1_mut
4991;nf2_mut;0.2591439900552587;1.0;kdm6a_mut
4992;nf2_mut;0.245922924753404;1.0;ctnna3_mut
4993;nf2_mut;0.23932301427599187;1.0;brca1_mut
4994;nf2_mut;0.23273017008388747;1.0;foxo3_mut
4995;nf2_mut;0.2327301700838875;1.0;usp28_mut
4996;nf2_mut;0.21956563521045547;1.0;brca2_mut
4997;nf2_mut;0.21956563521045552;1.0;cacna2d3_mut
4998;nf2_mut;0.21956563521045547;1.0;arid2_mut
4999;nf2_mut;0.21299392191714422;1.0;aff2_mut
5001;nf2_mut;0.19987154726846051;1.0;ncoa3_mut
5002;nf2_mut;0.1998715472684606;1.0;bap1_mut
2891;type_of_breast_surgery;0.7117470026985073;1.0;lamb3_mut
2736;sik1_mut;1.010549839377997;1.0;ncor1_mut
2739;sik1_mut;0.913972983941098;1.0;runx1_mut
2745;sik1_mut;0.7636891726792834;1.0;erbb2_mut
5179;ldlrap1_mut;0.1152544956831129;1.0;map3k13_mut
2895;type_of_breast_surgery;0.6868754052727605;1.0;shank2_mut
2899;type_of_breast_surgery;0.6372934525439619;1.0;setd1a_mut
2900;type_of_breast_surgery;0.6249314295026429;1.0;thsd7a_mut
2901;type_of_breast_surgery;0.6125827491737271;1.0;afdn_mut
2902;type_of_breast_surgery;0.6002473899670643;1.0;erbb3_mut
2904;type_of_breast_surgery;0.551038734186772;1.0;alk_mut
2905;type_of_breast_surgery;0.5510387341867719;1.0;adgra2_mut
2906;type_of_breast_surgery;0.5510387341867719;1.0;ubr5_mut
4972;nf2_mut;0.3726790830453589;1.0;shank2_mut
4975;nf2_mut;0.3524918576081367;1.0;setd2_mut
4977;nf2_mut;0.3390700414157142;1.0;thsd7a_mut
4978;nf2_mut;0.33236999825435926;1.0;afdn_mut
4979;nf2_mut;0.32567718275553;1.0;erbb3_mut
4981;nf2_mut;0.29897796398409715;1.0;alk_mut
5199;clrn2_mut;0.0;1.0;type_of_breast_surgery
5200;clrn2_mut;0.0;1.0;cancer_type
2677;sik1_mut;0.0;1.0;cancer_type
2683;sik1_mut;0.0;1.0;er_status_measured_by_ihc
2689;sik1_mut;0.0;1.0;hormone_therapy
2707;sik1_mut;4.371104134236335;1.0;gata3_mut
2713;sik1_mut;1.9290780141843973;1.0;kmt2d_mut
2735;sik1_mut;1.0244069454634381;1.0;thada_mut
5213;clrn2_mut;0.0;1.0;inferred_menopausal_state
5219;clrn2_mut;0.0;1.0;pr_status
5225;clrn2_mut;48.65093410994225;1.0;tp53_mut
4982;nf2_mut;0.29897796398409704;1.0;adgra2_mut
4983;nf2_mut;0.29897796398409715;1.0;ubr5_mut
4984;nf2_mut;0.2923211119665827;1.0;pik3r1_mut
4985;nf2_mut;0.2923211119665827;1.0;asxl2_mut
4986;nf2_mut;0.2790288701089345;1.0;apc_mut
4957;nf2_mut;0.5227466767065363;1.0;pten_mut
4960;nf2_mut;0.5089548249131247;1.0;thada_mut
4964;nf2_mut;0.4540880575605879;1.0;runx1_mut
4967;nf2_mut;0.3929319935978868;1.0;ros1_mut
4969;nf2_mut;0.38617370528884987;1.0;arid1b_mut
4970;nf2_mut;0.3794227390689887;1.0;erbb2_mut
2909;type_of_breast_surgery;0.5142710631161129;1.0;apc_mut
2913;type_of_breast_surgery;0.47762174291799875;1.0;taf1_mut
2914;type_of_breast_surgery;0.4776217429179988;1.0;kdm6a_mut
2915;type_of_breast_surgery;0.4532543313822039;1.0;ctnna3_mut
2625;nek1_mut;0.4468073668033049;1.0;aff2_mut
2626;nek1_mut;0.4468073668033048;1.0;lifr_mut
2627;nek1_mut;0.41927994437636085;1.0;ncoa3_mut
2628;nek1_mut;0.4192799443763609;1.0;bap1_mut
2630;nek1_mut;0.4055382668521313;1.0;pbrm1_mut
2631;nek1_mut;0.3780988617317881;1.0;chd1_mut
2634;nek1_mut;0.37809886173178797;1.0;arid5b_mut
5235;clrn2_mut;1.0327346011894287;1.0;dnah2_mut
5239;clrn2_mut;0.89957478082839;1.0;dnah5_mut
5240;clrn2_mut;0.8703502656991032;1.0;herc2_mut
2638;nek1_mut;0.3507179004988152;1.0;erbb4_mut
2640;nek1_mut;0.32339519663016764;1.0;zfp36l1_mut
2606;nek1_mut;0.6691636458573911;1.0;rb1_mut
2607;nek1_mut;0.6271801355529444;1.0;alk_mut
2615;nek1_mut;0.5575080908090293;1.0;fancd2_mut
2616;nek1_mut;0.5436185351079357;1.0;taf1_mut
2617;nek1_mut;0.5436185351079355;1.0;kdm6a_mut
5244;clrn2_mut;0.7190560730181027;1.0;birc6_mut
5249;clrn2_mut;0.6341793499030568;1.0;lama2_mut
5250;clrn2_mut;0.634179349903057;1.0;notch1_mut
5253;clrn2_mut;0.543491226563751;1.0;col12a1_mut
5254;clrn2_mut;0.5296539445866251;1.0;col22a1_mut
5257;clrn2_mut;0.5089548249131247;1.0;atr_mut
2619;nek1_mut;0.5020391420637936;1.0;brca1_mut
2623;nek1_mut;0.4605931588369056;1.0;cacna2d3_mut
2624;nek1_mut;0.46059315883690555;1.0;arid2_mut
2590;nek1_mut;0.9525618734528917;1.0;runx1_mut
2594;nek1_mut;0.8100947427781886;1.0;lamb3_mut
2598;nek1_mut;0.7817864390653484;1.0;shank2_mut
2600;nek1_mut;0.7394387468895185;1.0;usp9x_mut
5259;clrn2_mut;0.5020702161814573;1.0;ncor1_mut
5260;clrn2_mut;0.49519313572615026;1.0;stab2_mut
5261;clrn2_mut;0.467759850243769;1.0;myh9_mut
5262;clrn2_mut;0.4540880575605879;1.0;runx1_mut
5267;clrn2_mut;0.38617370528884987;1.0;arid1b_mut
5268;clrn2_mut;0.3794227390689887;1.0;erbb2_mut
5270;clrn2_mut;0.3726790830453589;1.0;shank2_mut
5272;clrn2_mut;0.3524918576081366;1.0;usp9x_mut
5273;clrn2_mut;0.3524918576081367;1.0;setd2_mut
2603;nek1_mut;0.7112831718539684;1.0;thsd7a_mut
2604;nek1_mut;0.6972281762210037;1.0;afdn_mut
2528;nek1_mut;0.0;1.0;cancer_type
5275;clrn2_mut;0.3390700414157142;1.0;thsd7a_mut
5276;clrn2_mut;0.33236999825435926;1.0;afdn_mut
5277;clrn2_mut;0.32567718275553;1.0;erbb3_mut
5278;clrn2_mut;0.3189915832302844;1.0;rb1_mut
5280;clrn2_mut;0.29897796398409704;1.0;adgra2_mut
5281;clrn2_mut;0.29897796398409715;1.0;ubr5_mut
5283;clrn2_mut;0.2923211119665827;1.0;asxl2_mut
5286;clrn2_mut;0.2723934572159787;1.0;asxl1_mut
5287;clrn2_mut;0.2657651676863001;1.0;fancd2_mut
5288;clrn2_mut;0.2591439900552587;1.0;taf1_mut
2562;nek1_mut;2.5157109021923363;1.0;cdh1_mut
2578;nek1_mut;1.3303478468340693;1.0;notch1_mut
2585;nek1_mut;1.0676584716334399;1.0;atr_mut
2587;nek1_mut;1.0532163041237772;1.0;ncor1_mut
5322;clrn2_mut;0.13467780598410845;1.0;men1_mut
5291;clrn2_mut;0.23932301427599187;1.0;brca1_mut
5292;clrn2_mut;0.23273017008388747;1.0;foxo3_mut
5293;clrn2_mut;0.2327301700838875;1.0;usp28_mut
5294;clrn2_mut;0.21956563521045547;1.0;brca2_mut
5295;clrn2_mut;0.21956563521045552;1.0;cacna2d3_mut
5296;clrn2_mut;0.21956563521045547;1.0;arid2_mut
5297;clrn2_mut;0.21299392191714422;1.0;aff2_mut
5300;clrn2_mut;0.1998715472684606;1.0;bap1_mut
5301;clrn2_mut;0.19332086344570523;1.0;l1cam_mut
5302;clrn2_mut;0.19332086344570523;1.0;pbrm1_mut
5303;clrn2_mut;0.18024044681455303;1.0;chd1_mut
5304;clrn2_mut;0.180240446814553;1.0;jak1_mut
5305;clrn2_mut;0.18024044681455303;1.0;setdb1_mut
5306;clrn2_mut;0.180240446814553;1.0;arid5b_mut
5307;clrn2_mut;0.17371069168221975;1.0;egfr_mut
5308;clrn2_mut;0.17371069168221975;1.0;map3k10_mut
5309;clrn2_mut;0.17371069168221975;1.0;smarcc2_mut
5311;clrn2_mut;0.16067203215240894;1.0;agmo_mut
5312;clrn2_mut;0.15416310557329854;1.0;zfp36l1_mut
5313;clrn2_mut;0.15416310557329854;1.0;smad4_mut
5314;clrn2_mut;0.14766109970293795;1.0;casp8_mut
5315;clrn2_mut;0.14766109970293795;1.0;prkcq_mut
5316;clrn2_mut;0.14766109970293795;1.0;smarcc1_mut
5317;clrn2_mut;0.14766109970293795;1.0;palld_mut
5318;clrn2_mut;0.14766109970293792;1.0;dcaf4l2_mut
5319;clrn2_mut;0.14116600350937897;1.0;bcas3_mut
5320;clrn2_mut;0.13467780598410842;1.0;cdkn1b_mut
2916;type_of_breast_surgery;0.4410902030740298;1.0;brca1_mut
2917;type_of_breast_surgery;0.4289390984578345;1.0;foxo3_mut
2918;type_of_breast_surgery;0.42893909845783446;1.0;usp28_mut
2919;type_of_breast_surgery;0.40467587672688626;1.0;brca2_mut
2920;type_of_breast_surgery;0.4046758767268863;1.0;cacna2d3_mut
2921;type_of_breast_surgery;0.4046758767268863;1.0;arid2_mut
2922;type_of_breast_surgery;0.3925637179365573;1.0;aff2_mut
4940;nf2_mut;0.9215798990602784;1.0;ryr2_mut
4947;nf2_mut;0.6835533926363236;1.0;utrn_mut
4950;nf2_mut;0.641209377163277;1.0;arid1a_mut
4952;nf2_mut;0.634179349903057;1.0;notch1_mut
4954;nf2_mut;0.5921618646585012;1.0;ncor2_mut
2923;type_of_breast_surgery;0.39256371793655725;1.0;lifr_mut
2924;type_of_breast_surgery;0.3683782006510097;1.0;ncoa3_mut
2927;type_of_breast_surgery;0.3563048007467249;1.0;pbrm1_mut
2929;type_of_breast_surgery;0.33219661522356336;1.0;jak1_mut
5323;clrn2_mut;0.12819649614198567;1.0;brip1_mut
5328;clrn2_mut;0.1152544956831129;1.0;map3k13_mut
2930;type_of_breast_surgery;0.3321966152235634;1.0;setdb1_mut
2931;type_of_breast_surgery;0.33219661522356336;1.0;arid5b_mut
2932;type_of_breast_surgery;0.3201617884600032;1.0;egfr_mut
2933;type_of_breast_surgery;0.3201617884600032;1.0;map3k10_mut
2935;type_of_breast_surgery;0.30813977833836387;1.0;erbb4_mut
2936;type_of_breast_surgery;0.29613056439567254;1.0;agmo_mut
2937;type_of_breast_surgery;0.2841341262124946;1.0;zfp36l1_mut
4932;nf2_mut;1.6592026794577435;1.0;gata3_mut
4935;nf2_mut;1.2222783336614427;1.0;dnah11_mut
4917;nf2_mut;0.0;1.0;primary_tumor_laterality
4922;nf2_mut;0.0;1.0;radio_therapy
4901;nf2_mut;0.0;1.0;type_of_breast_surgery
4902;nf2_mut;0.0;1.0;cancer_type
2974;stk11_mut;0.0;1.0;cancer_type
2986;stk11_mut;0.0;1.0;hormone_therapy
3004;stk11_mut;2.2259495056230563;1.0;gata3_mut
3008;stk11_mut;8.272852931558084;1.0;cdh1_mut
3010;stk11_mut;1.6852540272614616;1.0;kmt2d_mut
4875;ppp2r2a_mut;0.14597811193306587;1.0;men1_mut
4876;ppp2r2a_mut;0.13895297986551564;1.0;brip1_mut
4877;ppp2r2a_mut;0.13193530151899197;1.0;nrg3_mut
4881;ppp2r2a_mut;0.12492506503709873;1.0;map3k13_mut
5349;prr16_mut;0.0;1.0;cancer_type
2484;npnt_mut;0.393432200022253;1.0;setdb1_mut
2485;npnt_mut;0.39343220002225304;1.0;arid5b_mut
2486;npnt_mut;0.379178929057142;1.0;egfr_mut
2487;npnt_mut;0.379178929057142;1.0;map3k10_mut
2488;npnt_mut;0.379178929057142;1.0;smarcc2_mut
2489;npnt_mut;0.3649408372943369;1.0;erbb4_mut
5355;prr16_mut;0.0;1.0;er_status_measured_by_ihc
5359;prr16_mut;0.0;1.0;her2_status
5368;prr16_mut;0.0;1.0;pr_status
2491;npnt_mut;0.3365100944871185;1.0;zfp36l1_mut
2471;npnt_mut;0.5080077443542154;1.0;foxo3_mut
2473;npnt_mut;0.47927195275438095;1.0;brca2_mut
2474;npnt_mut;0.47927195275438095;1.0;cacna2d3_mut
5373;prr16_mut;6.271312136345706;1.0;pik3ca_mut
5379;prr16_mut;1.5201323368935795;1.0;gata3_mut
5382;prr16_mut;1.1198299295721936;1.0;dnah11_mut
5383;prr16_mut;1.0987264371349899;1.0;cdh1_mut
2475;npnt_mut;0.47927195275438095;1.0;arid2_mut
2476;npnt_mut;0.4649270947350087;1.0;aff2_mut
2478;npnt_mut;0.4362833312579923;1.0;ncoa3_mut
2479;npnt_mut;0.43628333125799224;1.0;bap1_mut
2482;npnt_mut;0.393432200022253;1.0;chd1_mut
2483;npnt_mut;0.39343220002225304;1.0;jak1_mut
2457;npnt_mut;0.6963007615488176;1.0;rb1_mut
2458;npnt_mut;0.6526146611779244;1.0;alk_mut
5387;prr16_mut;0.8443353081194979;1.0;ryr2_mut
5388;prr16_mut;0.8241746055027493;1.0;dnah5_mut
5389;prr16_mut;0.7973996183187941;1.0;herc2_mut
5390;prr16_mut;0.7309868561547852;1.0;pde4dip_mut
5391;prr16_mut;0.7243864607656814;1.0;akap9_mut
5397;prr16_mut;0.587464763053448;1.0;arid1a_mut
5400;prr16_mut;0.5617442675408063;1.0;cbfb_mut
5401;prr16_mut;0.5425282940338406;1.0;ncor2_mut
2460;npnt_mut;0.6526146611779244;1.0;ubr5_mut
2461;npnt_mut;0.6380839607676669;1.0;pik3r1_mut
2462;npnt_mut;0.6380839607676669;1.0;asxl2_mut
2463;npnt_mut;0.6090694079871632;1.0;apc_mut
2467;npnt_mut;0.5656643219204067;1.0;taf1_mut
2470;npnt_mut;0.5223987272925363;1.0;brca1_mut
5433;prr16_mut;0.25564134727536303;1.0;apc_mut
5434;prr16_mut;0.2556413472753631;1.0;ctcf_mut
5403;prr16_mut;0.4852596361479505;1.0;col22a1_mut
5406;prr16_mut;0.46629546645940995;1.0;atr_mut
5407;prr16_mut;0.46629546645941;1.0;thada_mut
5408;prr16_mut;0.459987908926241;1.0;ncor1_mut
5409;prr16_mut;0.45368724866757537;1.0;stab2_mut
5410;prr16_mut;0.4285533546079117;1.0;myh9_mut
5412;prr16_mut;0.40977480385826925;1.0;nf1_mut
5413;prr16_mut;0.3848319897103747;1.0;map2k4_mut
5415;prr16_mut;0.3538055623556764;1.0;lamb3_mut
5416;prr16_mut;0.3538055623556765;1.0;arid1b_mut
2443;npnt_mut;0.9168680835301202;1.0;map2k4_mut
2444;npnt_mut;0.8576992646905949;1.0;ros1_mut
2454;npnt_mut;0.7401283935623809;1.0;thsd7a_mut
5444;prr16_mut;0.20116217643951403;1.0;cacna2d3_mut
5445;prr16_mut;0.20116217643951403;1.0;arid2_mut
5446;prr16_mut;0.19514128820829393;1.0;aff2_mut
5447;prr16_mut;0.1951412882082939;1.0;lifr_mut
5448;prr16_mut;0.18311879916143692;1.0;ncoa3_mut
5449;prr16_mut;0.18311879916143695;1.0;bap1_mut
5450;prr16_mut;0.17711717776157856;1.0;l1cam_mut
5421;prr16_mut;0.32294684541911167;1.0;usp9x_mut
5422;prr16_mut;0.32294684541911167;1.0;setd2_mut
5423;prr16_mut;0.31679510768297314;1.0;setd1a_mut
5424;prr16_mut;0.31065001329212205;1.0;thsd7a_mut
5425;prr16_mut;0.3045115514910075;1.0;afdn_mut
5426;prr16_mut;0.2983797115472834;1.0;erbb3_mut
5428;prr16_mut;0.2739183565080573;1.0;alk_mut
5430;prr16_mut;0.2739183565080572;1.0;ubr5_mut
5432;prr16_mut;0.26781946567390913;1.0;asxl2_mut
4859;ppp2r2a_mut;0.19536374184076977;1.0;arid5b_mut
4860;ppp2r2a_mut;0.18828609962171147;1.0;egfr_mut
4861;ppp2r2a_mut;0.18828609962171147;1.0;map3k10_mut
4862;ppp2r2a_mut;0.18828609962171147;1.0;smarcc2_mut
4865;ppp2r2a_mut;0.1670983494042328;1.0;zfp36l1_mut
4866;ppp2r2a_mut;0.16709834940423282;1.0;smad4_mut
4867;ppp2r2a_mut;0.1600507847828954;1.0;casp8_mut
4868;ppp2r2a_mut;0.16005078478289542;1.0;prkcq_mut
4869;ppp2r2a_mut;0.1600507847828954;1.0;smarcc1_mut
4870;ppp2r2a_mut;0.16005078478289542;1.0;palld_mut
4871;ppp2r2a_mut;0.16005078478289536;1.0;dcaf4l2_mut
4872;ppp2r2a_mut;0.15301070960323837;1.0;bcas3_mut
3020;stk11_mut;1.1894921104231482;1.0;tbx3_mut
2429;npnt_mut;1.3842984815597792;1.0;notch1_mut
2430;npnt_mut;1.3383642830779068;1.0;cbfb_mut
2437;npnt_mut;1.1109560590666685;1.0;thada_mut
2438;npnt_mut;1.0959282070641754;1.0;ncor1_mut
2439;npnt_mut;1.0809167879233579;1.0;stab2_mut
2440;npnt_mut;1.0210349020762997;1.0;myh9_mut
2441;npnt_mut;0.9911918586936652;1.0;runx1_mut
2442;npnt_mut;0.9762947185737387;1.0;nf1_mut
5436;prr16_mut;0.2434893762056383;1.0;fancd2_mut
5437;prr16_mut;0.23742316961745208;1.0;taf1_mut
5438;prr16_mut;0.2374231696174521;1.0;kdm6a_mut
5439;prr16_mut;0.22531026192850181;1.0;ctnna3_mut
5442;prr16_mut;0.2132232919433821;1.0;usp28_mut
5443;prr16_mut;0.20116217643951403;1.0;brca2_mut
2418;npnt_mut;1.9636085648966168;1.0;dnah5_mut
5452;prr16_mut;0.16513312991303392;1.0;chd1_mut
5453;prr16_mut;0.1651331299130339;1.0;jak1_mut
5454;prr16_mut;0.1651331299130339;1.0;setdb1_mut
5455;prr16_mut;0.1651331299130339;1.0;arid5b_mut
5457;prr16_mut;0.15915068301154944;1.0;map3k10_mut
5459;prr16_mut;0.1531746071930272;1.0;erbb4_mut
5460;prr16_mut;0.1472048922854347;1.0;agmo_mut
5461;prr16_mut;0.14124152813838217;1.0;zfp36l1_mut
5462;prr16_mut;0.1412415281383822;1.0;smad4_mut
5463;prr16_mut;0.135284504623065;1.0;casp8_mut
5464;prr16_mut;0.135284504623065;1.0;prkcq_mut
5465;prr16_mut;0.135284504623065;1.0;smarcc1_mut
2427;npnt_mut;1.399643755831378;1.0;arid1a_mut
2379;npnt_mut;0.0;1.0;cancer_type
2391;npnt_mut;0.0;1.0;hormone_therapy
5468;prr16_mut;0.12933381163220617;1.0;bcas3_mut
5469;prr16_mut;0.12338943907999929;1.0;cdkn1b_mut
5471;prr16_mut;0.1233894390799993;1.0;men1_mut
5472;prr16_mut;0.11745137690205174;1.0;brip1_mut
5473;prr16_mut;0.11151961505532737;1.0;nrg3_mut
5477;prr16_mut;0.10559414351809063;1.0;map3k13_mut
2409;npnt_mut;3.621738472128386;1.0;gata3_mut
3022;stk11_mut;1.1274796854952789;1.0;arid1a_mut
3025;stk11_mut;1.0781161525394518;1.0;cbfb_mut
3028;stk11_mut;0.9313245940129136;1.0;col22a1_mut
3033;stk11_mut;0.8828223503859828;1.0;ncor1_mut
4845;ppp2r2a_mut;0.25225767950746075;1.0;foxo3_mut
4846;ppp2r2a_mut;0.2522576795074607;1.0;usp28_mut
4847;ppp2r2a_mut;0.23798855824239226;1.0;brca2_mut
4848;ppp2r2a_mut;0.23798855824239226;1.0;cacna2d3_mut
4853;ppp2r2a_mut;0.21664201377644354;1.0;bap1_mut
4854;ppp2r2a_mut;0.20954168681960894;1.0;l1cam_mut
4857;ppp2r2a_mut;0.19536374184076977;1.0;jak1_mut
4858;ppp2r2a_mut;0.19536374184076977;1.0;setdb1_mut
3042;stk11_mut;0.6671634036417531;1.0;erbb2_mut
3045;stk11_mut;0.6198091027830803;1.0;ptprd_mut
3048;stk11_mut;0.6080025064317692;1.0;setd1a_mut
2378;npnt_mut;0.0;1.0;type_of_breast_surgery
5498;dtwd2_mut;0.0;1.0;cancer_type
3049;stk11_mut;0.5962086601845085;1.0;thsd7a_mut
4827;ppp2r2a_mut;0.374790193018138;1.0;setd1a_mut
4828;ppp2r2a_mut;0.36752012773933135;1.0;thsd7a_mut
4830;ppp2r2a_mut;0.3530035249010671;1.0;erbb3_mut
4831;ppp2r2a_mut;0.34575696197479633;1.0;rb1_mut
4833;ppp2r2a_mut;0.3240640755399634;1.0;adgra2_mut
4834;ppp2r2a_mut;0.3240640755399635;1.0;ubr5_mut
4835;ppp2r2a_mut;0.3168486722162026;1.0;pik3r1_mut
4838;ppp2r2a_mut;0.3024411285562909;1.0;ctcf_mut
4839;ppp2r2a_mut;0.29524896323304306;1.0;asxl1_mut
4840;ppp2r2a_mut;0.2880645189675762;1.0;fancd2_mut
4842;ppp2r2a_mut;0.28088778333329545;1.0;kdm6a_mut
3051;stk11_mut;0.5726591354771958;1.0;erbb3_mut
3052;stk11_mut;0.5609034158658902;1.0;rb1_mut
3053;stk11_mut;0.5257121820240815;1.0;alk_mut
3054;stk11_mut;0.5257121820240815;1.0;adgra2_mut
5501;dtwd2_mut;0.0;1.0;chemotherapy
5508;dtwd2_mut;0.0;1.0;her2_status
5511;dtwd2_mut;0.0;1.0;inferred_menopausal_state
5513;dtwd2_mut;0.0;1.0;primary_tumor_laterality
2330;fam20c_mut;0.47034448685563107;1.0;bap1_mut
5525;dtwd2_mut;2.1599993898291823;1.0;ahnak2_mut
5528;dtwd2_mut;1.5201323368935795;1.0;gata3_mut
2331;fam20c_mut;0.4549291960687491;1.0;l1cam_mut
2335;fam20c_mut;0.42414791713076405;1.0;setdb1_mut
2336;fam20c_mut;0.42414791713076405;1.0;arid5b_mut
2337;fam20c_mut;0.40878187644621855;1.0;egfr_mut
2338;fam20c_mut;0.40878187644621866;1.0;map3k10_mut
2340;fam20c_mut;0.39343220002225293;1.0;erbb4_mut
2314;fam20c_mut;0.6566201769230153;1.0;apc_mut
5532;dtwd2_mut;1.0987264371349899;1.0;cdh1_mut
5536;dtwd2_mut;0.8443353081194979;1.0;ryr2_mut
5537;dtwd2_mut;0.8241746055027493;1.0;dnah5_mut
5539;dtwd2_mut;0.7309868561547852;1.0;pde4dip_mut
5543;dtwd2_mut;0.6262596058966001;1.0;utrn_mut
5546;dtwd2_mut;0.587464763053448;1.0;arid1a_mut
2315;fam20c_mut;0.6566201769230152;1.0;ctcf_mut
2316;fam20c_mut;0.641005498821681;1.0;asxl1_mut
2320;fam20c_mut;0.5787141463102493;1.0;ctnna3_mut
2321;fam20c_mut;0.5631830136942496;1.0;brca1_mut
2325;fam20c_mut;0.5166892808683852;1.0;cacna2d3_mut
2326;fam20c_mut;0.5166892808683853;1.0;arid2_mut
2327;fam20c_mut;0.5012245028199461;1.0;aff2_mut
2329;fam20c_mut;0.4703444868556311;1.0;ncoa3_mut
5576;dtwd2_mut;0.2922544827517468;1.0;rb1_mut
5577;dtwd2_mut;0.2739183565080573;1.0;alk_mut
5578;dtwd2_mut;0.2739183565080572;1.0;adgra2_mut
5547;dtwd2_mut;0.581023975619934;1.0;lama2_mut
5548;dtwd2_mut;0.581023975619934;1.0;notch1_mut
5549;dtwd2_mut;0.5617442675408063;1.0;cbfb_mut
5550;dtwd2_mut;0.5425282940338406;1.0;ncor2_mut
5553;dtwd2_mut;0.4789313187011992;1.0;pten_mut
5555;dtwd2_mut;0.46629546645940995;1.0;atr_mut
5556;dtwd2_mut;0.46629546645941;1.0;thada_mut
5560;dtwd2_mut;0.41602749841305503;1.0;runx1_mut
2301;fam20c_mut;0.8294957644211375;1.0;ptprd_mut
2306;fam20c_mut;0.782144324250308;1.0;afdn_mut
2307;fam20c_mut;0.766394564394854;1.0;erbb3_mut
3055;stk11_mut;0.5257121820240815;1.0;ubr5_mut
3057;stk11_mut;0.5140070110044372;1.0;asxl2_mut
3059;stk11_mut;0.49063440729191843;1.0;ctcf_mut
3060;stk11_mut;0.478966934063784;1.0;asxl1_mut
3062;stk11_mut;0.4556695438518117;1.0;taf1_mut
3065;stk11_mut;0.42081704740722736;1.0;brca1_mut
4811;ppp2r2a_mut;0.5516593016729779;1.0;thada_mut
4815;ppp2r2a_mut;0.4921888711334489;1.0;runx1_mut
4816;ppp2r2a_mut;0.48479150753079897;1.0;nf1_mut
4818;ppp2r2a_mut;0.4259014328632832;1.0;ros1_mut
4821;ppp2r2a_mut;0.41125866781865167;1.0;erbb2_mut
4826;ppp2r2a_mut;0.38206811782697564;1.0;setd2_mut
3070;stk11_mut;0.38607637715444415;1.0;arid2_mut
3071;stk11_mut;0.3745209110290305;1.0;aff2_mut
3072;stk11_mut;0.3745209110290305;1.0;lifr_mut
5588;dtwd2_mut;0.22531026192850181;1.0;ctnna3_mut
5589;dtwd2_mut;0.21926353993273218;1.0;brca1_mut
5590;dtwd2_mut;0.2132232919433821;1.0;foxo3_mut
5591;dtwd2_mut;0.2132232919433821;1.0;usp28_mut
5592;dtwd2_mut;0.20116217643951403;1.0;brca2_mut
5593;dtwd2_mut;0.20116217643951403;1.0;cacna2d3_mut
5594;dtwd2_mut;0.20116217643951403;1.0;arid2_mut
5563;dtwd2_mut;0.35999738733752507;1.0;ros1_mut
5566;dtwd2_mut;0.34762044574325546;1.0;erbb2_mut
5568;dtwd2_mut;0.3414420266041562;1.0;shank2_mut
5569;dtwd2_mut;0.32294684541911167;1.0;ptprd_mut
5571;dtwd2_mut;0.32294684541911167;1.0;setd2_mut
5573;dtwd2_mut;0.31065001329212205;1.0;thsd7a_mut
5574;dtwd2_mut;0.3045115514910075;1.0;afdn_mut
5575;dtwd2_mut;0.2983797115472834;1.0;erbb3_mut
5599;dtwd2_mut;0.17711717776157856;1.0;l1cam_mut
5600;dtwd2_mut;0.1771171777615786;1.0;pbrm1_mut
5601;dtwd2_mut;0.16513312991303392;1.0;chd1_mut
5602;dtwd2_mut;0.1651331299130339;1.0;jak1_mut
5604;dtwd2_mut;0.1651331299130339;1.0;arid5b_mut
5605;dtwd2_mut;0.15915068301154944;1.0;egfr_mut
5606;dtwd2_mut;0.15915068301154944;1.0;map3k10_mut
5607;dtwd2_mut;0.15915068301154942;1.0;smarcc2_mut
5608;dtwd2_mut;0.1531746071930272;1.0;erbb4_mut
5609;dtwd2_mut;0.1472048922854347;1.0;agmo_mut
5610;dtwd2_mut;0.14124152813838217;1.0;zfp36l1_mut
5579;dtwd2_mut;0.2739183565080572;1.0;ubr5_mut
5580;dtwd2_mut;0.26781946567390913;1.0;pik3r1_mut
5581;dtwd2_mut;0.26781946567390913;1.0;asxl2_mut
5582;dtwd2_mut;0.25564134727536303;1.0;apc_mut
5587;dtwd2_mut;0.2374231696174521;1.0;kdm6a_mut
2284;fam20c_mut;1.2463995810421573;1.0;col22a1_mut
2285;fam20c_mut;1.2301451645880186;1.0;pten_mut
2287;fam20c_mut;1.1976897123577515;1.0;atr_mut
2292;fam20c_mut;1.068575379234617;1.0;runx1_mut
2293;fam20c_mut;1.0525152017689332;1.0;nf1_mut
2294;fam20c_mut;0.9884490590525632;1.0;map2k4_mut
2295;fam20c_mut;0.9246608605562211;1.0;ros1_mut
2296;fam20c_mut;0.9087570278687858;1.0;lamb3_mut
2297;fam20c_mut;0.9087570278687859;1.0;arid1b_mut
2298;fam20c_mut;0.8928704257693114;1.0;erbb2_mut
5595;dtwd2_mut;0.19514128820829393;1.0;aff2_mut
5596;dtwd2_mut;0.1951412882082939;1.0;lifr_mut
5597;dtwd2_mut;0.18311879916143692;1.0;ncoa3_mut
5598;dtwd2_mut;0.18311879916143695;1.0;bap1_mut
5611;dtwd2_mut;0.1412415281383822;1.0;smad4_mut
5612;dtwd2_mut;0.135284504623065;1.0;casp8_mut
5614;dtwd2_mut;0.135284504623065;1.0;smarcc1_mut
5615;dtwd2_mut;0.135284504623065;1.0;palld_mut
5616;dtwd2_mut;0.13528450462306496;1.0;dcaf4l2_mut
5617;dtwd2_mut;0.12933381163220617;1.0;bcas3_mut
5618;dtwd2_mut;0.12338943907999929;1.0;cdkn1b_mut
5621;dtwd2_mut;0.11745137690205174;1.0;brip1_mut
5622;dtwd2_mut;0.11151961505532737;1.0;nrg3_mut
5626;dtwd2_mut;0.10559414351809063;1.0;map3k13_mut
3074;stk11_mut;0.3514469957545795;1.0;bap1_mut
3075;stk11_mut;0.33992850709969746;1.0;l1cam_mut
3078;stk11_mut;0.31692836930588686;1.0;jak1_mut
4796;ppp2r2a_mut;0.8336247263574299;1.0;tg_mut
4797;ppp2r2a_mut;0.779389351839999;1.0;birc6_mut
4798;ppp2r2a_mut;0.7409077756602777;1.0;utrn_mut
4801;ppp2r2a_mut;0.6950108338052161;1.0;arid1a_mut
4804;ppp2r2a_mut;0.6645817354892409;1.0;cbfb_mut
4806;ppp2r2a_mut;0.5890935223233749;1.0;col12a1_mut
4807;ppp2r2a_mut;0.5740952062864724;1.0;col22a1_mut
4808;ppp2r2a_mut;0.5666083756510651;1.0;pten_mut
4810;ppp2r2a_mut;0.551659301672978;1.0;atr_mut
3084;stk11_mut;0.29397722009097715;1.0;erbb4_mut
3085;stk11_mut;0.28251996731631757;1.0;agmo_mut
3088;stk11_mut;0.2596420080278425;1.0;casp8_mut
3090;stk11_mut;0.2596420080278425;1.0;smarcc1_mut
3091;stk11_mut;0.2596420080278425;1.0;palld_mut
4782;ppp2r2a_mut;73.3454647442791;1.0;syne1_mut
4787;ppp2r2a_mut;1.299868222270803;1.0;cdh1_mut
4788;ppp2r2a_mut;1.1193874603761322;1.0;dnah2_mut
4792;ppp2r2a_mut;0.9750547025055123;1.0;dnah5_mut
2282;fam20c_mut;1.3934953332510995;1.0;ncor2_mut
4763;ppp2r2a_mut;0.0;1.0;her2_status
4771;ppp2r2a_mut;0.0;1.0;overall_survival
4773;ppp2r2a_mut;0.0;1.0;radio_therapy
4777;ppp2r2a_mut;51.99978651501085;1.0;pik3ca_mut
5647;ctnna1_mut;0.0;1.0;cancer_type
2230;fam20c_mut;0.0;1.0;cancer_type
2249;fam20c_mut;0.0;1.0;pr_status
2261;fam20c_mut;70.08815243827759;1.0;map3k1_mut
2277;fam20c_mut;1.5254772072124159;1.0;col6a3_mut
3123;sik2_mut;0.0;1.0;cancer_type
4753;ppp2r2a_mut;0.0;1.0;cancer_type
3133;sik2_mut;0.0;1.0;her2_status
3154;sik2_mut;2.4644617510034554;1.0;map3k1_mut
3163;sik2_mut;1.530392846377976;1.0;herc2_mut
3169;sik2_mut;1.1894921104231482;1.0;tbx3_mut
3173;sik2_mut;1.1151183364466388;1.0;notch1_mut
3174;sik2_mut;1.0781161525394518;1.0;cbfb_mut
3178;sik2_mut;0.9191791006772929;1.0;pten_mut
3187;sik2_mut;0.738580895425893;1.0;map2k4_mut
3188;sik2_mut;0.6909175946907077;1.0;ros1_mut
3191;sik2_mut;0.6671634036417531;1.0;erbb2_mut
3193;sik2_mut;0.6553055995555939;1.0;shank2_mut
3194;sik2_mut;0.6198091027830803;1.0;ptprd_mut
2191;er_status_measured_by_ihc;0.4219843767581262;1.0;erbb4_mut
2171;er_status_measured_by_ihc;0.6207126115707584;1.0;ctnna3_mut
2172;er_status_measured_by_ihc;0.6040543530018369;1.0;brca1_mut
2175;er_status_measured_by_ihc;0.5541864752110217;1.0;brca2_mut
2176;er_status_measured_by_ihc;0.5541864752110217;1.0;cacna2d3_mut
2177;er_status_measured_by_ihc;0.5541864752110217;1.0;arid2_mut
2178;er_status_measured_by_ihc;0.537599386695887;1.0;aff2_mut
2179;er_status_measured_by_ihc;0.5375993866958868;1.0;lifr_mut
2180;er_status_measured_by_ihc;0.5044783450265842;1.0;ncoa3_mut
2183;er_status_measured_by_ihc;0.48794433516445357;1.0;pbrm1_mut
2184;er_status_measured_by_ihc;0.45492919606874915;1.0;chd1_mut
5680;ctnna1_mut;1.1198299295721936;1.0;dnah11_mut
5685;ctnna1_mut;0.8443353081194979;1.0;ryr2_mut
2187;er_status_measured_by_ihc;0.4549291960687492;1.0;arid5b_mut
2188;er_status_measured_by_ihc;0.43844801048927395;1.0;egfr_mut
2189;er_status_measured_by_ihc;0.4384480104892739;1.0;map3k10_mut
2190;er_status_measured_by_ihc;0.4384480104892739;1.0;smarcc2_mut
4715;cancer_type_detailed;0.20115900266831496;1.0;agmo_mut
4716;cancer_type_detailed;0.19300992307085812;1.0;zfp36l1_mut
4717;cancer_type_detailed;0.19300992307085812;1.0;smad4_mut
4718;cancer_type_detailed;0.18486950809817262;1.0;casp8_mut
4719;cancer_type_detailed;0.18486950809817262;1.0;prkcq_mut
4720;cancer_type_detailed;0.18486950809817262;1.0;smarcc1_mut
4721;cancer_type_detailed;0.18486950809817262;1.0;palld_mut
4723;cancer_type_detailed;0.1767377439384231;1.0;bcas3_mut
4724;cancer_type_detailed;0.168614616809114;1.0;cdkn1b_mut
4727;cancer_type_detailed;0.16050011295701228;1.0;brip1_mut
4728;cancer_type_detailed;0.15239421865806926;1.0;nrg3_mut
3195;sik2_mut;0.6198091027830801;1.0;usp9x_mut
3198;sik2_mut;0.5962086601845085;1.0;thsd7a_mut
2125;er_status_measured_by_ihc;1.8149067371268015;1.0;birc6_mut
2128;er_status_measured_by_ihc;1.636184197703819;1.0;col6a3_mut
2136;er_status_measured_by_ihc;1.3194193067352817;1.0;pten_mut
5700;ctnna1_mut;0.4979371107256906;1.0;col12a1_mut
5705;ctnna1_mut;0.46629546645941;1.0;thada_mut
2149;er_status_measured_by_ihc;0.9576678526127622;1.0;erbb2_mut
2151;er_status_measured_by_ihc;0.9406467784442627;1.0;shank2_mut
2153;er_status_measured_by_ihc;0.889693962906343;1.0;usp9x_mut
2155;er_status_measured_by_ihc;0.8727463939708957;1.0;setd1a_mut
2156;er_status_measured_by_ihc;0.8558171269457462;1.0;thsd7a_mut
2157;er_status_measured_by_ihc;0.8389061322001703;1.0;afdn_mut
2158;er_status_measured_by_ihc;0.8220133801673732;1.0;erbb3_mut
2170;er_status_measured_by_ihc;0.6540827497125794;1.0;kdm6a_mut
5707;ctnna1_mut;0.45368724866757537;1.0;stab2_mut
5708;ctnna1_mut;0.4285533546079117;1.0;myh9_mut
5709;ctnna1_mut;0.41602749841305503;1.0;runx1_mut
5712;ctnna1_mut;0.35999738733752507;1.0;ros1_mut
5720;ctnna1_mut;0.32294684541911167;1.0;setd2_mut
2107;er_status_measured_by_ihc;130.52211414599265;1.0;muc16_mut
2120;er_status_measured_by_ihc;2.2705382675124253;1.0;dnah5_mut
2122;er_status_measured_by_ihc;2.013813115408472;1.0;pde4dip_mut
2123;er_status_measured_by_ihc;1.9956295288096946;1.0;akap9_mut
2124;er_status_measured_by_ihc;21.310019125449568;1.0;tg_mut
5748;ctnna1_mut;0.17711717776157856;1.0;l1cam_mut
5749;ctnna1_mut;0.1771171777615786;1.0;pbrm1_mut
5750;ctnna1_mut;0.16513312991303392;1.0;chd1_mut
5752;ctnna1_mut;0.1651331299130339;1.0;setdb1_mut
5753;ctnna1_mut;0.1651331299130339;1.0;arid5b_mut
5754;ctnna1_mut;0.15915068301154944;1.0;egfr_mut
5723;ctnna1_mut;0.3045115514910075;1.0;afdn_mut
5727;ctnna1_mut;0.2739183565080572;1.0;adgra2_mut
5729;ctnna1_mut;0.26781946567390913;1.0;pik3r1_mut
5732;ctnna1_mut;0.2556413472753631;1.0;ctcf_mut
5737;ctnna1_mut;0.22531026192850181;1.0;ctnna3_mut
5738;ctnna1_mut;0.21926353993273218;1.0;brca1_mut
2091;er_status_measured_by_ihc;0.0;1.0;her2_status
2100;er_status_measured_by_ihc;0.0;1.0;pr_status
3199;sik2_mut;0.584427543398929;1.0;afdn_mut
3200;sik2_mut;0.5726591354771958;1.0;erbb3_mut
3201;sik2_mut;0.5609034158658902;1.0;rb1_mut
3209;sik2_mut;0.478966934063784;1.0;asxl1_mut
4699;cancer_type_detailed;0.2748929207372829;1.0;cacna2d3_mut
4701;cancer_type_detailed;0.26666523310431234;1.0;aff2_mut
4702;cancer_type_detailed;0.2666652331043123;1.0;lifr_mut
4704;cancer_type_detailed;0.25023621455262535;1.0;bap1_mut
4705;cancer_type_detailed;0.2420348555050782;1.0;l1cam_mut
4706;cancer_type_detailed;0.24203485550507825;1.0;pbrm1_mut
4707;cancer_type_detailed;0.22565836776941126;1.0;chd1_mut
4708;cancer_type_detailed;0.22565836776941128;1.0;jak1_mut
4710;cancer_type_detailed;0.22565836776941128;1.0;arid5b_mut
4712;cancer_type_detailed;0.2174832111320538;1.0;map3k10_mut
4713;cancer_type_detailed;0.2174832111320538;1.0;smarcc2_mut
4714;cancer_type_detailed;0.20931676073179675;1.0;erbb4_mut
5739;ctnna1_mut;0.2132232919433821;1.0;foxo3_mut
5741;ctnna1_mut;0.20116217643951403;1.0;brca2_mut
5742;ctnna1_mut;0.20116217643951403;1.0;cacna2d3_mut
5744;ctnna1_mut;0.19514128820829393;1.0;aff2_mut
5746;ctnna1_mut;0.18311879916143692;1.0;ncoa3_mut
5747;ctnna1_mut;0.18311879916143695;1.0;bap1_mut
5756;ctnna1_mut;0.15915068301154942;1.0;smarcc2_mut
5758;ctnna1_mut;0.1472048922854347;1.0;agmo_mut
5760;ctnna1_mut;0.1412415281383822;1.0;smad4_mut
5761;ctnna1_mut;0.135284504623065;1.0;casp8_mut
5762;ctnna1_mut;0.135284504623065;1.0;prkcq_mut
5763;ctnna1_mut;0.135284504623065;1.0;smarcc1_mut
5766;ctnna1_mut;0.12933381163220617;1.0;bcas3_mut
5767;ctnna1_mut;0.12338943907999929;1.0;cdkn1b_mut
5769;ctnna1_mut;0.1233894390799993;1.0;men1_mut
5770;ctnna1_mut;0.11745137690205174;1.0;brip1_mut
3211;sik2_mut;0.4556695438518117;1.0;taf1_mut
3216;sik2_mut;0.40922442546349014;1.0;usp28_mut
3218;sik2_mut;0.38607637715444415;1.0;cacna2d3_mut
3219;sik2_mut;0.38607637715444415;1.0;arid2_mut
3223;sik2_mut;0.3514469957545795;1.0;bap1_mut
3224;sik2_mut;0.33992850709969746;1.0;l1cam_mut
3225;sik2_mut;0.33992850709969735;1.0;pbrm1_mut
3226;sik2_mut;0.31692836930588697;1.0;chd1_mut
4683;cancer_type_detailed;0.37431597926013216;1.0;alk_mut
4684;cancer_type_detailed;0.37431597926013227;1.0;adgra2_mut
4685;cancer_type_detailed;0.37431597926013216;1.0;ubr5_mut
4686;cancer_type_detailed;0.36598169920644164;1.0;pik3r1_mut
4687;cancer_type_detailed;0.36598169920644164;1.0;asxl2_mut
4688;cancer_type_detailed;0.3493400094270144;1.0;apc_mut
4690;cancer_type_detailed;0.3410325708394861;1.0;asxl1_mut
4691;cancer_type_detailed;0.3327340505971943;1.0;fancd2_mut
5775;ctnna1_mut;0.10559414351809063;1.0;map3k13_mut
1995;kdm3a_mut;1.223838468525117;1.0;runx1_mut
2004;kdm3a_mut;0.95002079002079;1.0;ptprd_mut
2008;kdm3a_mut;0.9138468922486203;1.0;thsd7a_mut
5796;agtr2_mut;0.0;1.0;cancer_type
2018;kdm3a_mut;0.752026527416103;1.0;ctcf_mut
2021;kdm3a_mut;0.6984336598070504;1.0;taf1_mut
2033;kdm3a_mut;0.5386851387919195;1.0;bap1_mut
2036;kdm3a_mut;0.48577624697027677;1.0;chd1_mut
2039;kdm3a_mut;0.48577624697027677;1.0;arid5b_mut
2043;kdm3a_mut;0.45059756241864857;1.0;erbb4_mut
2045;kdm3a_mut;0.41549372613202395;1.0;zfp36l1_mut
4693;cancer_type_detailed;0.32444443434657855;1.0;kdm6a_mut
4696;cancer_type_detailed;0.2913747232654283;1.0;foxo3_mut
4698;cancer_type_detailed;0.2748929207372828;1.0;brca2_mut
4667;cancer_type_detailed;0.5599670607611317;1.0;nf1_mut
4668;cancer_type_detailed;0.525882109236541;1.0;map2k4_mut
4669;cancer_type_detailed;0.4919450316881959;1.0;ros1_mut
4671;cancer_type_detailed;0.48348375490107476;1.0;arid1b_mut
4674;cancer_type_detailed;0.4665886878783876;1.0;shank2_mut
4675;cancer_type_detailed;0.44131458085931347;1.0;ptprd_mut
4677;cancer_type_detailed;0.4413145808593134;1.0;setd2_mut
4679;cancer_type_detailed;0.42451066593338493;1.0;thsd7a_mut
4680;cancer_type_detailed;0.4161223112078134;1.0;afdn_mut
4681;cancer_type_detailed;0.4077430054085912;1.0;erbb3_mut
4682;cancer_type_detailed;0.39937273390133543;1.0;rb1_mut
3227;sik2_mut;0.31692836930588686;1.0;jak1_mut
5806;agtr2_mut;0.0;1.0;her2_status
5815;agtr2_mut;0.0;1.0;pr_status
1933;kdm3a_mut;0.0;1.0;cancer_type
1946;kdm3a_mut;0.0;1.0;inferred_menopausal_state
1979;kdm3a_mut;1.8232101293665357;1.0;tbx3_mut
1982;kdm3a_mut;1.7092127208213446;1.0;lama2_mut
1984;kdm3a_mut;1.6524971226957983;1.0;cbfb_mut
3229;sik2_mut;0.31692836930588686;1.0;arid5b_mut
3233;sik2_mut;0.29397722009097715;1.0;erbb4_mut
3234;sik2_mut;0.28251996731631757;1.0;agmo_mut
3235;sik2_mut;0.2710749031084395;1.0;zfp36l1_mut
3237;sik2_mut;0.2596420080278425;1.0;casp8_mut
3240;sik2_mut;0.2596420080278425;1.0;palld_mut
4654;cancer_type_detailed;0.7939831458553361;1.0;notch1_mut
4655;cancer_type_detailed;0.7676369640897632;1.0;cbfb_mut
4657;cancer_type_detailed;0.6804429596735155;1.0;col12a1_mut
4659;cancer_type_detailed;0.6544710907416404;1.0;pten_mut
4661;cancer_type_detailed;0.6372038967281843;1.0;atr_mut
4663;cancer_type_detailed;0.6285844686443339;1.0;ncor1_mut
4664;cancer_type_detailed;0.6199744658508977;1.0;stab2_mut
4639;cancer_type_detailed;1.2929684128178927;1.0;dnah2_mut
4640;cancer_type_detailed;1.1999294159167104;1.0;kmt2d_mut
4643;cancer_type_detailed;1.126254291508281;1.0;dnah5_mut
5830;agtr2_mut;1.0987264371349899;1.0;cdh1_mut
5832;agtr2_mut;0.8780888654105771;1.0;kmt2d_mut
5834;agtr2_mut;0.8443353081194979;1.0;ryr2_mut
1886;sbno1_mut;0.5210300194291657;1.0;pbrm1_mut
1887;sbno1_mut;0.48577624697027677;1.0;chd1_mut
1889;sbno1_mut;0.4857762469702767;1.0;setdb1_mut
1892;sbno1_mut;0.4681775337076348;1.0;map3k10_mut
1893;sbno1_mut;0.4681775337076348;1.0;smarcc2_mut
1894;sbno1_mut;0.45059756241864857;1.0;erbb4_mut
1896;sbno1_mut;0.41549372613202395;1.0;zfp36l1_mut
5840;agtr2_mut;0.6587865377554478;1.0;birc6_mut
5841;agtr2_mut;0.6262596058966001;1.0;utrn_mut
5843;agtr2_mut;0.5939126791946912;1.0;col6a3_mut
5844;agtr2_mut;0.587464763053448;1.0;arid1a_mut
5845;agtr2_mut;0.581023975619934;1.0;lama2_mut
5848;agtr2_mut;0.5425282940338406;1.0;ncor2_mut
5849;agtr2_mut;0.4979371107256906;1.0;col12a1_mut
5850;agtr2_mut;0.4852596361479505;1.0;col22a1_mut
3271;ptpn22_mut;0.0;1.0;type_of_breast_surgery
3272;ptpn22_mut;0.0;1.0;cancer_type
4624;cancer_type_detailed;0.0;1.0;radio_therapy
4628;cancer_type_detailed;44.11227734185027;1.0;pik3ca_mut
3282;ptpn22_mut;0.0;1.0;her2_status
3306;ptpn22_mut;2.007227509647304;1.0;cdh1_mut
5881;agtr2_mut;0.2556413472753631;1.0;ctcf_mut
5882;agtr2_mut;0.24956209859037448;1.0;asxl1_mut
5853;agtr2_mut;0.46629546645940995;1.0;atr_mut
5854;agtr2_mut;0.46629546645941;1.0;thada_mut
5855;agtr2_mut;0.459987908926241;1.0;ncor1_mut
5856;agtr2_mut;0.45368724866757537;1.0;stab2_mut
5857;agtr2_mut;0.4285533546079117;1.0;myh9_mut
5858;agtr2_mut;0.41602749841305503;1.0;runx1_mut
5860;agtr2_mut;0.3848319897103747;1.0;map2k4_mut
5861;agtr2_mut;0.35999738733752507;1.0;ros1_mut
5864;agtr2_mut;0.34762044574325546;1.0;erbb2_mut
5866;agtr2_mut;0.3414420266041562;1.0;shank2_mut
1884;sbno1_mut;0.5386851387919195;1.0;bap1_mut
1885;sbno1_mut;0.5210300194291657;1.0;l1cam_mut
1869;sbno1_mut;0.752026527416103;1.0;ctcf_mut
1870;sbno1_mut;0.7341430499325237;1.0;asxl1_mut
1871;sbno1_mut;0.7162787710291737;1.0;fancd2_mut
1873;sbno1_mut;0.6984336598070505;1.0;kdm6a_mut
1878;sbno1_mut;0.591763791763792;1.0;brca2_mut
1879;sbno1_mut;0.5917637917637919;1.0;cacna2d3_mut
1881;sbno1_mut;0.5740519946826736;1.0;aff2_mut
5867;agtr2_mut;0.32294684541911167;1.0;ptprd_mut
5868;agtr2_mut;0.32294684541911167;1.0;usp9x_mut
5870;agtr2_mut;0.31679510768297314;1.0;setd1a_mut
5872;agtr2_mut;0.3045115514910075;1.0;afdn_mut
5873;agtr2_mut;0.2983797115472834;1.0;erbb3_mut
5875;agtr2_mut;0.2739183565080573;1.0;alk_mut
5877;agtr2_mut;0.2739183565080572;1.0;ubr5_mut
5879;agtr2_mut;0.26781946567390913;1.0;asxl2_mut
1852;sbno1_mut;1.0226037354964763;1.0;erbb2_mut
1859;sbno1_mut;0.9138468922486203;1.0;thsd7a_mut
5883;agtr2_mut;0.2434893762056383;1.0;fancd2_mut
5884;agtr2_mut;0.23742316961745208;1.0;taf1_mut
5885;agtr2_mut;0.2374231696174521;1.0;kdm6a_mut
5886;agtr2_mut;0.22531026192850181;1.0;ctnna3_mut
5887;agtr2_mut;0.21926353993273218;1.0;brca1_mut
5888;agtr2_mut;0.2132232919433821;1.0;foxo3_mut
5889;agtr2_mut;0.2132232919433821;1.0;usp28_mut
5890;agtr2_mut;0.20116217643951403;1.0;brca2_mut
5891;agtr2_mut;0.20116217643951403;1.0;cacna2d3_mut
5892;agtr2_mut;0.20116217643951403;1.0;arid2_mut
5893;agtr2_mut;0.19514128820829393;1.0;aff2_mut
5896;agtr2_mut;0.18311879916143695;1.0;bap1_mut
5897;agtr2_mut;0.17711717776157856;1.0;l1cam_mut
5898;agtr2_mut;0.1771171777615786;1.0;pbrm1_mut
5899;agtr2_mut;0.16513312991303392;1.0;chd1_mut
5900;agtr2_mut;0.1651331299130339;1.0;jak1_mut
5901;agtr2_mut;0.1651331299130339;1.0;setdb1_mut
5902;agtr2_mut;0.1651331299130339;1.0;arid5b_mut
5904;agtr2_mut;0.15915068301154944;1.0;map3k10_mut
5905;agtr2_mut;0.15915068301154942;1.0;smarcc2_mut
5906;agtr2_mut;0.1531746071930272;1.0;erbb4_mut
5907;agtr2_mut;0.1472048922854347;1.0;agmo_mut
5908;agtr2_mut;0.14124152813838217;1.0;zfp36l1_mut
5909;agtr2_mut;0.1412415281383822;1.0;smad4_mut
5910;agtr2_mut;0.135284504623065;1.0;casp8_mut
5911;agtr2_mut;0.135284504623065;1.0;prkcq_mut
5912;agtr2_mut;0.135284504623065;1.0;smarcc1_mut
5914;agtr2_mut;0.13528450462306496;1.0;dcaf4l2_mut
1846;sbno1_mut;1.223838468525117;1.0;runx1_mut
1847;sbno1_mut;1.2054447610003165;1.0;nf1_mut
1848;sbno1_mut;1.132069862504645;1.0;map2k4_mut
5915;agtr2_mut;0.12933381163220617;1.0;bcas3_mut
5916;agtr2_mut;0.12338943907999929;1.0;cdkn1b_mut
5918;agtr2_mut;0.1233894390799993;1.0;men1_mut
5920;agtr2_mut;0.11151961505532737;1.0;nrg3_mut
5924;agtr2_mut;0.10559414351809063;1.0;map3k13_mut
3307;ptpn22_mut;1.7285331435336155;1.0;dnah2_mut
3319;ptpn22_mut;1.0849997121362196;1.0;col6a3_mut
3320;ptpn22_mut;1.0732202243391016;1.0;arid1a_mut
4607;cancer_type_detailed;0.0;1.0;cancer_type
4609;cancer_type_detailed;0.0;1.0;chemotherapy
4613;cancer_type_detailed;0.0;1.0;er_status
3323;ptpn22_mut;1.0262322895722313;1.0;cbfb_mut
3326;ptpn22_mut;0.8865050098707491;1.0;col22a1_mut
3336;ptpn22_mut;0.7030370165235853;1.0;map2k4_mut
3337;ptpn22_mut;0.6576674910537877;1.0;ros1_mut
3340;ptpn22_mut;0.6350564599420794;1.0;erbb2_mut
3346;ptpn22_mut;0.5787426547422007;1.0;setd1a_mut
3349;ptpn22_mut;0.5451001678816905;1.0;erbb3_mut
3350;ptpn22_mut;0.5339101870768739;1.0;rb1_mut
3352;ptpn22_mut;0.5004125157978696;1.0;adgra2_mut
3353;ptpn22_mut;0.5004125157978696;1.0;ubr5_mut
5945;magea8_mut;0.0;1.0;cancer_type
1835;sbno1_mut;2.5742806739495485;1.0;cbfb_mut
1837;sbno1_mut;1.4647940180322179;1.0;col12a1_mut
1838;sbno1_mut;7.982570943919629;1.0;col22a1_mut
3363;ptpn22_mut;0.40056541313709915;1.0;brca1_mut
3370;ptpn22_mut;0.3564972578443355;1.0;lifr_mut
4571;oncotree_code;0.19300992307085812;1.0;smad4_mut
4572;oncotree_code;0.18486950809817262;1.0;casp8_mut
4573;oncotree_code;0.18486950809817262;1.0;prkcq_mut
4574;oncotree_code;0.18486950809817262;1.0;smarcc1_mut
4575;oncotree_code;0.18486950809817262;1.0;palld_mut
4577;oncotree_code;0.1767377439384231;1.0;bcas3_mut
4578;oncotree_code;0.168614616809114;1.0;cdkn1b_mut
4581;oncotree_code;0.16050011295701228;1.0;brip1_mut
4582;oncotree_code;0.15239421865806926;1.0;nrg3_mut
3371;ptpn22_mut;0.33453376453638306;1.0;ncoa3_mut
3373;ptpn22_mut;0.3235695980531443;1.0;l1cam_mut
5952;magea8_mut;0.0;1.0;er_status
5958;magea8_mut;0.0;1.0;inferred_menopausal_state
5960;magea8_mut;0.0;1.0;primary_tumor_laterality
1784;sbno1_mut;0.0;1.0;cancer_type
1790;sbno1_mut;0.0;1.0;er_status_measured_by_ihc
1796;sbno1_mut;0.0;1.0;hormone_therapy
1827;sbno1_mut;2.072826242658645;1.0;tg_mut
1740;gldc_mut;0.5321706076359776;1.0;setdb1_mut
1742;gldc_mut;0.5128911183875777;1.0;egfr_mut
1745;gldc_mut;0.4936321610766095;1.0;erbb4_mut
5973;magea8_mut;57.393273578665095;1.0;kmt2c_mut
5975;magea8_mut;1.5201323368935795;1.0;gata3_mut
5976;magea8_mut;1.2840891567563355;1.0;map3k1_mut
1713;gldc_mut;0.9418415659670692;1.0;rb1_mut
1716;gldc_mut;0.8827501683175901;1.0;ubr5_mut
5983;magea8_mut;0.8443353081194979;1.0;ryr2_mut
5984;magea8_mut;0.8241746055027493;1.0;dnah5_mut
5988;magea8_mut;0.70462952305908;1.0;tg_mut
5991;magea8_mut;0.6197758680651693;1.0;tbx3_mut
5993;magea8_mut;0.587464763053448;1.0;arid1a_mut
1727;gldc_mut;0.6871496282751488;1.0;foxo3_mut
1730;gldc_mut;0.6482805583929181;1.0;cacna2d3_mut
1733;gldc_mut;0.628877185186075;1.0;lifr_mut
1734;gldc_mut;0.5901325958675523;1.0;ncoa3_mut
1735;gldc_mut;0.5901325958675524;1.0;bap1_mut
1736;gldc_mut;0.5707913134195919;1.0;l1cam_mut
1738;gldc_mut;0.5321706076359776;1.0;chd1_mut
3375;ptpn22_mut;0.3016763317172101;1.0;chd1_mut
3376;ptpn22_mut;0.3016763317172101;1.0;jak1_mut
3380;ptpn22_mut;0.29074719449996445;1.0;map3k10_mut
3381;ptpn22_mut;0.29074719449996445;1.0;smarcc2_mut
3382;ptpn22_mut;0.2798296964064857;1.0;erbb4_mut
3383;ptpn22_mut;0.2689238188538196;1.0;agmo_mut
3384;ptpn22_mut;0.25802954329855;1.0;zfp36l1_mut
3386;ptpn22_mut;0.24714685123669367;1.0;casp8_mut
4555;oncotree_code;0.26666523310431234;1.0;aff2_mut
4556;oncotree_code;0.2666652331043123;1.0;lifr_mut
4558;oncotree_code;0.25023621455262535;1.0;bap1_mut
4559;oncotree_code;0.2420348555050782;1.0;l1cam_mut
4560;oncotree_code;0.24203485550507825;1.0;pbrm1_mut
4561;oncotree_code;0.22565836776941126;1.0;chd1_mut
4562;oncotree_code;0.22565836776941128;1.0;jak1_mut
4564;oncotree_code;0.22565836776941128;1.0;arid5b_mut
1635;gldc_mut;0.0;1.0;cancer_type
1641;gldc_mut;0.0;1.0;er_status_measured_by_ihc
1642;gldc_mut;0.0;1.0;er_status
5996;magea8_mut;0.5617442675408063;1.0;cbfb_mut
6000;magea8_mut;0.4789313187011992;1.0;pten_mut
6004;magea8_mut;0.459987908926241;1.0;ncor1_mut
6008;magea8_mut;0.40977480385826925;1.0;nf1_mut
1645;gldc_mut;0.0;1.0;her2_status
1648;gldc_mut;0.0;1.0;inferred_menopausal_state
1676;gldc_mut;14.069378562351366;1.0;pde4dip_mut
1683;gldc_mut;1.8932087103509994;1.0;arid1a_mut
1690;gldc_mut;1.5434405623108105;1.0;pten_mut
6038;magea8_mut;0.2132232919433821;1.0;usp28_mut
6041;magea8_mut;0.20116217643951403;1.0;arid2_mut
6042;magea8_mut;0.19514128820829393;1.0;aff2_mut
6011;magea8_mut;0.3538055623556764;1.0;lamb3_mut
6012;magea8_mut;0.3538055623556765;1.0;arid1b_mut
6015;magea8_mut;0.3414420266041562;1.0;shank2_mut
6016;magea8_mut;0.32294684541911167;1.0;ptprd_mut
6017;magea8_mut;0.32294684541911167;1.0;usp9x_mut
6020;magea8_mut;0.31065001329212205;1.0;thsd7a_mut
6021;magea8_mut;0.3045115514910075;1.0;afdn_mut
6024;magea8_mut;0.2739183565080573;1.0;alk_mut
6026;magea8_mut;0.2739183565080572;1.0;ubr5_mut
6027;magea8_mut;0.26781946567390913;1.0;pik3r1_mut
6028;magea8_mut;0.26781946567390913;1.0;asxl2_mut
6030;magea8_mut;0.2556413472753631;1.0;ctcf_mut
6031;magea8_mut;0.24956209859037448;1.0;asxl1_mut
6032;magea8_mut;0.2434893762056383;1.0;fancd2_mut
6034;magea8_mut;0.2374231696174521;1.0;kdm6a_mut
6035;magea8_mut;0.22531026192850181;1.0;ctnna3_mut
6036;magea8_mut;0.21926353993273218;1.0;brca1_mut
6037;magea8_mut;0.2132232919433821;1.0;foxo3_mut
4566;oncotree_code;0.2174832111320538;1.0;map3k10_mut
4567;oncotree_code;0.2174832111320538;1.0;smarcc2_mut
4568;oncotree_code;0.20931676073179675;1.0;erbb4_mut
4569;oncotree_code;0.20115900266831496;1.0;agmo_mut
4570;oncotree_code;0.19300992307085812;1.0;zfp36l1_mut
4539;oncotree_code;0.37431597926013216;1.0;ubr5_mut
4540;oncotree_code;0.36598169920644164;1.0;pik3r1_mut
4541;oncotree_code;0.36598169920644164;1.0;asxl2_mut
4542;oncotree_code;0.3493400094270144;1.0;apc_mut
4544;oncotree_code;0.3410325708394861;1.0;asxl1_mut
4545;oncotree_code;0.3327340505971943;1.0;fancd2_mut
4547;oncotree_code;0.32444443434657855;1.0;kdm6a_mut
4550;oncotree_code;0.2913747232654283;1.0;foxo3_mut
4552;oncotree_code;0.2748929207372828;1.0;brca2_mut
4553;oncotree_code;0.2748929207372829;1.0;cacna2d3_mut
3388;ptpn22_mut;0.2471468512366937;1.0;smarcc1_mut
6043;magea8_mut;0.1951412882082939;1.0;lifr_mut
6044;magea8_mut;0.18311879916143692;1.0;ncoa3_mut
6047;magea8_mut;0.1771171777615786;1.0;pbrm1_mut
6048;magea8_mut;0.16513312991303392;1.0;chd1_mut
6049;magea8_mut;0.1651331299130339;1.0;jak1_mut
6050;magea8_mut;0.1651331299130339;1.0;setdb1_mut
6051;magea8_mut;0.1651331299130339;1.0;arid5b_mut
6052;magea8_mut;0.15915068301154944;1.0;egfr_mut
6054;magea8_mut;0.15915068301154942;1.0;smarcc2_mut
6055;magea8_mut;0.1531746071930272;1.0;erbb4_mut
6056;magea8_mut;0.1472048922854347;1.0;agmo_mut
6057;magea8_mut;0.14124152813838217;1.0;zfp36l1_mut
6058;magea8_mut;0.1412415281383822;1.0;smad4_mut
4523;oncotree_code;0.4919450316881959;1.0;ros1_mut
4525;oncotree_code;0.48348375490107476;1.0;arid1b_mut
4528;oncotree_code;0.4665886878783876;1.0;shank2_mut
4529;oncotree_code;0.44131458085931347;1.0;ptprd_mut
4531;oncotree_code;0.4413145808593134;1.0;setd2_mut
4533;oncotree_code;0.42451066593338493;1.0;thsd7a_mut
4534;oncotree_code;0.4161223112078134;1.0;afdn_mut
4535;oncotree_code;0.4077430054085912;1.0;erbb3_mut
6059;magea8_mut;0.135284504623065;1.0;casp8_mut
6060;magea8_mut;0.135284504623065;1.0;prkcq_mut
6061;magea8_mut;0.135284504623065;1.0;smarcc1_mut
6062;magea8_mut;0.135284504623065;1.0;palld_mut
6064;magea8_mut;0.12933381163220617;1.0;bcas3_mut
6065;magea8_mut;0.12338943907999929;1.0;cdkn1b_mut
6067;magea8_mut;0.1233894390799993;1.0;men1_mut
6068;magea8_mut;0.11745137690205174;1.0;brip1_mut
6069;magea8_mut;0.11151961505532737;1.0;nrg3_mut
4536;oncotree_code;0.39937273390133543;1.0;rb1_mut
4537;oncotree_code;0.37431597926013216;1.0;alk_mut
4538;oncotree_code;0.37431597926013227;1.0;adgra2_mut
4508;oncotree_code;0.7939831458553361;1.0;notch1_mut
4509;oncotree_code;0.7676369640897632;1.0;cbfb_mut
4511;oncotree_code;0.6804429596735155;1.0;col12a1_mut
4513;oncotree_code;0.6544710907416404;1.0;pten_mut
4515;oncotree_code;0.6372038967281843;1.0;atr_mut
4517;oncotree_code;0.6285844686443339;1.0;ncor1_mut
4518;oncotree_code;0.6199744658508977;1.0;stab2_mut
4521;oncotree_code;0.5599670607611317;1.0;nf1_mut
4522;oncotree_code;0.525882109236541;1.0;map2k4_mut
1552;ptprm_mut;1.2066463160614467;1.0;lamb3_mut
1554;ptprm_mut;1.185552107917581;1.0;erbb2_mut
1556;ptprm_mut;1.1644807413634757;1.0;shank2_mut
6094;foxo1_mut;0.0;1.0;cancer_type
6104;foxo1_mut;0.0;1.0;her2_status
1566;ptprm_mut;0.9341927062463282;1.0;adgra2_mut
1567;ptprm_mut;0.934192706246328;1.0;ubr5_mut
1570;ptprm_mut;0.8718593565035642;1.0;apc_mut
1574;ptprm_mut;0.8097266505904448;1.0;taf1_mut
1578;ptprm_mut;0.7271934844917187;1.0;foxo3_mut
1580;ptprm_mut;0.686059307591177;1.0;brca2_mut
1581;ptprm_mut;0.686059307591177;1.0;cacna2d3_mut
1586;ptprm_mut;0.6245227546411942;1.0;bap1_mut
1594;ptprm_mut;0.5427800062721886;1.0;map3k10_mut
4493;oncotree_code;1.2929684128178927;1.0;dnah2_mut
4494;oncotree_code;1.1999294159167104;1.0;kmt2d_mut
4497;oncotree_code;1.126254291508281;1.0;dnah5_mut
3448;tumor_size;97.80120937807793;1.0;ahnak2_mut
3454;tumor_size;37.904499285122824;1.0;dnah11_mut
3464;tumor_size;1.2872647048357828;1.0;tg_mut
3469;tumor_size;1.0732202243391016;1.0;arid1a_mut
6110;foxo1_mut;110.79648056096264;1.0;nottingham_prognostic_index
6114;foxo1_mut;0.0;1.0;radio_therapy
1486;ptprm_mut;0.0;1.0;cancer_type
1504;ptprm_mut;0.0;1.0;overall_survival
1527;ptprm_mut;2.493015065098957;1.0;pde4dip_mut
1541;ptprm_mut;1.633385036429405;1.0;pten_mut
1550;ptprm_mut;1.312461284087469;1.0;map2k4_mut
3471;tumor_size;1.0614537597457394;1.0;notch1_mut
4478;oncotree_code;0.0;1.0;radio_therapy
4482;oncotree_code;44.11227734185027;1.0;pik3ca_mut
3486;tumor_size;0.6576674910537877;1.0;ros1_mut
3493;tumor_size;0.5899810638664142;1.0;usp9x_mut
3496;tumor_size;0.5675163821289203;1.0;thsd7a_mut
3498;tumor_size;0.5451001678816905;1.0;erbb3_mut
3499;tumor_size;0.5339101870768739;1.0;rb1_mut
3502;tumor_size;0.5004125157978696;1.0;ubr5_mut
3509;tumor_size;0.43374064860628925;1.0;taf1_mut
1447;myo3a_mut;0.6380839607676669;1.0;erbb4_mut
6127;foxo1_mut;1.017489707535837;1.0;dnah11_mut
6128;foxo1_mut;0.998314843763337;1.0;cdh1_mut
6129;foxo1_mut;0.8597033902896863;1.0;dnah2_mut
6135;foxo1_mut;0.6641826431319036;1.0;pde4dip_mut
3512;tumor_size;0.40056541313709915;1.0;brca1_mut
3514;tumor_size;0.3895306809967402;1.0;usp28_mut
4461;oncotree_code;0.0;1.0;cancer_type
4463;oncotree_code;0.0;1.0;chemotherapy
4467;oncotree_code;0.0;1.0;er_status
3516;tumor_size;0.3674966222736924;1.0;cacna2d3_mut
3519;tumor_size;0.3564972578443355;1.0;lifr_mut
3520;tumor_size;0.33453376453638306;1.0;ncoa3_mut
3522;tumor_size;0.3235695980531443;1.0;l1cam_mut
3523;tumor_size;0.3235695980531443;1.0;pbrm1_mut
3524;tumor_size;0.3016763317172101;1.0;chd1_mut
3525;tumor_size;0.3016763317172101;1.0;jak1_mut
3526;tumor_size;0.3016763317172101;1.0;setdb1_mut
3527;tumor_size;0.3016763317172101;1.0;arid5b_mut
3528;tumor_size;0.29074719449996445;1.0;egfr_mut
3530;tumor_size;0.29074719449996445;1.0;smarcc2_mut
1419;myo3a_mut;1.1156634154937626;1.0;pik3r1_mut
1425;myo3a_mut;0.9890406721043896;1.0;taf1_mut
6141;foxo1_mut;0.5396355484859126;1.0;col6a3_mut
6142;foxo1_mut;0.5337769014400389;1.0;arid1a_mut
6143;foxo1_mut;0.5279247316158853;1.0;lama2_mut
6147;foxo1_mut;0.45243109849463964;1.0;col12a1_mut
6149;foxo1_mut;0.43516222823335426;1.0;pten_mut
1438;myo3a_mut;0.737822230310532;1.0;l1cam_mut
1337;myo3a_mut;0.0;1.0;cancer_type
6155;foxo1_mut;0.3893882597066223;1.0;myh9_mut
6163;foxo1_mut;0.31585173456464555;1.0;sf3b1_mut
6168;foxo1_mut;0.2878434956531959;1.0;setd1a_mut
6169;foxo1_mut;0.2822599957578895;1.0;thsd7a_mut
1344;myo3a_mut;0.0;1.0;er_status
1352;myo3a_mut;0.0;1.0;primary_tumor_laterality
1388;myo3a_mut;2.340074596824469;1.0;cbfb_mut
1392;myo3a_mut;1.9950982631699175;1.0;pten_mut
1401;myo3a_mut;1.6031059241761587;1.0;map2k4_mut
1418;myo3a_mut;1.1410697441996605;1.0;ubr5_mut
3531;tumor_size;0.2798296964064857;1.0;erbb4_mut
3532;tumor_size;0.2689238188538196;1.0;agmo_mut
3533;tumor_size;0.25802954329855;1.0;zfp36l1_mut
3535;tumor_size;0.24714685123669367;1.0;casp8_mut
3537;tumor_size;0.2471468512366937;1.0;smarcc1_mut
3538;tumor_size;0.24714685123669367;1.0;palld_mut
3544;tumor_size;0.214568091561073;1.0;brip1_mut
4427;tumor_other_histologic_subtype;0.18486950809817262;1.0;prkcq_mut
4428;tumor_other_histologic_subtype;0.18486950809817262;1.0;smarcc1_mut
4429;tumor_other_histologic_subtype;0.18486950809817262;1.0;palld_mut
4431;tumor_other_histologic_subtype;0.1767377439384231;1.0;bcas3_mut
4432;tumor_other_histologic_subtype;0.168614616809114;1.0;cdkn1b_mut
4435;tumor_other_histologic_subtype;0.16050011295701228;1.0;brip1_mut
4436;tumor_other_histologic_subtype;0.15239421865806926;1.0;nrg3_mut
6202;foxo1_mut;0.14460604921803932;1.0;map3k10_mut
6171;foxo1_mut;0.2711110655462261;1.0;erbb3_mut
6172;foxo1_mut;0.2655456157478433;1.0;rb1_mut
6175;foxo1_mut;0.24888521113072504;1.0;ubr5_mut
6176;foxo1_mut;0.2433436922917875;1.0;pik3r1_mut
6182;foxo1_mut;0.2157252856320615;1.0;taf1_mut
6185;foxo1_mut;0.1992252477165509;1.0;brca1_mut
6186;foxo1_mut;0.19373701240703767;1.0;foxo3_mut
6211;foxo1_mut;0.12292097880937987;1.0;palld_mut
6212;foxo1_mut;0.12292097880937988;1.0;dcaf4l2_mut
6213;foxo1_mut;0.11751411414983501;1.0;bcas3_mut
6214;foxo1_mut;0.11211299230989663;1.0;cdkn1b_mut
6216;foxo1_mut;0.11211299230989662;1.0;men1_mut
6217;foxo1_mut;0.10671760414494762;1.0;brip1_mut
6218;foxo1_mut;0.10132794052977573;1.0;nrg3_mut
6189;foxo1_mut;0.18277815109916484;1.0;cacna2d3_mut
6193;foxo1_mut;0.16638374139032358;1.0;ncoa3_mut
6194;foxo1_mut;0.1663837413903236;1.0;bap1_mut
6195;foxo1_mut;0.16093060262199685;1.0;l1cam_mut
6196;foxo1_mut;0.1609306026219968;1.0;pbrm1_mut
6197;foxo1_mut;0.15004176582767265;1.0;chd1_mut
6198;foxo1_mut;0.15004176582767265;1.0;jak1_mut
6199;foxo1_mut;0.15004176582767265;1.0;setdb1_mut
6201;foxo1_mut;0.14460604921803932;1.0;egfr_mut
6203;foxo1_mut;0.14460604921803935;1.0;smarcc2_mut
6204;foxo1_mut;0.13917612144398603;1.0;erbb4_mut
6205;foxo1_mut;0.133751973263093;1.0;agmo_mut
6208;foxo1_mut;0.12292097880937985;1.0;casp8_mut
6209;foxo1_mut;0.12292097880937987;1.0;prkcq_mut
6210;foxo1_mut;0.12292097880937985;1.0;smarcc1_mut
4412;tumor_other_histologic_subtype;0.25023621455262535;1.0;bap1_mut
4413;tumor_other_histologic_subtype;0.2420348555050782;1.0;l1cam_mut
4414;tumor_other_histologic_subtype;0.24203485550507825;1.0;pbrm1_mut
4415;tumor_other_histologic_subtype;0.22565836776941126;1.0;chd1_mut
4416;tumor_other_histologic_subtype;0.22565836776941128;1.0;jak1_mut
4418;tumor_other_histologic_subtype;0.22565836776941128;1.0;arid5b_mut
4420;tumor_other_histologic_subtype;0.2174832111320538;1.0;map3k10_mut
4421;tumor_other_histologic_subtype;0.2174832111320538;1.0;smarcc2_mut
4422;tumor_other_histologic_subtype;0.20931676073179675;1.0;erbb4_mut
4423;tumor_other_histologic_subtype;0.20115900266831496;1.0;agmo_mut
4424;tumor_other_histologic_subtype;0.19300992307085812;1.0;zfp36l1_mut
4425;tumor_other_histologic_subtype;0.19300992307085812;1.0;smad4_mut
4426;tumor_other_histologic_subtype;0.18486950809817262;1.0;casp8_mut
4395;tumor_other_histologic_subtype;0.36598169920644164;1.0;asxl2_mut
4396;tumor_other_histologic_subtype;0.3493400094270144;1.0;apc_mut
4398;tumor_other_histologic_subtype;0.3410325708394861;1.0;asxl1_mut
4399;tumor_other_histologic_subtype;0.3327340505971943;1.0;fancd2_mut
4401;tumor_other_histologic_subtype;0.32444443434657855;1.0;kdm6a_mut
4404;tumor_other_histologic_subtype;0.2913747232654283;1.0;foxo3_mut
4406;tumor_other_histologic_subtype;0.2748929207372828;1.0;brca2_mut
4407;tumor_other_histologic_subtype;0.2748929207372829;1.0;cacna2d3_mut
4409;tumor_other_histologic_subtype;0.26666523310431234;1.0;aff2_mut
4410;tumor_other_histologic_subtype;0.2666652331043123;1.0;lifr_mut
6243;nt5e_mut;0.0;1.0;cancer_type
6246;nt5e_mut;0.0;1.0;chemotherapy
4379;tumor_other_histologic_subtype;0.48348375490107476;1.0;arid1b_mut
4382;tumor_other_histologic_subtype;0.4665886878783876;1.0;shank2_mut
4383;tumor_other_histologic_subtype;0.44131458085931347;1.0;ptprd_mut
4385;tumor_other_histologic_subtype;0.4413145808593134;1.0;setd2_mut
4387;tumor_other_histologic_subtype;0.42451066593338493;1.0;thsd7a_mut
4388;tumor_other_histologic_subtype;0.4161223112078134;1.0;afdn_mut
4389;tumor_other_histologic_subtype;0.4077430054085912;1.0;erbb3_mut
4390;tumor_other_histologic_subtype;0.39937273390133543;1.0;rb1_mut
4391;tumor_other_histologic_subtype;0.37431597926013216;1.0;alk_mut
4392;tumor_other_histologic_subtype;0.37431597926013227;1.0;adgra2_mut
4393;tumor_other_histologic_subtype;0.37431597926013216;1.0;ubr5_mut
1293;mutation_count;0.6878999301502173;1.0;setdb1_mut
1294;mutation_count;0.6878999301502173;1.0;arid5b_mut
1298;mutation_count;0.6380839607676669;1.0;erbb4_mut
1280;mutation_count;0.8882305307935353;1.0;foxo3_mut
1282;mutation_count;0.8379871876375373;1.0;brca2_mut
1283;mutation_count;0.8379871876375373;1.0;cacna2d3_mut
1284;mutation_count;0.8379871876375373;1.0;arid2_mut
1285;mutation_count;0.8129057966660238;1.0;aff2_mut
1286;mutation_count;0.8129057966660238;1.0;lifr_mut
1288;mutation_count;0.7628233608766691;1.0;bap1_mut
1289;mutation_count;0.737822230310532;1.0;l1cam_mut
6255;nt5e_mut;0.0;1.0;hormone_therapy
6258;nt5e_mut;0.0;1.0;primary_tumor_laterality
6261;nt5e_mut;0.0;1.0;overall_survival
6289;nt5e_mut;0.5631351244347533;1.0;tbx3_mut
6291;nt5e_mut;0.5337769014400389;1.0;arid1a_mut
6292;nt5e_mut;0.5279247316158853;1.0;lama2_mut
6294;nt5e_mut;0.5104069782349747;1.0;cbfb_mut
6295;nt5e_mut;0.4929471347825961;1.0;ncor2_mut
6296;nt5e_mut;0.45243109849463964;1.0;col12a1_mut
6298;nt5e_mut;0.43516222823335426;1.0;pten_mut
6270;nt5e_mut;95.38231346088453;1.0;ahnak2_mut
6273;nt5e_mut;1.3812088479118492;1.0;gata3_mut
6279;nt5e_mut;0.7978411357503226;1.0;kmt2d_mut
6280;nt5e_mut;0.7916934646759859;1.0;ush2a_mut
1275;mutation_count;1.014310847086767;1.0;fancd2_mut
1276;mutation_count;0.9890406721043896;1.0;taf1_mut
1277;mutation_count;0.9890406721043896;1.0;kdm6a_mut
1278;mutation_count;0.9385815767215717;1.0;ctnna3_mut
1279;mutation_count;0.9133925692781939;1.0;brca1_mut
1259;mutation_count;1.3453091606937762;1.0;ptprd_mut
1260;mutation_count;1.3453091606937757;1.0;usp9x_mut
1261;mutation_count;1.345309160693776;1.0;setd2_mut
1262;mutation_count;1.3196826860958515;1.0;setd1a_mut
1263;mutation_count;1.2940838858765424;1.0;thsd7a_mut
1264;mutation_count;1.2685127152311344;1.0;afdn_mut
1265;mutation_count;1.2429691294515788;1.0;erbb3_mut
1266;mutation_count;1.2174530839262334;1.0;rb1_mut
1267;mutation_count;1.141069744199661;1.0;alk_mut
1268;mutation_count;1.14106974419966;1.0;adgra2_mut
1269;mutation_count;1.1410697441996605;1.0;ubr5_mut
1270;mutation_count;1.1156634154937626;1.0;pik3r1_mut
1271;mutation_count;1.1156634154937624;1.0;asxl2_mut
1272;mutation_count;1.0649326699423831;1.0;apc_mut
1273;mutation_count;1.0649326699423831;1.0;ctcf_mut
1274;mutation_count;1.039608165114238;1.0;asxl1_mut
6324;nt5e_mut;0.24888521113072504;1.0;ubr5_mut
6326;nt5e_mut;0.24334369229178754;1.0;asxl2_mut
6327;nt5e_mut;0.2322785208756179;1.0;apc_mut
6328;nt5e_mut;0.2322785208756179;1.0;ctcf_mut
6330;nt5e_mut;0.22123710720806056;1.0;fancd2_mut
6300;nt5e_mut;0.42368115484672314;1.0;atr_mut
6301;nt5e_mut;0.42368115484672314;1.0;thada_mut
6302;nt5e_mut;0.41795003916548645;1.0;ncor1_mut
6303;nt5e_mut;0.41222519042321226;1.0;stab2_mut
6304;nt5e_mut;0.3893882597066223;1.0;myh9_mut
6306;nt5e_mut;0.3723258633501507;1.0;nf1_mut
6307;nt5e_mut;0.34966254992883705;1.0;map2k4_mut
6308;nt5e_mut;0.32709755890848363;1.0;ros1_mut
6311;nt5e_mut;0.31585173456464555;1.0;erbb2_mut
6312;nt5e_mut;0.31585173456464555;1.0;sf3b1_mut
6313;nt5e_mut;0.3102379554390264;1.0;shank2_mut
1247;mutation_count;1.9161851445978701;1.0;ncor1_mut
1248;mutation_count;1.8899382990731775;1.0;stab2_mut
1249;mutation_count;1.7852372982676397;1.0;myh9_mut
1250;mutation_count;1.7330579711631908;1.0;runx1_mut
1251;mutation_count;1.7070109377801685;1.0;nf1_mut
1252;mutation_count;1.6031059241761587;1.0;map2k4_mut
1253;mutation_count;1.4996516915422307;1.0;ros1_mut
1254;mutation_count;1.4738582243272669;1.0;lamb3_mut
1255;mutation_count;1.4738582243272673;1.0;arid1b_mut
1256;mutation_count;1.4480927023638919;1.0;erbb2_mut
1258;mutation_count;1.422355080261873;1.0;shank2_mut
6320;nt5e_mut;0.2711110655462261;1.0;erbb3_mut
6321;nt5e_mut;0.2655456157478433;1.0;rb1_mut
6322;nt5e_mut;0.24888521113072504;1.0;alk_mut
6323;nt5e_mut;0.24888521113072504;1.0;adgra2_mut
6362;nt5e_mut;0.11751411414983501;1.0;bcas3_mut
6331;nt5e_mut;0.2157252856320615;1.0;taf1_mut
6332;nt5e_mut;0.2157252856320615;1.0;kdm6a_mut
6333;nt5e_mut;0.20471936537902177;1.0;ctnna3_mut
6334;nt5e_mut;0.1992252477165509;1.0;brca1_mut
6335;nt5e_mut;0.19373701240703767;1.0;foxo3_mut
6336;nt5e_mut;0.19373701240703764;1.0;usp28_mut
6338;nt5e_mut;0.18277815109916484;1.0;cacna2d3_mut
6341;nt5e_mut;0.17730750627738337;1.0;lifr_mut
6342;nt5e_mut;0.16638374139032358;1.0;ncoa3_mut
6343;nt5e_mut;0.1663837413903236;1.0;bap1_mut
6344;nt5e_mut;0.16093060262199685;1.0;l1cam_mut
6345;nt5e_mut;0.1609306026219968;1.0;pbrm1_mut
1243;mutation_count;1.9950982631699175;1.0;pten_mut
1245;mutation_count;1.9424607223015715;1.0;atr_mut
1246;mutation_count;1.9424607223015715;1.0;thada_mut
6347;nt5e_mut;0.15004176582767265;1.0;jak1_mut
6348;nt5e_mut;0.15004176582767265;1.0;setdb1_mut
6349;nt5e_mut;0.15004176582767265;1.0;arid5b_mut
6350;nt5e_mut;0.14460604921803932;1.0;egfr_mut
6351;nt5e_mut;0.14460604921803932;1.0;map3k10_mut
6352;nt5e_mut;0.14460604921803935;1.0;smarcc2_mut
6353;nt5e_mut;0.13917612144398603;1.0;erbb4_mut
6354;nt5e_mut;0.133751973263093;1.0;agmo_mut
6355;nt5e_mut;0.1283335954526051;1.0;zfp36l1_mut
6356;nt5e_mut;0.12833359545260506;1.0;smad4_mut
6357;nt5e_mut;0.12292097880937985;1.0;casp8_mut
6359;nt5e_mut;0.12292097880937985;1.0;smarcc1_mut
6360;nt5e_mut;0.12292097880937987;1.0;palld_mut
6361;nt5e_mut;0.12292097880937988;1.0;dcaf4l2_mut
4394;tumor_other_histologic_subtype;0.36598169920644164;1.0;pik3r1_mut
4363;tumor_other_histologic_subtype;0.7676369640897632;1.0;cbfb_mut
4365;tumor_other_histologic_subtype;0.6804429596735155;1.0;col12a1_mut
4367;tumor_other_histologic_subtype;0.6544710907416404;1.0;pten_mut
4369;tumor_other_histologic_subtype;0.6372038967281843;1.0;atr_mut
4371;tumor_other_histologic_subtype;0.6285844686443339;1.0;ncor1_mut
4372;tumor_other_histologic_subtype;0.6199744658508977;1.0;stab2_mut
4375;tumor_other_histologic_subtype;0.5599670607611317;1.0;nf1_mut
4376;tumor_other_histologic_subtype;0.525882109236541;1.0;map2k4_mut
4377;tumor_other_histologic_subtype;0.4919450316881959;1.0;ros1_mut
3570;flt3_mut;0.0;1.0;cancer_type
3600;flt3_mut;2.6368266101302797;1.0;gata3_mut
6392;braf_mut;0.0;1.0;cancer_type
6363;nt5e_mut;0.11211299230989663;1.0;cdkn1b_mut
6365;nt5e_mut;0.11211299230989662;1.0;men1_mut
6366;nt5e_mut;0.10671760414494762;1.0;brip1_mut
6367;nt5e_mut;0.10132794052977573;1.0;nrg3_mut
6371;nt5e_mut;0.09594399235852237;1.0;map3k13_mut
3607;flt3_mut;1.5113995235984097;1.0;ush2a_mut
4347;tumor_other_histologic_subtype;1.2929684128178927;1.0;dnah2_mut
4348;tumor_other_histologic_subtype;1.1999294159167104;1.0;kmt2d_mut
4351;tumor_other_histologic_subtype;1.126254291508281;1.0;dnah5_mut
4362;tumor_other_histologic_subtype;0.7939831458553361;1.0;notch1_mut
3614;flt3_mut;1.1427333206390253;1.0;birc6_mut
3616;flt3_mut;1.0750652831781977;1.0;tbx3_mut
3619;flt3_mut;1.0078461215877579;1.0;lama2_mut
3621;flt3_mut;0.9744034757964878;1.0;cbfb_mut
3627;flt3_mut;0.8088376678150757;1.0;atr_mut
3628;flt3_mut;0.8088376678150757;1.0;thada_mut
3629;flt3_mut;0.7978965575283389;1.0;ncor1_mut
3630;flt3_mut;0.7869674112769074;1.0;stab2_mut
3634;flt3_mut;0.6675308499596355;1.0;map2k4_mut
1233;mutation_count;2.608828036984785;1.0;utrn_mut
1234;mutation_count;2.581818539837227;1.0;tbx3_mut
1235;mutation_count;2.4740794942148647;1.0;col6a3_mut
1236;mutation_count;2.447219220534401;1.0;arid1a_mut
1237;mutation_count;2.420388643121134;1.0;lama2_mut
1238;mutation_count;2.420388643121134;1.0;notch1_mut
1239;mutation_count;2.340074596824469;1.0;cbfb_mut
1240;mutation_count;2.260026051507297;1.0;ncor2_mut
1241;mutation_count;2.0742712493113578;1.0;col12a1_mut
1242;mutation_count;2.0214603210554625;1.0;col22a1_mut
1220;mutation_count;4.694280078895464;1.0;ahnak_mut
1221;mutation_count;4.664908433204912;1.0;dnah11_mut
1222;mutation_count;4.5769969948332;1.0;cdh1_mut
1223;mutation_count;3.9415018802791812;1.0;dnah2_mut
1224;mutation_count;3.657880580957505;1.0;kmt2d_mut
1225;mutation_count;3.629695212175056;1.0;ush2a_mut
1226;mutation_count;3.517272395821773;1.0;ryr2_mut
6405;braf_mut;0.0;1.0;inferred_menopausal_state
6407;braf_mut;0.0;1.0;primary_tumor_laterality
6408;braf_mut;88.70425903691668;1.0;nottingham_prognostic_index
1227;mutation_count;3.4332883647000685;1.0;dnah5_mut
1228;mutation_count;3.321751014058708;1.0;herc2_mut
1229;mutation_count;3.0450934198026975;1.0;pde4dip_mut
1230;mutation_count;3.0175979588402653;1.0;akap9_mut
1231;mutation_count;2.935295903065564;1.0;tg_mut
1232;mutation_count;2.744326432524711;1.0;birc6_mut
6423;braf_mut;1.166737435797131;1.0;map3k1_mut
6424;braf_mut;1.023896124212914;1.0;ahnak_mut
1188;mutation_count;0.0;1.0;cancer_type
1195;mutation_count;0.0;1.0;er_status
1212;mutation_count;33.03966616722391;1.0;pik3ca_mut
1213;mutation_count;24.395859932467907;1.0;tp53_mut
1214;mutation_count;9.521616143435388;1.0;muc16_mut
1215;mutation_count;8.997972909315804;1.0;ahnak2_mut
1216;mutation_count;6.458021020895271;1.0;kmt2c_mut
1217;mutation_count;6.395165379339101;1.0;syne1_mut
1218;mutation_count;6.332459930474821;1.0;gata3_mut
1219;mutation_count;5.349167921086038;1.0;map3k1_mut
3635;flt3_mut;0.6244526660414159;1.0;ros1_mut
3638;flt3_mut;0.6029835819651636;1.0;erbb2_mut
3640;flt3_mut;0.5922664755665146;1.0;shank2_mut
4332;tumor_other_histologic_subtype;0.0;1.0;radio_therapy
4336;tumor_other_histologic_subtype;44.11227734185027;1.0;pik3ca_mut
3644;flt3_mut;0.5495138479881115;1.0;setd1a_mut
3650;flt3_mut;0.4751396927188471;1.0;adgra2_mut
3651;flt3_mut;0.4751396927188471;1.0;ubr5_mut
3655;flt3_mut;0.44343633168328817;1.0;ctcf_mut
3656;flt3_mut;0.4328912466843499;1.0;asxl1_mut
3658;flt3_mut;0.4118350200931227;1.0;taf1_mut
6433;braf_mut;0.6641826431319036;1.0;pde4dip_mut
6437;braf_mut;0.5690263194596641;1.0;utrn_mut
6438;braf_mut;0.5631351244347533;1.0;tbx3_mut
6442;braf_mut;0.5279247316158853;1.0;notch1_mut
1134;fanca_mut;0.8570701634210786;1.0;cacna2d3_mut
1139;fanca_mut;0.7801946762589103;1.0;bap1_mut
1145;fanca_mut;0.703565059524766;1.0;arid5b_mut
6443;braf_mut;0.5104069782349747;1.0;cbfb_mut
6444;braf_mut;0.4929471347825961;1.0;ncor2_mut
6446;braf_mut;0.44091220659886265;1.0;col22a1_mut
6449;braf_mut;0.42368115484672314;1.0;atr_mut
6450;braf_mut;0.42368115484672314;1.0;thada_mut
6451;braf_mut;0.41795003916548645;1.0;ncor1_mut
6452;braf_mut;0.41222519042321226;1.0;stab2_mut
6458;braf_mut;0.3214715990876909;1.0;lamb3_mut
3661;flt3_mut;0.3803352660120847;1.0;brca1_mut
3663;flt3_mut;0.3698578317495839;1.0;usp28_mut
3665;flt3_mut;0.34893658066071864;1.0;cacna2d3_mut
3666;flt3_mut;0.34893658066071864;1.0;arid2_mut
3667;flt3_mut;0.3384927278990937;1.0;aff2_mut
3668;flt3_mut;0.33849272789909357;1.0;lifr_mut
3670;flt3_mut;0.3176384783910973;1.0;bap1_mut
3671;flt3_mut;0.3072280459392667;1.0;l1cam_mut
3672;flt3_mut;0.3072280459392666;1.0;pbrm1_mut
3673;flt3_mut;0.28644047666178396;1.0;chd1_mut
4315;tumor_other_histologic_subtype;0.0;1.0;cancer_type
4317;tumor_other_histologic_subtype;0.0;1.0;chemotherapy
4321;tumor_other_histologic_subtype;0.0;1.0;er_status
3676;flt3_mut;0.28644047666178396;1.0;arid5b_mut
3681;flt3_mut;0.25534209601303237;1.0;agmo_mut
3682;flt3_mut;0.2449980247192279;1.0;zfp36l1_mut
6463;braf_mut;0.2934330317646052;1.0;ptprd_mut
6464;braf_mut;0.29343303176460517;1.0;usp9x_mut
6465;braf_mut;0.2934330317646052;1.0;setd2_mut
6468;braf_mut;0.27668252230607515;1.0;afdn_mut
6469;braf_mut;0.2711110655462261;1.0;erbb3_mut
6472;braf_mut;0.24888521113072504;1.0;adgra2_mut
6474;braf_mut;0.2433436922917875;1.0;pik3r1_mut
1107;fanca_mut;1.481069242314865;1.0;erbb2_mut
1111;fanca_mut;1.3759450731678937;1.0;usp9x_mut
1114;fanca_mut;1.3235532761254234;1.0;thsd7a_mut
1119;fanca_mut;1.1670546358747729;1.0;adgra2_mut
6500;braf_mut;0.14460604921803932;1.0;map3k10_mut
6502;braf_mut;0.13917612144398603;1.0;erbb4_mut
6503;braf_mut;0.133751973263093;1.0;agmo_mut
6475;braf_mut;0.24334369229178754;1.0;asxl2_mut
6476;braf_mut;0.2322785208756179;1.0;apc_mut
6478;braf_mut;0.2267548491079865;1.0;asxl1_mut
6481;braf_mut;0.2157252856320615;1.0;kdm6a_mut
6482;braf_mut;0.20471936537902177;1.0;ctnna3_mut
6483;braf_mut;0.1992252477165509;1.0;brca1_mut
6485;braf_mut;0.19373701240703764;1.0;usp28_mut
6486;braf_mut;0.18277815109916484;1.0;brca2_mut
6487;braf_mut;0.18277815109916484;1.0;cacna2d3_mut
6488;braf_mut;0.18277815109916484;1.0;arid2_mut
6489;braf_mut;0.1773075062773834;1.0;aff2_mut
6490;braf_mut;0.17730750627738337;1.0;lifr_mut
1039;fanca_mut;0.0;1.0;cancer_type
3686;flt3_mut;0.23466495190633113;1.0;smarcc1_mut
3687;flt3_mut;0.23466495190633116;1.0;palld_mut
3692;flt3_mut;0.21403173163203928;1.0;men1_mut
6516;braf_mut;0.10132794052977573;1.0;nrg3_mut
6520;braf_mut;0.09594399235852237;1.0;map3k13_mut
6491;braf_mut;0.16638374139032358;1.0;ncoa3_mut
6492;braf_mut;0.1663837413903236;1.0;bap1_mut
6493;braf_mut;0.16093060262199685;1.0;l1cam_mut
6494;braf_mut;0.1609306026219968;1.0;pbrm1_mut
6495;braf_mut;0.15004176582767265;1.0;chd1_mut
6496;braf_mut;0.15004176582767265;1.0;jak1_mut
6497;braf_mut;0.15004176582767265;1.0;setdb1_mut
6498;braf_mut;0.15004176582767265;1.0;arid5b_mut
6499;braf_mut;0.14460604921803932;1.0;egfr_mut
4283;large1_mut;0.1972985880211571;1.0;palld_mut
4285;large1_mut;0.18862011203371815;1.0;bcas3_mut
4288;large1_mut;0.17995085375842731;1.0;men1_mut
4289;large1_mut;0.17129079851739895;1.0;brip1_mut
4290;large1_mut;0.16263993166389423;1.0;nrg3_mut
4267;large1_mut;0.25830725539496774;1.0;l1cam_mut
4269;large1_mut;0.24082974955729822;1.0;chd1_mut
4270;large1_mut;0.2408297495572982;1.0;jak1_mut
4271;large1_mut;0.2408297495572982;1.0;setdb1_mut
4272;large1_mut;0.2408297495572982;1.0;arid5b_mut
4274;large1_mut;0.23210496374488673;1.0;map3k10_mut
6507;braf_mut;0.12292097880937987;1.0;prkcq_mut
6508;braf_mut;0.12292097880937985;1.0;smarcc1_mut
6509;braf_mut;0.12292097880937987;1.0;palld_mut
6510;braf_mut;0.12292097880937988;1.0;dcaf4l2_mut
6511;braf_mut;0.11751411414983501;1.0;bcas3_mut
6514;braf_mut;0.11211299230989662;1.0;men1_mut
6515;braf_mut;0.10671760414494762;1.0;brip1_mut
4275;large1_mut;0.23210496374488676;1.0;smarcc2_mut
4276;large1_mut;0.22338946950416053;1.0;erbb4_mut
4277;large1_mut;0.21468325200025248;1.0;agmo_mut
4279;large1_mut;0.2059862964298593;1.0;smad4_mut
4280;large1_mut;0.1972985880211571;1.0;casp8_mut
4282;large1_mut;0.1972985880211571;1.0;smarcc1_mut
4252;large1_mut;0.3639607493309544;1.0;asxl1_mut
4254;large1_mut;0.3462573652433258;1.0;taf1_mut
4255;large1_mut;0.3462573652433259;1.0;kdm6a_mut
4256;large1_mut;0.32859193053209074;1.0;ctnna3_mut
4258;large1_mut;0.3109643233041774;1.0;foxo3_mut
4259;large1_mut;0.31096432330417745;1.0;usp28_mut
4262;large1_mut;0.2933744221879816;1.0;arid2_mut
4263;large1_mut;0.2845935736350542;1.0;aff2_mut
4266;large1_mut;0.2670600052485364;1.0;bap1_mut
973;myo1a_mut;1.1665034356720696;1.0;asxl2_mut
982;myo1a_mut;0.9287065896849585;1.0;foxo3_mut
986;myo1a_mut;0.8761736916825771;1.0;arid2_mut
6541;ccnd3_mut;0.0;1.0;cancer_type
6544;ccnd3_mut;0.0;1.0;chemotherapy
6547;ccnd3_mut;0.0;1.0;er_status_measured_by_ihc
6548;ccnd3_mut;0.0;1.0;er_status
6551;ccnd3_mut;0.0;1.0;her2_status
990;myo1a_mut;0.7975847006507175;1.0;bap1_mut
991;myo1a_mut;0.7714442856330055;1.0;l1cam_mut
3719;taf4b_mut;0.0;1.0;cancer_type
3722;taf4b_mut;0.0;1.0;chemotherapy
4236;large1_mut;0.4979582098317932;1.0;shank2_mut
4238;large1_mut;0.47098488318827303;1.0;usp9x_mut
4241;large1_mut;0.4530512135300362;1.0;thsd7a_mut
4243;large1_mut;0.4351562357157224;1.0;erbb3_mut
4246;large1_mut;0.39948185583185863;1.0;adgra2_mut
4247;large1_mut;0.3994818558318585;1.0;ubr5_mut
4249;large1_mut;0.3905872484751233;1.0;asxl2_mut
3729;taf4b_mut;0.0;1.0;her2_status
900;myo1a_mut;0.0;1.0;her2_status
903;myo1a_mut;0.0;1.0;inferred_menopausal_state
6559;ccnd3_mut;0.0;1.0;overall_survival
6560;ccnd3_mut;0.0;1.0;pr_status
6567;ccnd3_mut;1.8681461119415708;1.0;muc16_mut
923;myo1a_mut;44.17928433053794;1.0;dnah11_mut
950;myo1a_mut;1.9760614970971186;1.0;stab2_mut
970;myo1a_mut;1.1930675134321416;1.0;adgra2_mut
972;myo1a_mut;1.1665034356720698;1.0;pik3r1_mut
890;myo1a_mut;0.0;1.0;cancer_type
6571;ccnd3_mut;1.2424319800266688;1.0;gata3_mut
6572;ccnd3_mut;1.0495095688969862;1.0;map3k1_mut
6573;ccnd3_mut;0.9210202286719437;1.0;ahnak_mut
6577;ccnd3_mut;0.7176781002638521;1.0;kmt2d_mut
6582;ccnd3_mut;0.5974489358747455;1.0;pde4dip_mut
6583;ccnd3_mut;0.5920543119244381;1.0;akap9_mut
6585;ccnd3_mut;0.5384382942547161;1.0;birc6_mut
893;myo1a_mut;0.0;1.0;chemotherapy
3750;taf4b_mut;2.109035666023106;1.0;map3k1_mut
4220;large1_mut;0.7077014570324114;1.0;col22a1_mut
4221;large1_mut;0.6984722544694681;1.0;pten_mut
4230;large1_mut;0.5612380250552689;1.0;map2k4_mut
4231;large1_mut;0.5250193021802271;1.0;ros1_mut
4232;large1_mut;0.515989159891599;1.0;lamb3_mut
4233;large1_mut;0.5159891598915989;1.0;arid1b_mut
3765;taf4b_mut;1.0179428771065542;1.0;tbx3_mut
3770;taf4b_mut;0.9226296236472296;1.0;cbfb_mut
3778;taf4b_mut;0.755501205473476;1.0;ncor1_mut
3781;taf4b_mut;0.6832989964777029;1.0;runx1_mut
3784;taf4b_mut;0.5912730635370107;1.0;ros1_mut
3787;taf4b_mut;0.5709447155237485;1.0;erbb2_mut
6587;ccnd3_mut;0.506554159953288;1.0;tbx3_mut
6588;ccnd3_mut;0.48541570234780296;1.0;col6a3_mut
6589;ccnd3_mut;0.48014570247740895;1.0;arid1a_mut
6590;ccnd3_mut;0.4748815290303101;1.0;lama2_mut
6595;ccnd3_mut;0.3966115817247604;1.0;col22a1_mut
6596;ccnd3_mut;0.39143933205624026;1.0;pten_mut
6598;ccnd3_mut;0.3811118187608042;1.0;atr_mut
6599;ccnd3_mut;0.38111181876080424;1.0;thada_mut
6601;ccnd3_mut;0.370806891607075;1.0;stab2_mut
6602;ccnd3_mut;0.3502644999978408;1.0;myh9_mut
6605;ccnd3_mut;0.31453022828954913;1.0;map2k4_mut
6606;ccnd3_mut;0.2942324532535099;1.0;ros1_mut
6607;ccnd3_mut;0.28917176137460565;1.0;lamb3_mut
6610;ccnd3_mut;0.28411655236880995;1.0;sf3b1_mut
6612;ccnd3_mut;0.2639503672537973;1.0;ptprd_mut
6613;ccnd3_mut;0.26395036725379717;1.0;usp9x_mut
6615;ccnd3_mut;0.2589224394144789;1.0;setd1a_mut
6618;ccnd3_mut;0.24387119911878472;1.0;erbb3_mut
826;ep300_mut;1.2841361081662;1.0;ctcf_mut
6619;ccnd3_mut;0.2388649375217802;1.0;rb1_mut
6622;ccnd3_mut;0.2238784859595956;1.0;ubr5_mut
6623;ccnd3_mut;0.21889375086046484;1.0;pik3r1_mut
6624;ccnd3_mut;0.21889375086046486;1.0;asxl2_mut
6625;ccnd3_mut;0.20894035181244225;1.0;apc_mut
6626;ccnd3_mut;0.20894035181244228;1.0;ctcf_mut
6627;ccnd3_mut;0.20397167060130533;1.0;asxl1_mut
6628;ccnd3_mut;0.19900832345480735;1.0;fancd2_mut
6630;ccnd3_mut;0.19405030178808017;1.0;kdm6a_mut
6631;ccnd3_mut;0.18415020064648038;1.0;ctnna3_mut
6632;ccnd3_mut;0.17920810409373747;1.0;brca1_mut
6633;ccnd3_mut;0.17427129886492687;1.0;foxo3_mut
6634;ccnd3_mut;0.1742712988649269;1.0;usp28_mut
841;ep300_mut;0.9198412721317153;1.0;bap1_mut
842;ep300_mut;0.8896939629063431;1.0;l1cam_mut
785;ep300_mut;3.309212651716826;1.0;birc6_mut
6635;ccnd3_mut;0.16441352842408252;1.0;brca2_mut
6637;ccnd3_mut;0.16441352842408252;1.0;arid2_mut
6638;ccnd3_mut;0.159492546279909;1.0;aff2_mut
6639;ccnd3_mut;0.15949254627990897;1.0;lifr_mut
6640;ccnd3_mut;0.1496663459493116;1.0;ncoa3_mut
6642;ccnd3_mut;0.1447611109390268;1.0;l1cam_mut
6643;ccnd3_mut;0.14476111093902674;1.0;pbrm1_mut
6644;ccnd3_mut;0.13496632930335137;1.0;chd1_mut
6645;ccnd3_mut;0.13496632930335134;1.0;jak1_mut
6646;ccnd3_mut;0.13496632930335137;1.0;setdb1_mut
6648;ccnd3_mut;0.1300767659615144;1.0;egfr_mut
6649;ccnd3_mut;0.1300767659615144;1.0;map3k10_mut
6650;ccnd3_mut;0.13007676596151443;1.0;smarcc2_mut
3789;taf4b_mut;0.560797050733154;1.0;shank2_mut
3791;taf4b_mut;0.5304198790519044;1.0;usp9x_mut
3792;taf4b_mut;0.5304198790519044;1.0;setd2_mut
3794;taf4b_mut;0.5102231057994681;1.0;thsd7a_mut
3795;taf4b_mut;0.5001410684230495;1.0;afdn_mut
3796;taf4b_mut;0.49006990703085596;1.0;erbb3_mut
3797;taf4b_mut;0.4800096040336941;1.0;rb1_mut
3799;taf4b_mut;0.449893670088477;1.0;adgra2_mut
3800;taf4b_mut;0.44989367008847697;1.0;ubr5_mut
3801;taf4b_mut;0.4398766255361409;1.0;pik3r1_mut
4203;large1_mut;1.2707351034714551;1.0;ush2a_mut
4204;large1_mut;1.2313765317952303;1.0;ryr2_mut
4206;large1_mut;1.1629256375019086;1.0;herc2_mut
4207;large1_mut;1.0660694288913772;1.0;pde4dip_mut
4209;large1_mut;1.0276299592841587;1.0;tg_mut
4215;large1_mut;0.8473639336275309;1.0;lama2_mut
6652;ccnd3_mut;0.12031325257217317;1.0;agmo_mut
6654;ccnd3_mut;0.11543928591478131;1.0;smad4_mut
6655;ccnd3_mut;0.11057050157175136;1.0;casp8_mut
6656;ccnd3_mut;0.11057050157175138;1.0;prkcq_mut
6657;ccnd3_mut;0.11057050157175137;1.0;smarcc1_mut
6658;ccnd3_mut;0.11057050157175138;1.0;palld_mut
6659;ccnd3_mut;0.11057050157175138;1.0;dcaf4l2_mut
6660;ccnd3_mut;0.10570689128222094;1.0;bcas3_mut
6661;ccnd3_mut;0.10084844680287589;1.0;cdkn1b_mut
6663;ccnd3_mut;0.1008484468028759;1.0;men1_mut
6664;ccnd3_mut;0.09599515990790382;1.0;brip1_mut
6665;ccnd3_mut;0.09114702238894759;1.0;nrg3_mut
769;ep300_mut;75.75754571337802;1.0;kmt2c_mut
753;ep300_mut;0.0;1.0;hormone_therapy
6667;ccnd3_mut;0.09114702238894759;1.0;ttyh1_mut
6669;ccnd3_mut;0.08630402605505917;1.0;map3k13_mut
4217;large1_mut;0.8192464548957983;1.0;cbfb_mut
4192;large1_mut;3.3334622242271905;1.0;muc16_mut
4196;large1_mut;23.996273008930196;1.0;gata3_mut
3803;taf4b_mut;0.4198748321151412;1.0;apc_mut
3811;taf4b_mut;0.3502058444846621;1.0;foxo3_mut
3812;taf4b_mut;0.35020584448466213;1.0;usp28_mut
3813;taf4b_mut;0.3303962209582571;1.0;brca2_mut
3815;taf4b_mut;0.3303962209582571;1.0;arid2_mut
3816;taf4b_mut;0.3205072907745785;1.0;aff2_mut
3817;taf4b_mut;0.32050729077457846;1.0;lifr_mut
3818;taf4b_mut;0.30076110877406736;1.0;ncoa3_mut
3819;taf4b_mut;0.3007611087740675;1.0;bap1_mut
3820;taf4b_mut;0.29090382314894575;1.0;l1cam_mut
3821;taf4b_mut;0.2909038231489457;1.0;pbrm1_mut
3822;taf4b_mut;0.2712207783985693;1.0;chd1_mut
6689;nr3c1_mut;0.0;1.0;type_of_breast_surgery
6690;nr3c1_mut;0.0;1.0;cancer_type
6696;nr3c1_mut;0.0;1.0;er_status_measured_by_ihc
6697;nr3c1_mut;0.0;1.0;er_status
741;ep300_mut;0.0;1.0;cancer_type
3823;taf4b_mut;0.2712207783985692;1.0;jak1_mut
3824;taf4b_mut;0.27122077839856923;1.0;setdb1_mut
3826;taf4b_mut;0.26139498568088004;1.0;egfr_mut
3828;taf4b_mut;0.26139498568088;1.0;smarcc2_mut
3829;taf4b_mut;0.25157965706619145;1.0;erbb4_mut
3830;taf4b_mut;0.2417747758475802;1.0;agmo_mut
3831;taf4b_mut;0.23198032535366978;1.0;zfp36l1_mut
3832;taf4b_mut;0.23198032535366978;1.0;smad4_mut
3834;taf4b_mut;0.2221962889485354;1.0;prkcq_mut
4176;large1_mut;0.0;1.0;her2_status
4181;large1_mut;0.0;1.0;primary_tumor_laterality
3836;taf4b_mut;0.2221962889485354;1.0;palld_mut
3841;taf4b_mut;0.20265939203759256;1.0;men1_mut
3842;taf4b_mut;0.19290649843634966;1.0;brip1_mut
4165;large1_mut;0.0;1.0;type_of_breast_surgery
4166;large1_mut;0.0;1.0;cancer_type
4169;large1_mut;0.0;1.0;chemotherapy
4139;prkacg_mut;0.19129910579724704;1.0;men1_mut
4140;prkacg_mut;0.18209292094642404;1.0;brip1_mut
6708;nr3c1_mut;0.0;1.0;overall_survival
6710;nr3c1_mut;0.0;1.0;radio_therapy
4125;prkacg_mut;0.24674221371078045;1.0;map3k10_mut
4126;prkacg_mut;0.24674221371078045;1.0;smarcc2_mut
4127;prkacg_mut;0.2374770937071256;1.0;erbb4_mut
4129;prkacg_mut;0.21897642323174238;1.0;zfp36l1_mut
4132;prkacg_mut;0.20974084131978862;1.0;prkcq_mut
4133;prkacg_mut;0.20974084131978862;1.0;smarcc1_mut
678;cellularity;1.253598862019915;1.0;asxl1_mut
6720;nr3c1_mut;1.2424319800266688;1.0;gata3_mut
6722;nr3c1_mut;0.9210202286719437;1.0;ahnak_mut
6727;nr3c1_mut;0.7121481160351903;1.0;ush2a_mut
6728;nr3c1_mut;0.6900907001406514;1.0;ryr2_mut
683;cellularity;1.1014033208355654;1.0;brca1_mut
686;cellularity;1.0104766584766587;1.0;brca2_mut
690;cellularity;0.9802325682176032;1.0;lifr_mut
697;cellularity;0.8294957644211377;1.0;setdb1_mut
665;cellularity;1.62222468955442;1.0;setd2_mut
666;cellularity;1.591323316833852;1.0;setd1a_mut
6732;nr3c1_mut;0.5920543119244381;1.0;akap9_mut
6733;nr3c1_mut;0.5759066051502776;1.0;tg_mut
6736;nr3c1_mut;0.506554159953288;1.0;tbx3_mut
6741;nr3c1_mut;0.4591238707648219;1.0;cbfb_mut
6742;nr3c1_mut;0.44341830393161635;1.0;ncor2_mut
6744;nr3c1_mut;0.3966115817247604;1.0;col22a1_mut
6745;nr3c1_mut;0.39143933205624026;1.0;pten_mut
668;cellularity;1.5296206298041162;1.0;afdn_mut
671;cellularity;1.3759450731678937;1.0;alk_mut
673;cellularity;1.3759450731678935;1.0;ubr5_mut
675;cellularity;1.3453091606937762;1.0;asxl2_mut
644;cellularity;12.682055410782684;1.0;ncor2_mut
650;cellularity;2.342292637465051;1.0;thada_mut
6747;nr3c1_mut;0.3811118187608042;1.0;atr_mut
6749;nr3c1_mut;0.3759565365495978;1.0;ncor1_mut
6750;nr3c1_mut;0.370806891607075;1.0;stab2_mut
6753;nr3c1_mut;0.3349164467897977;1.0;nf1_mut
6754;nr3c1_mut;0.31453022828954913;1.0;map2k4_mut
6757;nr3c1_mut;0.28917176137460565;1.0;arid1b_mut
6758;nr3c1_mut;0.28411655236880995;1.0;erbb2_mut
6759;nr3c1_mut;0.28411655236880995;1.0;sf3b1_mut
6761;nr3c1_mut;0.2639503672537973;1.0;ptprd_mut
6762;nr3c1_mut;0.26395036725379717;1.0;usp9x_mut
657;cellularity;1.8083367532391394;1.0;ros1_mut
659;cellularity;4.856764753913805;1.0;arid1b_mut
4136;prkacg_mut;0.2005150740538626;1.0;bcas3_mut
4107;prkacg_mut;0.34931394416924966;1.0;ctnna3_mut
4108;prkacg_mut;0.3399392965541866;1.0;brca1_mut
4111;prkacg_mut;0.3118755118755117;1.0;brca2_mut
4112;prkacg_mut;0.31187551187551177;1.0;cacna2d3_mut
4116;prkacg_mut;0.2839016272011467;1.0;ncoa3_mut
4117;prkacg_mut;0.2839016272011467;1.0;bap1_mut
4119;prkacg_mut;0.2745969021315873;1.0;pbrm1_mut
4120;prkacg_mut;0.2560172112410918;1.0;chd1_mut
4122;prkacg_mut;0.2560172112410918;1.0;setdb1_mut
3867;hdac9_mut;0.0;1.0;type_of_breast_surgery
3868;hdac9_mut;0.0;1.0;cancer_type
3871;hdac9_mut;0.0;1.0;chemotherapy
626;cellularity;6.5762276910544815;1.0;cdh1_mut
6763;nr3c1_mut;0.2639503672537973;1.0;setd2_mut
6766;nr3c1_mut;0.24888286412819827;1.0;afdn_mut
6767;nr3c1_mut;0.24387119911878472;1.0;erbb3_mut
6768;nr3c1_mut;0.2388649375217802;1.0;rb1_mut
6769;nr3c1_mut;0.2238784859595956;1.0;alk_mut
6771;nr3c1_mut;0.2238784859595956;1.0;ubr5_mut
6776;nr3c1_mut;0.20397167060130533;1.0;asxl1_mut
6777;nr3c1_mut;0.19900832345480735;1.0;fancd2_mut
6778;nr3c1_mut;0.19405030178808014;1.0;taf1_mut
6810;nr3c1_mut;0.10084844680287589;1.0;cdkn1b_mut
6781;nr3c1_mut;0.17920810409373747;1.0;brca1_mut
6782;nr3c1_mut;0.17427129886492687;1.0;foxo3_mut
6783;nr3c1_mut;0.1742712988649269;1.0;usp28_mut
6786;nr3c1_mut;0.16441352842408252;1.0;arid2_mut
6787;nr3c1_mut;0.159492546279909;1.0;aff2_mut
6788;nr3c1_mut;0.15949254627990897;1.0;lifr_mut
6789;nr3c1_mut;0.1496663459493116;1.0;ncoa3_mut
6790;nr3c1_mut;0.14966634594931164;1.0;bap1_mut
6791;nr3c1_mut;0.1447611109390268;1.0;l1cam_mut
6792;nr3c1_mut;0.14476111093902674;1.0;pbrm1_mut
6794;nr3c1_mut;0.13496632930335134;1.0;jak1_mut
593;cellularity;0.0;1.0;cancer_type
612;cellularity;0.0;1.0;radio_therapy
620;cellularity;85.61554538170904;1.0;kmt2c_mut
6795;nr3c1_mut;0.13496632930335137;1.0;setdb1_mut
6796;nr3c1_mut;0.13496632930335134;1.0;arid5b_mut
6797;nr3c1_mut;0.1300767659615144;1.0;egfr_mut
6798;nr3c1_mut;0.1300767659615144;1.0;map3k10_mut
6800;nr3c1_mut;0.1251924098223844;1.0;erbb4_mut
6801;nr3c1_mut;0.12031325257217317;1.0;agmo_mut
6802;nr3c1_mut;0.11543928591478131;1.0;zfp36l1_mut
6803;nr3c1_mut;0.11543928591478131;1.0;smad4_mut
6804;nr3c1_mut;0.11057050157175136;1.0;casp8_mut
6805;nr3c1_mut;0.11057050157175138;1.0;prkcq_mut
6806;nr3c1_mut;0.11057050157175137;1.0;smarcc1_mut
6807;nr3c1_mut;0.11057050157175138;1.0;palld_mut
6808;nr3c1_mut;0.11057050157175138;1.0;dcaf4l2_mut
6809;nr3c1_mut;0.10570689128222094;1.0;bcas3_mut
3884;hdac9_mut;106.16362166714057;1.0;nottingham_prognostic_index
3886;hdac9_mut;0.0;1.0;overall_survival
3887;hdac9_mut;0.0;1.0;pr_status
3893;hdac9_mut;140.2268790964494;1.0;tp53_mut
3898;hdac9_mut;2.496721741410962;1.0;gata3_mut
4092;prkacg_mut;0.48162201077967814;1.0;thsd7a_mut
4098;prkacg_mut;0.4246744052987323;1.0;ubr5_mut
4100;prkacg_mut;0.41521887675733826;1.0;asxl2_mut
4102;prkacg_mut;0.3963383049895678;1.0;ctcf_mut
4105;prkacg_mut;0.36809341530371564;1.0;taf1_mut
4106;prkacg_mut;0.36809341530371575;1.0;kdm6a_mut
3900;hdac9_mut;1.8508306822198652;1.0;ahnak_mut
3902;hdac9_mut;1.8045890590445208;1.0;cdh1_mut
3910;hdac9_mut;1.189759195224613;1.0;akap9_mut
3912;hdac9_mut;1.0820154481576747;1.0;birc6_mut
6812;nr3c1_mut;0.1008484468028759;1.0;men1_mut
6813;nr3c1_mut;0.09599515990790382;1.0;brip1_mut
6814;nr3c1_mut;0.09114702238894759;1.0;nrg3_mut
6816;nr3c1_mut;0.09114702238894759;1.0;ttyh1_mut
6818;nr3c1_mut;0.08630402605505917;1.0;map3k13_mut
3916;hdac9_mut;0.9648739196126088;1.0;arid1a_mut
3917;hdac9_mut;0.954295331402373;1.0;lama2_mut
3919;hdac9_mut;0.9226296236472296;1.0;cbfb_mut
3920;hdac9_mut;0.8910685959177234;1.0;ncor2_mut
3921;hdac9_mut;0.8178303822841597;1.0;col12a1_mut
3923;hdac9_mut;0.7866145644184257;1.0;pten_mut
3925;hdac9_mut;0.7658609719530476;1.0;atr_mut
3928;hdac9_mut;0.7451527673334117;1.0;stab2_mut
3929;hdac9_mut;0.7038719273551521;1.0;myh9_mut
4075;prkacg_mut;0.7229298263781021;1.0;thada_mut
4080;prkacg_mut;0.6353019686353019;1.0;nf1_mut
4082;prkacg_mut;0.558128627542944;1.0;ros1_mut
4083;prkacg_mut;0.5485290168216997;1.0;lamb3_mut
4090;prkacg_mut;0.5006866325785244;1.0;setd2_mut
6839;tbl1xr1_mut;0.0;1.0;cancer_type
3932;hdac9_mut;0.6320623357462308;1.0;map2k4_mut
3936;hdac9_mut;0.5709447155237485;1.0;erbb2_mut
3939;hdac9_mut;0.5304198790519044;1.0;ptprd_mut
3940;hdac9_mut;0.5304198790519044;1.0;usp9x_mut
3943;hdac9_mut;0.5102231057994681;1.0;thsd7a_mut
3944;hdac9_mut;0.5001410684230495;1.0;afdn_mut
3945;hdac9_mut;0.49006990703085596;1.0;erbb3_mut
3946;hdac9_mut;0.4800096040336941;1.0;rb1_mut
4060;prkacg_mut;1.092435452211988;1.0;tg_mut
4061;prkacg_mut;1.0213619295422296;1.0;birc6_mut
4067;prkacg_mut;0.9008012988112486;1.0;notch1_mut
3947;hdac9_mut;0.44989367008847686;1.0;alk_mut
3951;hdac9_mut;0.4398766255361409;1.0;asxl2_mut
6854;tbl1xr1_mut;0.0;1.0;primary_tumor_laterality
526;neoplasm_histologic_grade;1.8113696850680385;1.0;pik3r1_mut
3952;hdac9_mut;0.4198748321151412;1.0;apc_mut
3953;hdac9_mut;0.4198748321151412;1.0;ctcf_mut
3954;hdac9_mut;0.40989004855723615;1.0;asxl1_mut
3955;hdac9_mut;0.39991598403696704;1.0;fancd2_mut
3956;hdac9_mut;0.3899526213026637;1.0;taf1_mut
3957;hdac9_mut;0.3899526213026638;1.0;kdm6a_mut
3958;hdac9_mut;0.37005793237018064;1.0;ctnna3_mut
3959;hdac9_mut;0.3601265718532688;1.0;brca1_mut
3960;hdac9_mut;0.3502058444846621;1.0;foxo3_mut
3961;hdac9_mut;0.35020584448466213;1.0;usp28_mut
3962;hdac9_mut;0.3303962209582571;1.0;brca2_mut
4043;prkacg_mut;114.18938329964946;1.0;muc16_mut
4047;prkacg_mut;2.0443961366141057;1.0;gata3_mut
4050;prkacg_mut;1.7361491045701567;1.0;dnah11_mut
4054;prkacg_mut;1.3508715514381233;1.0;ush2a_mut
6863;tbl1xr1_mut;13.833195280555909;1.0;pik3ca_mut
6869;tbl1xr1_mut;3.013105605022518;1.0;gata3_mut
6873;tbl1xr1_mut;38.56194800934181;1.0;cdh1_mut
6874;tbl1xr1_mut;0.6870372241386776;1.0;dnah2_mut
469;neoplasm_histologic_grade;140.0886417414767;1.0;tp53_mut
470;neoplasm_histologic_grade;126.09773566549765;1.0;muc16_mut
372;primary_tumor_laterality;3.089426579992041;1.0;afdn_mut
376;primary_tumor_laterality;2.7790428546968227;1.0;adgra2_mut
6875;tbl1xr1_mut;0.6375996249413969;1.0;kmt2d_mut
6876;tbl1xr1_mut;0.6326866759900072;1.0;ush2a_mut
6881;tbl1xr1_mut;0.5259929306595452;1.0;akap9_mut
6882;tbl1xr1_mut;0.511646983947387;1.0;tg_mut
6886;tbl1xr1_mut;0.43125305014021886;1.0;col6a3_mut
380;primary_tumor_laterality;2.593613179369998;1.0;apc_mut
382;primary_tumor_laterality;2.5319360693167856;1.0;asxl1_mut
6894;tbl1xr1_mut;0.3477625570776255;1.0;pten_mut
6896;tbl1xr1_mut;0.3385873870378453;1.0;atr_mut
6898;tbl1xr1_mut;0.33400733087739704;1.0;ncor1_mut
6899;tbl1xr1_mut;0.3294322829795627;1.0;stab2_mut
6900;tbl1xr1_mut;0.3111820100777817;1.0;myh9_mut
6901;tbl1xr1_mut;0.30208671058531367;1.0;runx1_mut
6902;tbl1xr1_mut;0.29754649163931857;1.0;nf1_mut
6903;tbl1xr1_mut;0.27943496606127316;1.0;map2k4_mut
6905;tbl1xr1_mut;0.25690599522028973;1.0;lamb3_mut
6906;tbl1xr1_mut;0.25690599522028973;1.0;arid1b_mut
4056;prkacg_mut;1.2777743883838686;1.0;dnah5_mut
4030;prkacg_mut;0.0;1.0;inferred_menopausal_state
3963;hdac9_mut;0.33039622095825716;1.0;cacna2d3_mut
3966;hdac9_mut;0.32050729077457846;1.0;lifr_mut
3967;hdac9_mut;0.30076110877406736;1.0;ncoa3_mut
3968;hdac9_mut;0.3007611087740675;1.0;bap1_mut
3970;hdac9_mut;0.2909038231489457;1.0;pbrm1_mut
3971;hdac9_mut;0.2712207783985693;1.0;chd1_mut
3973;hdac9_mut;0.27122077839856923;1.0;setdb1_mut
3974;hdac9_mut;0.27122077839856923;1.0;arid5b_mut
3976;hdac9_mut;0.26139498568088;1.0;map3k10_mut
3978;hdac9_mut;0.25157965706619145;1.0;erbb4_mut
3980;hdac9_mut;0.23198032535366978;1.0;zfp36l1_mut
3981;hdac9_mut;0.23198032535366978;1.0;smad4_mut
3982;hdac9_mut;0.2221962889485354;1.0;casp8_mut
6907;tbl1xr1_mut;0.25241484610356063;1.0;erbb2_mut
6909;tbl1xr1_mut;0.247928560169416;1.0;shank2_mut
6911;tbl1xr1_mut;0.23449880260006842;1.0;usp9x_mut
6912;tbl1xr1_mut;0.2344988026000684;1.0;setd2_mut
6913;tbl1xr1_mut;0.23003189061905188;1.0;setd1a_mut
6914;tbl1xr1_mut;0.22556980251706443;1.0;thsd7a_mut
6915;tbl1xr1_mut;0.2211125304842643;1.0;afdn_mut
6917;tbl1xr1_mut;0.21221240347106118;1.0;rb1_mut
6918;tbl1xr1_mut;0.19889813919054555;1.0;alk_mut
6919;tbl1xr1_mut;0.19889813919054558;1.0;adgra2_mut
6921;tbl1xr1_mut;0.19446960050660148;1.0;pik3r1_mut
6922;tbl1xr1_mut;0.19446960050660148;1.0;asxl2_mut
6923;tbl1xr1_mut;0.18562680107106336;1.0;apc_mut
6924;tbl1xr1_mut;0.18562680107106339;1.0;ctcf_mut
6926;tbl1xr1_mut;0.1768029877856821;1.0;fancd2_mut
6927;tbl1xr1_mut;0.1723981818511074;1.0;taf1_mut
6928;tbl1xr1_mut;0.1723981818511074;1.0;kdm6a_mut
6929;tbl1xr1_mut;0.1636027333450916;1.0;ctnna3_mut
6930;tbl1xr1_mut;0.15921207560132794;1.0;brca1_mut
6931;tbl1xr1_mut;0.15482611877591954;1.0;foxo3_mut
6933;tbl1xr1_mut;0.14606827771384734;1.0;brca2_mut
6934;tbl1xr1_mut;0.14606827771384734;1.0;cacna2d3_mut
6935;tbl1xr1_mut;0.14606827771384734;1.0;arid2_mut
6936;tbl1xr1_mut;0.1416963784343308;1.0;aff2_mut
6937;tbl1xr1_mut;0.1416963784343308;1.0;lifr_mut
6938;tbl1xr1_mut;0.1329665848916763;1.0;ncoa3_mut
6939;tbl1xr1_mut;0.13296658489167631;1.0;bap1_mut
6940;tbl1xr1_mut;0.12860867568188267;1.0;l1cam_mut
6941;tbl1xr1_mut;0.12860867568188267;1.0;pbrm1_mut
6942;tbl1xr1_mut;0.11990679513823287;1.0;chd1_mut
6943;tbl1xr1_mut;0.11990679513823284;1.0;jak1_mut
6944;tbl1xr1_mut;0.11990679513823285;1.0;setdb1_mut
6945;tbl1xr1_mut;0.11990679513823284;1.0;arid5b_mut
6946;tbl1xr1_mut;0.11556280895315038;1.0;egfr_mut
6947;tbl1xr1_mut;0.11556280895315037;1.0;map3k10_mut
6948;tbl1xr1_mut;0.11556280895315038;1.0;smarcc2_mut
6950;tbl1xr1_mut;0.10688870774696117;1.0;agmo_mut
6951;tbl1xr1_mut;0.10255857796929704;1.0;zfp36l1_mut
6952;tbl1xr1_mut;0.10255857796929707;1.0;smad4_mut
6953;tbl1xr1_mut;0.0982330522636985;1.0;casp8_mut
6954;tbl1xr1_mut;0.0982330522636985;1.0;prkcq_mut
3983;hdac9_mut;0.2221962889485354;1.0;prkcq_mut
3985;hdac9_mut;0.2221962889485354;1.0;palld_mut
3987;hdac9_mut;0.2124226500316105;1.0;bcas3_mut
3990;hdac9_mut;0.20265939203759256;1.0;men1_mut
3991;hdac9_mut;0.19290649843634966;1.0;brip1_mut
4017;prkacg_mut;0.0;1.0;cancer_type
