;train_Accuracy;train_TotalF1;train_MultiClass;val_Accuracy;val_TotalF1;val_MultiClass
0;0.42068361086765993;0.24914020137751608;1.097383512445175;0.4225721784776903;0.251048415995971;1.0973650960281192
1;0.44960560911481157;0.312089926239397;1.0941793576011318;0.44881889763779526;0.31145368333097706;1.0952492734305757
2;0.5766871165644172;0.49156216391629287;1.0871035068008534;0.5354330708661418;0.4542640735766909;1.0885910606358584
3;0.5652936021034181;0.47836566143856035;1.086060728883484;0.5249343832020997;0.44107025806727135;1.0875377517288574
4;0.574934268185802;0.4896730152376878;1.0811941552975493;0.5380577427821522;0.4565970598912199;1.082194190584674
5;0.5793163891323401;0.49156853617562984;1.0751922163649024;0.5590551181102362;0.47529751341911936;1.076431357490928
6;0.5705521472392638;0.4827516009221444;1.0737618574055927;0.5590551181102362;0.47383213869566754;1.0750833901536612
7;0.5670464504820333;0.47897621240843136;1.0722987048173123;0.5590551181102362;0.4738368815009235;1.0737710313311815
8;0.5687992988606485;0.48121720032415916;1.0704935749983067;0.5590551181102362;0.4746706216288666;1.0721187883919312
9;0.5766871165644172;0.48731295843668665;1.0662546448435857;0.5511811023622047;0.4648630344906801;1.0674020590667928
10;0.5687992988606485;0.47904735876803384;1.065544578203959;0.5485564304461942;0.4605326945944662;1.0666934166877928
11;0.5644171779141104;0.47375019053905365;1.0617032937474886;0.5406824146981627;0.45255679101739626;1.0622890859654974
12;0.5705521472392638;0.4816975961189682;1.0532634870615727;0.5485564304461942;0.46317510728835376;1.0535142093330119
13;0.567922874671341;0.47857751557010825;1.0526328320012264;0.5485564304461942;0.4634427984980911;1.052881521525045
14;0.567922874671341;0.4781375754895668;1.0520526977945444;0.5511811023622047;0.4655870772426183;1.052320824805387
15;0.5644171779141104;0.47389705978570185;1.0487784717398034;0.5511811023622047;0.4655870772426183;1.0484704475265614
16;0.5670464504820333;0.476465722774967;1.0467132382164877;0.5485564304461942;0.46142957776902;1.0459958856617566
17;0.5600350569675723;0.4688834927430144;1.0462379901065333;0.5459317585301837;0.4578131585199912;1.0455241026661992
18;0.5565293602103418;0.46518393511668005;1.0457898998415132;0.5459317585301837;0.45761270693354;1.0450793964700478
19;0.5495179666958808;0.4570940391117279;1.0425643990523885;0.5433070866141733;0.4532310499814133;1.0413790648776833
20;0.5433829973707275;0.4502394639786009;1.0421630776576274;0.5433070866141733;0.4538204577574656;1.0409816676789212
21;0.5766871165644172;0.4862292114217348;1.0366933041131012;0.5511811023622047;0.46531258689843485;1.03593499775156
22;0.574934268185802;0.48466007240960396;1.0363360865179645;0.5538057742782152;0.46679928771207635;1.0355826579380991
23;0.5687992988606485;0.4782054399820367;1.035991780416445;0.5511811023622047;0.4625334454552404;1.0351728733536476
24;0.5793163891323401;0.48932706130147213;1.0301892545044897;0.5564304461942258;0.46958304293004616;1.0298875331794284
25;0.5793163891323401;0.4890262562830102;1.0292660936663622;0.5643044619422573;0.4773729101138273;1.028825411827915
26;0.5758106923751095;0.48556890601822794;1.028964828095398;0.5590551181102362;0.4719375831445727;1.028736615184957
27;0.5740578439964943;0.48387524655100767;1.0286942713352412;0.5590551181102362;0.47218133713790367;1.0284692554620793
28;0.5758106923751095;0.4855137182462565;1.027045481850993;0.5616797900262467;0.47296843771822106;1.0267708220790606
29;0.5723049956178791;0.4818973328294712;1.0268041004937702;0.5590551181102362;0.47067084437886714;1.0265321466682271
30;0.5705521472392638;0.47980596704857714;1.0265514277234793;0.5616797900262467;0.4730497205711426;1.0263177163628
31;0.5740578439964943;0.4835414487139156;1.0249501273896486;0.5643044619422573;0.47557230718717275;1.024940384682836
32;0.5845749342681859;0.49474031536687224;1.0201902973030597;0.5590551181102362;0.4720681544222978;1.020620638021666
33;0.5845749342681859;0.49438561495149114;1.0199843665281965;0.5590551181102362;0.47225210061590883;1.020426553815619
34;0.5872042068361086;0.4967210707571014;1.0160063325829891;0.5643044619422573;0.47667082295016505;1.0160124033017797
35;0.5845749342681859;0.4941062414374838;1.0158327155687814;0.5643044619422573;0.4768526140432879;1.0158431150230556
36;0.588957055214724;0.49871275074931903;1.0114762905997683;0.5669291338582677;0.4795213899544608;1.0123079619331619
37;0.588957055214724;0.49863884896332156;1.009897690976673;0.5669291338582677;0.4795213899544608;1.0101582392043997
38;0.5915863277826467;0.501014757121938;1.006259828880273;0.5669291338582677;0.47883918265829384;1.006801598355665
39;0.5915863277826467;0.5009493416650609;1.0044241763790784;0.5669291338582677;0.4786960390634931;1.0047970265673478
40;0.5915863277826467;0.5009898146767072;1.0028112519201695;0.5695538057742782;0.4814777426325983;1.003390538876537
41;0.588957055214724;0.4988217674043675;0.9983971038853245;0.5721784776902887;0.484748659472355;0.9997956289885064
42;0.5836985100788782;0.49399074736768755;0.9946320375361178;0.5643044619422573;0.4775650372763234;0.9962223135987313
43;0.5915863277826467;0.501923268685277;0.9910535802560912;0.5669291338582677;0.48050388011559025;0.9932121160976262
44;0.595968448729185;0.5058733110779811;0.9892984557269737;0.5695538057742782;0.4829420970266041;0.9913028187760303
45;0.5950920245398773;0.5049524484790747;0.988423959854334;0.5695538057742782;0.48199052966231015;0.9903489590494958
46;0.5933391761612621;0.503231771362937;0.9882682882751516;0.5695538057742782;0.48199052966231015;0.9902238795246842
47;0.5933391761612621;0.5032940697157426;0.9879156652430597;0.5695538057742782;0.48214174886825034;0.9899114942265776
48;0.5950920245398773;0.5048585893805537;0.987406766408919;0.5695538057742782;0.4826258273881119;0.9896097078425776
49;0.5950920245398773;0.5048585893805537;0.9873277723335635;0.5695538057742782;0.48214174886825034;0.9895340463584977
50;0.5977212971078002;0.5072352014165755;0.9862603153471664;0.5748031496062992;0.4873423529857298;0.9882590722198071
51;0.5968448729184925;0.5064403387535116;0.9850888690960711;0.5748031496062992;0.4873423529857298;0.986706114371039
52;0.5985977212971078;0.508254655257866;0.9816809600925204;0.5695538057742782;0.48247851646361684;0.9841790067226729
53;0.5985977212971078;0.5083152192713439;0.9815549708952613;0.5695538057742782;0.48247851646361684;0.9840931973406799
54;0.5968448729184925;0.5072029375960037;0.9788306801699796;0.5721784776902887;0.4852134687122328;0.9817637396182569
55;0.5968448729184925;0.5069969677186826;0.9761453951732993;0.5721784776902887;0.4852134687122328;0.9786996743575308
56;0.5977212971078002;0.5077845312078143;0.9754680700838948;0.5721784776902887;0.4853723195196334;0.9778987280356137
57;0.5977212971078002;0.5076486851638687;0.9742712943278734;0.5748031496062992;0.4912395671667318;0.9769137492006754
58;0.5977212971078002;0.5076486851638687;0.9742154199516939;0.5695538057742782;0.4827832074794356;0.9768824630994681
59;0.595968448729185;0.5060669357909109;0.9736152111592654;0.5774278215223098;0.4938188162461758;0.9759282543037487
60;0.595968448729185;0.5062182021333583;0.9703413849610651;0.5748031496062992;0.49140545925861706;0.9728533287252982
61;0.5942156003505696;0.5046426757632289;0.9685635594318902;0.5721784776902887;0.4888117416690462;0.970812778956496
62;0.595968448729185;0.5061435726614063;0.9673882459548904;0.5748031496062992;0.49140545925861706;0.9697788420982095
63;0.5985977212971078;0.5087361293470465;0.9637633135905173;0.5800524934383202;0.4962270831973777;0.9666601261998241
64;0.5977212971078002;0.5078815284245106;0.9636807470569828;0.5800524934383202;0.4962270831973777;0.9666111519428278
65;0.6021034180543383;0.5119656165491474;0.9606099270213779;0.5774278215223098;0.4938188162461758;0.9646161493630777
66;0.6038562664329535;0.5138524918635361;0.9556380296821777;0.5853018372703412;0.5011706326861552;0.9600555321541536
67;0.6038562664329535;0.5138524918635361;0.9556082238772224;0.5853018372703412;0.5011706326861552;0.9600286357170602
68;0.6056091148115688;0.5167093524017509;0.9550669373958944;0.5826771653543307;0.49916792093981555;0.959251362672903
69;0.6047326906222612;0.5147847972373024;0.9548714645864365;0.5800524934383202;0.4966329033242702;0.9593175324622745
70;0.6029798422436459;0.5141927055858142;0.9541951558862088;0.5774278215223098;0.4939431568979453;0.9586675094713581
71;0.6029798422436459;0.5142469198821394;0.9541538556619249;0.5774278215223098;0.4939431568979453;0.9586504452715336
72;0.6056091148115688;0.5166487443472494;0.9536853732007202;0.5826771653543307;0.4990233488431668;0.9580915429570879
73;0.6064855390008764;0.517543152617049;0.9526849794006996;0.5826771653543307;0.4990233488431668;0.9574037506410505
74;0.6073619631901841;0.5195672256522038;0.9515485680545087;0.5800524934383202;0.49648924342882533;0.9565260965730664
75;0.6126205083260298;0.5245084813247951;0.9486677702150086;0.5826771653543307;0.4990233488431668;0.9538663110403092
76;0.6126205083260298;0.5245084813247951;0.948641110729345;0.5826771653543307;0.4990233488431668;0.9538506188205178
77;0.6064855390008764;0.5178008154638306;0.9452436493907239;0.5748031496062992;0.4925843400514533;0.9510076900129663
78;0.6064855390008764;0.5178008154638306;0.9452266010819589;0.5748031496062992;0.4925843400514533;0.9509925950177284
79;0.6038562664329535;0.5155725076430401;0.9425756381864933;0.5695538057742782;0.48766554385012734;0.9491360980981507
80;0.6047326906222612;0.5163925051325636;0.9401521747356588;0.5669291338582677;0.48499784452565764;0.9470119088383661
81;0.6047326906222612;0.5163925051325636;0.9401234609402285;0.5669291338582677;0.48499784452565764;0.9469976550949131
82;0.6047326906222612;0.5162811129947064;0.9390679527574685;0.5695538057742782;0.4871264649141656;0.9456487672313084
83;0.6038562664329535;0.5156617107997025;0.9371018994765747;0.5721784776902887;0.4898051424251557;0.9440824754324044
84;0.6056091148115688;0.518682235527326;0.9353684530484887;0.5774278215223098;0.49408578363507055;0.9424931981321947
85;0.6038562664329535;0.5167273741522848;0.9326955632641525;0.5721784776902887;0.4898051424251557;0.940269736740118
86;0.6064855390008764;0.5205145857964893;0.9315300709911163;0.5748031496062992;0.4919451796947411;0.939951328040816
87;0.6064855390008764;0.5192388990866174;0.928843656213324;0.5721784776902887;0.4898051424251557;0.9376705207680222
88;0.6073619631901841;0.5202003346195289;0.9266048752124264;0.5748031496062992;0.4922075646287955;0.9361039424419321
89;0.6082383873794917;0.5221962437196308;0.9263313599144399;0.5748031496062992;0.4922075646287955;0.9359337724426615
90;0.6099912357581069;0.5239604764920359;0.9249966929585992;0.5774278215223098;0.4981134091259671;0.9345103159366329
91;0.6099912357581069;0.5241096979053108;0.924635608454859;0.5800524934383202;0.5001256575949083;0.9339806886795289
92;0.6099912357581069;0.5241116801366436;0.9239302867599753;0.5826771653543307;0.5027933569193781;0.9334529459902714
93;0.6099912357581069;0.5241116801366436;0.9235169102459901;0.5826771653543307;0.5027933569193781;0.9331392626614313
94;0.6099912357581069;0.5242625432144356;0.9225542924084235;0.5853018372703412;0.5084713069406813;0.9319183493604931
95;0.6108676599474145;0.5272948155606993;0.9216193380086645;0.5853018372703412;0.5086140887832342;0.9310978572455979
96;0.6108676599474145;0.5272434725622241;0.9202346331079616;0.5853018372703412;0.5086140887832342;0.9297488053571432
97;0.6108676599474145;0.5271933069751575;0.9198704577826264;0.5853018372703412;0.5086140887832342;0.9292628861083145
98;0.6117440841367222;0.5291070859125986;0.9180723505394507;0.5853018372703412;0.5086140887832342;0.9272203966101482
99;0.6178790534618755;0.5434212796173221;0.9157924265697389;0.5826771653543307;0.5064542559694274;0.9251028460625718
100;0.6170026292725679;0.5415963347901341;0.9157869655505155;0.5826771653543307;0.5064542559694274;0.9250983367181053
101;0.621384750219106;0.5487537406894314;0.9155183554762378;0.5826771653543307;0.5064542559694274;0.9248215539512539
102;0.6187554776511832;0.5431581187916034;0.915127060684664;0.5826771653543307;0.5064542559694274;0.9244066236182154
103;0.6205083260297984;0.5467527783459102;0.9147649107845268;0.5826771653543307;0.5060773049115901;0.9241988135976054
104;0.6205083260297984;0.5467527783459102;0.914760321321705;0.5826771653543307;0.5060773049115901;0.9241949464129274
105;0.6205083260297984;0.5458242499362899;0.9134907956648617;0.5826771653543307;0.5064542559694274;0.9229468328898008
106;0.6222611744084137;0.5485153922538144;0.9129273101340802;0.5826771653543307;0.5069915915385469;0.9221518626036208
107;0.6222611744084137;0.5485153922538144;0.9129233272392167;0.5826771653543307;0.5069915915385469;0.9221486517035049
108;0.6187554776511832;0.543597978399731;0.9107901743097349;0.5826771653543307;0.5069915915385469;0.920817809381675
109;0.6187554776511832;0.5434200238735195;0.9107602430268945;0.5826771653543307;0.5069915915385469;0.9208017311709065
110;0.6187554776511832;0.5433232546599919;0.9105222827760692;0.5826771653543307;0.50673329705738;0.9207013474283224
111;0.6187554776511832;0.5433232546599919;0.9105080084240902;0.5826771653543307;0.5068574136352175;0.9207009684465531
112;0.6196319018404908;0.5441497430821439;0.9102048534808156;0.5853018372703412;0.5088841387118491;0.9202890454431127
113;0.6196319018404908;0.5441497430821439;0.9102019427999051;0.5853018372703412;0.5088841387118491;0.9202869423905145
114;0.6196319018404908;0.5441497430821439;0.9098532264561514;0.5853018372703412;0.5088841387118491;0.920256816677609
115;0.6205083260297984;0.5460201310650876;0.9095109783667076;0.5853018372703412;0.5088841387118491;0.9197886182717591
116;0.6205083260297984;0.5460201310650876;0.9094820557106724;0.5853018372703412;0.5088841387118491;0.9197911298643404
117;0.6231375985977213;0.5484021008543063;0.9091130437979443;0.5879265091863517;0.5103605214078246;0.9197127605724262
118;0.621384750219106;0.5449611403467114;0.9073564802232504;0.5826771653543307;0.5061893184964922;0.9185248605351698
119;0.6248904469763366;0.5502241759730875;0.9055286789761838;0.5826771653543307;0.5061893184964922;0.9171426108691566
120;0.6222611744084137;0.546886673416608;0.9051010849223532;0.5826771653543307;0.506316768503732;0.9168295792418975
121;0.621384750219106;0.5460286518349498;0.9049127164521961;0.5826771653543307;0.5064542559694274;0.9167091416398092
122;0.6248904469763366;0.5512695884960926;0.9040017752043555;0.5826771653543307;0.5061893184964922;0.9156865634911198
123;0.6231375985977213;0.5498033775765678;0.902156032834759;0.5826771653543307;0.5060718480994072;0.9144276288203037
124;0.6248904469763366;0.5513156331294573;0.9018497874439864;0.5826771653543307;0.5060718480994072;0.9141941704080077
125;0.6248904469763366;0.551399100790234;0.9001235420318611;0.5800524934383202;0.5039278085858107;0.9128968201131273
126;0.6248904469763366;0.5503556957713813;0.899394482825269;0.5826771653543307;0.5060718480994072;0.9124662586776263
127;0.6266432953549518;0.5529563074501512;0.8989443262341326;0.5826771653543307;0.5066191841867774;0.912284392754705
128;0.6275197195442594;0.5559220328135716;0.8981020551127231;0.5826771653543307;0.5066191841867774;0.9114622456624836
129;0.6275197195442594;0.5559220328135716;0.8981007846088181;0.5826771653543307;0.5066191841867774;0.9114618521351103
130;0.6301489921121823;0.5615689409790803;0.8972341034680906;0.5853018372703412;0.5091396908719743;0.9103683141803367
131;0.628396143733567;0.5589565414733774;0.8967270562107286;0.5879265091863517;0.5146863144875812;0.9100353631419665
132;0.628396143733567;0.5590211237928494;0.8962183102847376;0.5853018372703412;0.512162401380457;0.9096157929202101
133;0.6275197195442594;0.5570225061013354;0.8955526863409636;0.5853018372703412;0.5150754410122456;0.9092610356161186
134;0.628396143733567;0.5589565414733774;0.8951854738492444;0.5879265091863517;0.5205382036445629;0.9093235536172898
135;0.6292725679228747;0.5614076379941239;0.8934624890845864;0.5853018372703412;0.5155424406057857;0.9078825448939126
136;0.6336546888694128;0.5691537388205071;0.8918208612230829;0.5905511811023622;0.5295525388749914;0.9061200889208849
137;0.6362839614373357;0.5752453383829536;0.8910950036467865;0.5905511811023622;0.5295525388749914;0.9054079527496804
138;0.635407537248028;0.5745494286436539;0.8901816054466128;0.5905511811023622;0.5295525388749914;0.9045105470410266
139;0.635407537248028;0.5753184052563299;0.8886557843360482;0.5905511811023622;0.5295525388749914;0.9034587941054603
140;0.6336546888694128;0.5719851210504668;0.8881543236126025;0.5905511811023622;0.529646873368417;0.90306594808862
141;0.6319018404907976;0.5694764423939602;0.8869449832783;0.5879265091863517;0.5244381958007664;0.9021193738907037
142;0.6310254163014899;0.5677880437294213;0.886911899467776;0.5879265091863517;0.5244381958007664;0.9021001210321893
143;0.6362839614373357;0.5781184144771251;0.8851066991732247;0.5984251968503937;0.5421077712912002;0.9004752448868311
144;0.6362839614373357;0.5789506847918601;0.8840372466137523;0.5984251968503937;0.5421077712912002;0.8997441051256083
145;0.6371603856266433;0.5797800411436442;0.8824427635990948;0.5984251968503937;0.542195657275393;0.898287314605624
146;0.6371603856266433;0.5797800411436442;0.8822272332744684;0.5984251968503937;0.542195657275393;0.8981814321861931
147;0.6371603856266433;0.5797800411436442;0.8822267686509889;0.5984251968503937;0.542195657275393;0.8981812347764127
148;0.6371603856266433;0.5797800411436442;0.8821022526594673;0.5984251968503937;0.542195657275393;0.8981891056057494
149;0.6371603856266433;0.5797800411436442;0.8819159165995402;0.5984251968503937;0.542195657275393;0.8978721577547509
150;0.6371603856266433;0.5797800411436442;0.8815978301495593;0.5958005249343832;0.5396369388372749;0.8974437818795209
151;0.6380368098159509;0.5814037663405879;0.8805761720247727;0.5931758530183727;0.5346797595113744;0.8960181594647999
152;0.6362839614373357;0.5789208920697632;0.8801507594228928;0.5958005249343832;0.5396369388372749;0.8957047194382547
153;0.635407537248028;0.5772894230767711;0.8800664504958754;0.5984251968503937;0.542195657275393;0.8956371773670649
154;0.6380368098159509;0.5831525633442148;0.8787841042724547;0.5984251968503937;0.542195657275393;0.8942388976450328
155;0.6371603856266433;0.5815507127546073;0.8787838148292655;0.5984251968503937;0.542195657275393;0.8942387908715076
156;0.6345311130587205;0.579173610457097;0.8772773387434938;0.5931758530183727;0.5373655844084625;0.8932589733361541
157;0.6345311130587205;0.579173610457097;0.8772770972291357;0.5958005249343832;0.5396369388372749;0.8932588245436451
158;0.6345311130587205;0.5783331174593463;0.8760556051817809;0.5958005249343832;0.5399393520878335;0.8923389509926088
159;0.6345311130587205;0.5783331174593463;0.8759940116831739;0.5958005249343832;0.5399393520878335;0.8923564947512376
160;0.6362839614373357;0.5843381486674092;0.8743856626512955;0.5958005249343832;0.5399393520878335;0.8905502385375452
161;0.6389132340052586;0.5898421667012916;0.8731822325619866;0.5958005249343832;0.5406641863379288;0.8893423598149777
162;0.6389132340052586;0.5900566966023822;0.8729511503688313;0.5958005249343832;0.5406641863379288;0.8890105798834472
163;0.6380368098159509;0.5894056839369484;0.8717037209809249;0.5984251968503937;0.5457586399159505;0.8876785771614858
164;0.6389132340052586;0.5909431152698648;0.8714497321837841;0.5984251968503937;0.5457586399159505;0.8876896986090959
165;0.6389132340052586;0.5909431152698648;0.8714495327941639;0.5984251968503937;0.5457586399159505;0.8876893798160048
166;0.6406660823838738;0.5939490519465463;0.8711161407184782;0.5984251968503937;0.5457586399159505;0.8876774884226414
167;0.6406660823838738;0.5939490519465463;0.8710939968904927;0.5984251968503937;0.5457586399159505;0.8876837396650799
168;0.6415425065731815;0.5954918954216252;0.8708636918069103;0.5931758530183727;0.5417049341847026;0.8875346895710378
169;0.6450482033304119;0.6031202847805536;0.8683442253565969;0.5984251968503937;0.5512636372622707;0.8853986113371036
170;0.6450482033304119;0.6031202847805536;0.8681456268304873;0.6010498687664042;0.5557472722934427;0.8850439494719332
171;0.6450482033304119;0.6031202847805536;0.8680247899518637;0.6036745406824147;0.5583535001594586;0.8849036309563764
172;0.6450482033304119;0.6031202847805536;0.8680246782885488;0.6036745406824147;0.5583535001594586;0.8849033099488922
173;0.6459246275197196;0.60407291500766;0.8674626441090835;0.6036745406824147;0.5583535001594586;0.884478289257139
174;0.6441717791411042;0.6017770494788544;0.8670689753735741;0.6036745406824147;0.5583535001594586;0.8840190885626379
175;0.6450482033304119;0.6032241834489345;0.8670037724092585;0.6036745406824147;0.5583535001594586;0.884024267184596
176;0.6485539000876425;0.6078466072526036;0.8665827160776955;0.6036745406824147;0.5583535001594586;0.8836762742516686
177;0.6485539000876425;0.6078466072526036;0.8663429492172247;0.6036745406824147;0.5583535001594586;0.8834006827731585
178;0.6485539000876425;0.607872277529187;0.8652876359607754;0.6036745406824147;0.5583535001594586;0.8826157742930302
179;0.6511831726555652;0.6115293194054161;0.864478813854968;0.6089238845144357;0.5671555331979483;0.8817247041596383
180;0.6520595968448729;0.6130394594759416;0.8640822211308121;0.6089238845144357;0.5646711315081716;0.8810539577167561
181;0.6538124452234881;0.6153910862488313;0.8635618217176178;0.6089238845144357;0.5646034916201419;0.8808547267618101
182;0.6520595968448729;0.6131647630804278;0.8635145206276745;0.6089238845144357;0.5646034916201419;0.8809295247063882
183;0.6581945661700263;0.6224128948373202;0.862225506364415;0.6089238845144357;0.5694706889677295;0.8794760983803411
184;0.6581945661700263;0.6224128948373202;0.8620450700309611;0.6089238845144357;0.5694706889677295;0.8793539681758351
185;0.6608238387379491;0.6260010169555162;0.8616672866097697;0.6089238845144357;0.5696821189805286;0.8789823605541772
186;0.6617002629272568;0.6281692488245503;0.8604446887856712;0.6115485564304461;0.574110824852958;0.8778338402387628
187;0.6617002629272568;0.6280881967350783;0.8604439532031221;0.6115485564304461;0.574110824852958;0.877833253883273
188;0.6590709903593339;0.6251689088095735;0.8592627986718628;0.6115485564304461;0.574110824852958;0.8771294009384262
189;0.6617002629272568;0.6291589522504181;0.8578840891565354;0.6115485564304461;0.574110824852958;0.8758929190093394
190;0.6617002629272568;0.6291589522504181;0.8578673029470063;0.6115485564304461;0.574110824852958;0.8758950703009939
191;0.6617002629272568;0.6293077649006807;0.8575322213352359;0.6115485564304461;0.574110824852958;0.875701609634342
192;0.6617002629272568;0.6294043598158482;0.8564452957796974;0.6141732283464567;0.5767269140678174;0.8750251665814475
193;0.6617002629272568;0.6294043598158482;0.856328994948565;0.6141732283464567;0.5767269140678174;0.8750208262601743
194;0.6599474145486416;0.6265997805875106;0.854621030616459;0.6194225721784777;0.5819263908377699;0.8736620169060156
195;0.6608238387379491;0.6280208173017173;0.8543261508152602;0.6194225721784777;0.5819263908377699;0.8735254750370817
196;0.6608238387379491;0.628579129448014;0.8540728441942849;0.6194225721784777;0.5819263908377699;0.8732318150398672
197;0.6608238387379491;0.6285267592182328;0.8538955573625815;0.6194225721784777;0.5819263908377699;0.8731001417196771
198;0.663453111305872;0.6325607222514434;0.8536656967175758;0.6194225721784777;0.5819263908377699;0.8728632274023413
199;0.663453111305872;0.6325607222514434;0.8536655938677862;0.6194225721784777;0.5819263908377699;0.8728628370824859
200;0.663453111305872;0.6325607222514434;0.8535243049691467;0.6194225721784777;0.5819263908377699;0.8727646765822807
201;0.6643295354951797;0.6332505277074902;0.8530813454313098;0.6194225721784777;0.5819263908377699;0.872595332968553
202;0.6643295354951797;0.6332505277074902;0.8530812585831974;0.6194225721784777;0.5819263908377699;0.8725951198321017
203;0.6643295354951797;0.6332505277074902;0.8530401056193395;0.6194225721784777;0.5819263908377699;0.8725830274524784
204;0.6652059596844873;0.6346845940167478;0.8523136684201302;0.6194225721784777;0.5819263908377699;0.8719388943262476
205;0.6643295354951797;0.6333683386575467;0.8522027251786355;0.6167979002624672;0.5799725360727297;0.8719321445806169
206;0.6652059596844873;0.6364659995804587;0.8508098216028963;0.6167979002624672;0.5799725360727297;0.8706767255745149
207;0.6660823838737949;0.6388882931187468;0.849501453152433;0.6194225721784777;0.5824426040146381;0.8695041376479206
208;0.6660823838737949;0.6388882931187468;0.8494177803516011;0.6194225721784777;0.5824426040146381;0.8694560463600821
209;0.6669588080631026;0.6401586646295748;0.8494025535232542;0.6194225721784777;0.5824426040146381;0.8694676515035316
210;0.6669588080631026;0.6401586646295748;0.8493571061903527;0.6194225721784777;0.5824426040146381;0.8694257966716735
211;0.6687116564417178;0.6418698231091985;0.8472841662303744;0.6220472440944882;0.5884148510225394;0.8677279294040519
212;0.6695880806310254;0.6435807309685256;0.8462729183474657;0.6246719160104987;0.5926486042372286;0.8668303360147599
213;0.6695880806310254;0.6435807309685256;0.8462700023084596;0.6246719160104987;0.5926486042372286;0.8668312457933588
214;0.670464504820333;0.6448381493963126;0.845913943908149;0.6246719160104987;0.5928903880506171;0.866709292504851
215;0.670464504820333;0.6448381493963126;0.8459109675051083;0.6246719160104987;0.5926812457063076;0.8667096593077429
216;0.6730937773882559;0.6486147981441335;0.8455661631374548;0.6246719160104987;0.5924484588401427;0.8662029556282468
217;0.6713409290096407;0.6465013985061895;0.8453788684617376;0.6246719160104987;0.5924484588401427;0.8662172932264249
218;0.6722173531989483;0.6477453097380063;0.8452962596941527;0.6246719160104987;0.5924484588401427;0.8662118702321943
219;0.6713409290096407;0.6465013985061895;0.8452925697034305;0.6246719160104987;0.5924484588401427;0.8662125959066238
220;0.6713409290096407;0.6465013985061895;0.8452925509004694;0.6246719160104987;0.5924484588401427;0.8662124603456133
221;0.6713409290096407;0.6465013985061895;0.8452925331733274;0.6246719160104987;0.5924484588401427;0.8662123292400833
222;0.6722173531989483;0.6474298197185558;0.84432718850284;0.6246719160104987;0.5924484588401427;0.865380955467012
223;0.6730937773882559;0.6487306719190234;0.843799969126019;0.6246719160104987;0.5926812457063076;0.8649706681616937
224;0.6722173531989483;0.647375208409606;0.8425205368845986;0.6272965879265092;0.5946861790557777;0.8639962586305704
225;0.6722173531989483;0.647375208409606;0.8424565188798867;0.6272965879265092;0.5946861790557777;0.8639965945776276
226;0.6730937773882559;0.6493601071392645;0.8413814390705645;0.6272965879265092;0.5966511119899754;0.8630199150061864
227;0.6730937773882559;0.6493601071392645;0.8413814307741619;0.6272965879265092;0.5966511119899754;0.863019956533118
228;0.6730937773882559;0.6497603909929172;0.841045626804764;0.6272965879265092;0.5966511119899754;0.8625545019522856
229;0.6713409290096407;0.6483355847968271;0.8405268023097214;0.6246719160104987;0.5946271823889628;0.8621249087572351
230;0.6730937773882559;0.6504393919405924;0.8404347133255543;0.6246719160104987;0.5946271823889628;0.8621597821847803
231;0.6730937773882559;0.6504393919405924;0.8404323533193779;0.6246719160104987;0.5946271823889628;0.8621556170555292
232;0.670464504820333;0.6478329158354452;0.8394549055904149;0.6246719160104987;0.5946271823889628;0.8616829677360298
233;0.670464504820333;0.6477905191667979;0.8391381302163389;0.6246719160104987;0.5946271823889628;0.8615528401259727
234;0.670464504820333;0.6477905191667979;0.838855985903384;0.6246719160104987;0.5948657397114715;0.8615327194559138
235;0.6695880806310254;0.6475559823711108;0.8378097045527597;0.6246719160104987;0.5948657397114715;0.8605723375074729
236;0.6722173531989483;0.6504780102373348;0.8373046866750182;0.6246719160104987;0.5948657397114715;0.8604177745590361
237;0.6730937773882559;0.651586308902862;0.8359960026910704;0.6299212598425197;0.6026426114899722;0.8594444579162622
238;0.6730937773882559;0.651586308902862;0.8359959877051147;0.6299212598425197;0.6026426114899722;0.8594445260812917
239;0.6739702015775635;0.6531617006273015;0.8351849581376817;0.6272965879265092;0.6000146660041635;0.8591693146747058
240;0.6748466257668712;0.6539862431794612;0.8350724349434996;0.6272965879265092;0.6000146660041635;0.8591127908908931
241;0.6730937773882559;0.6520038558267484;0.8346953129189788;0.6272965879265092;0.6000146660041635;0.8587137353587735
242;0.6713409290096407;0.6500307564268103;0.8338847816469648;0.6299212598425197;0.6026426114899722;0.858267324604405
243;0.6739702015775635;0.6535896048283665;0.8330611663482587;0.6299212598425197;0.6026426114899722;0.8575410177487198
244;0.6757230499561788;0.6556518087829878;0.8319991962328939;0.6299212598425197;0.6026426114899722;0.856991710064813
245;0.6748466257668712;0.655853172880091;0.8311204728431737;0.6272965879265092;0.6024923636020515;0.8563685101510932
246;0.6748466257668712;0.655853172880091;0.8310370762237768;0.6272965879265092;0.6024923636020515;0.8563876902339295
247;0.6765994741454864;0.6571984864240091;0.8307731322028636;0.6246719160104987;0.6004333913150229;0.8562020903705715
248;0.6765994741454864;0.6571984864240091;0.8307250240415145;0.6246719160104987;0.6002446392484466;0.8561756003021468
249;0.6730937773882559;0.6533806826485767;0.8301932554789058;0.6272965879265092;0.6024923636020515;0.8555771073161744
250;0.6739702015775635;0.6549771199563837;0.8299868790476965;0.6220472440944882;0.5978018315853303;0.855367140554952
251;0.6739702015775635;0.6545185947319678;0.8299528174577228;0.6220472440944882;0.5978018315853303;0.8553486418223846
252;0.6739702015775635;0.6554292521601798;0.8295472517879364;0.6220472440944882;0.5976173722549201;0.8547115072282021
253;0.6748466257668712;0.6561618600540455;0.8288404054834723;0.6220472440944882;0.5976173722549201;0.8544731104141101
254;0.6765994741454864;0.6581170654957567;0.8276599731041041;0.6220472440944882;0.5976173722549201;0.8532145475414894
255;0.6783523225241017;0.6604828098281806;0.8269393795358687;0.6246719160104987;0.5996818036306009;0.8528978805076248
256;0.6792287467134093;0.6608519008800614;0.8258058592197967;0.6246719160104987;0.5998591344749609;0.8522919002509345
257;0.6792287467134093;0.6617307265407739;0.8246957301048058;0.6272965879265092;0.6035735909590331;0.851498359255535
258;0.6792287467134093;0.6613281115380722;0.8233292001367528;0.6246719160104987;0.5998591344749609;0.8505042306142108
259;0.6801051709027169;0.6633630928253491;0.8221738984486757;0.6272965879265092;0.6037524815570894;0.8499084792790351
260;0.6818580192813322;0.6651187902016388;0.8211385690570936;0.6246719160104987;0.6000495559389349;0.8495368352071833
261;0.6827344434706398;0.665818500579439;0.8207700220201675;0.6272965879265092;0.6026871096002373;0.8492637017905578
262;0.6827344434706398;0.6658533906994394;0.8206523651781155;0.6272965879265092;0.6026871096002373;0.8492280239796989
263;0.6836108676599474;0.666306152818401;0.819964390156776;0.6272965879265092;0.6026871096002373;0.8489462757694893
264;0.6818580192813322;0.6648393314321871;0.8192345315861457;0.6272965879265092;0.6026871096002373;0.8482633708745735
265;0.684487291849255;0.6683402748988412;0.8183145257494102;0.6351706036745407;0.6137314483388177;0.8475181586444538
266;0.6827344434706398;0.6668223022215569;0.8178313746108813;0.6351706036745407;0.6137314483388177;0.8468191891285043
267;0.6827344434706398;0.6667263906069082;0.8175898252157776;0.6351706036745407;0.6139373716698547;0.8467047392579169
268;0.684487291849255;0.6694655967201755;0.816297207466573;0.6377952755905512;0.6179089134252801;0.845625097088996
269;0.684487291849255;0.6696004968619361;0.8147400989235176;0.6377952755905512;0.6179089134252801;0.8443742855204284
270;0.6836108676599474;0.6689585235292363;0.8137248958814352;0.6325459317585301;0.6131513127896375;0.8433589236171639
271;0.6871165644171779;0.6726883869477847;0.8122563597074234;0.6377952755905512;0.6191541785215223;0.8427413397980539
272;0.6871165644171779;0.6724007854812392;0.8114936887120509;0.6377952755905512;0.6191541785215223;0.8420582108207324
273;0.6862401402278703;0.6716151066705134;0.8104575295749811;0.6377952755905512;0.6191541785215223;0.8415132255919587
274;0.6853637160385626;0.6707389320955219;0.809807501054093;0.6351706036745407;0.6156308962906295;0.8412360067341282
275;0.6871165644171779;0.6727864384160347;0.8093346125122657;0.6377952755905512;0.6179089134252801;0.8411282714175987
276;0.6862401402278703;0.6719093432239556;0.8090356007529791;0.6351706036745407;0.6156308962906295;0.8408979420029565
277;0.6871165644171779;0.6727864384160347;0.8085130143240121;0.6351706036745407;0.6156308962906295;0.8405281410750163
278;0.6853637160385626;0.6711660278737515;0.8075988444266944;0.6404199475065617;0.622852595362452;0.8394771985825418
279;0.6862401402278703;0.6726355361853816;0.806950203628152;0.6404199475065617;0.622852595362452;0.8389348110776244
280;0.6862401402278703;0.6726355361853816;0.8068943897012436;0.6404199475065617;0.622852595362452;0.8389304165045134
281;0.6827344434706398;0.6691198867885362;0.8060190927643323;0.6430446194225722;0.6263021099635273;0.8380455657824719
282;0.6853637160385626;0.671716795166773;0.8056757274148612;0.6430446194225722;0.6263021099635273;0.8377224335153514
283;0.6836108676599474;0.6699222610071802;0.8045458233840058;0.6404199475065617;0.622852595362452;0.8367242189960199
284;0.6853637160385626;0.6716332552040057;0.8036954553713361;0.6404199475065617;0.622852595362452;0.8362054515415529
285;0.6836108676599474;0.6700900452852109;0.8029924478828547;0.6430446194225722;0.6265116749898771;0.8353293043313464
286;0.6827344434706398;0.6696293171030242;0.8021612241890761;0.6430446194225722;0.6265116749898771;0.8344410020106391
287;0.6853637160385626;0.6729169093493917;0.8014938457623516;0.6482939632545932;0.6333432946030926;0.8339455580451288
288;0.6862401402278703;0.6735656445535939;0.8004634368980232;0.6456692913385826;0.6299677048287516;0.8334180350592849
289;0.6853637160385626;0.6722168472278152;0.7995507037668392;0.6456692913385826;0.6299199201945461;0.8326249407053687
290;0.6862401402278703;0.6737391413016133;0.7988866129243751;0.6509186351706037;0.6360236352628954;0.8320697675474351
291;0.6853637160385626;0.6722601275109623;0.7986230445129209;0.6509186351706037;0.6360236352628954;0.831660802284427
292;0.6871165644171779;0.6748873496469422;0.7980084173668144;0.6509186351706037;0.6360236352628954;0.8311690730684688
293;0.6871165644171779;0.6748873496469422;0.7973880469013804;0.6509186351706037;0.6359812114926171;0.8306891335641068
294;0.6897458369851008;0.6781576827340117;0.7961958077582116;0.6561679790026247;0.642702547070273;0.8297617160816756
295;0.6897458369851008;0.6785045113548132;0.7954738082882489;0.6561679790026247;0.6428529173574593;0.8292536966883668
296;0.6888694127957932;0.6774107419593739;0.7941832900576736;0.6535433070866141;0.6395001322636011;0.827927456393299
297;0.6888694127957932;0.6774107419593739;0.7932531536190617;0.6535433070866141;0.6393387292021798;0.8276647618162097
298;0.6897458369851008;0.6785032367688014;0.7920952184835155;0.6535433070866141;0.6394793429939676;0.8267574532054339
299;0.6906222611744084;0.6792497546558101;0.7917697371797412;0.6509186351706037;0.6371446900742014;0.8263568480777229
300;0.6888694127957932;0.6777568549073462;0.7908110168550454;0.6509186351706037;0.6373179829803145;0.8256019504494074
301;0.6879929886064855;0.6769261942132287;0.7902208773778141;0.6509186351706037;0.6373179829803145;0.8250149234164076
302;0.6906222611744084;0.6795937759127944;0.7889039433820846;0.6509186351706037;0.6373179829803145;0.8238959008950824
303;0.6897458369851008;0.6785049321419971;0.7879152491182235;0.6535433070866141;0.6399974452229283;0.8232907128885406
304;0.6897458369851008;0.6785049321419971;0.7871469875789052;0.6535433070866141;0.6399974452229283;0.822844524128295
305;0.6897458369851008;0.6788454530745683;0.7863979048807029;0.6535433070866141;0.6399974452229283;0.8223505445152968
306;0.6897458369851008;0.678587659686976;0.7854130365038617;0.6535433070866141;0.6399974452229283;0.8220202319767044
307;0.6897458369851008;0.6786381694935146;0.7842984297194082;0.6535433070866141;0.6399974452229283;0.8216138750406898
308;0.6906222611744084;0.6793354472500974;0.7835562117120124;0.6509186351706037;0.6378348572645614;0.8214065767552474
309;0.6906222611744084;0.6796785067879528;0.7828336719558303;0.6561679790026247;0.6433356536127854;0.8209150749432796
310;0.6906222611744084;0.6796785067879528;0.7821443501567974;0.6561679790026247;0.6435403907844852;0.8207027455625505
311;0.6906222611744084;0.6797271556965593;0.7819873559385636;0.6561679790026247;0.6435403907844852;0.8204425338681125
312;0.6906222611744084;0.679727939147397;0.7808159420761323;0.6482939632545932;0.6356724659818946;0.8198418137000488
313;0.6906222611744084;0.6796785067879528;0.7799844292693328;0.6456692913385826;0.633292479689131;0.8195590918798984
314;0.6906222611744084;0.679727939147397;0.7794082413255022;0.6456692913385826;0.633292479689131;0.8188466750426775
315;0.6914986853637161;0.6802951458911796;0.7789546405156432;0.6456692913385826;0.633292479689131;0.8187303417798334
316;0.6914986853637161;0.6803171516116053;0.7780182745458109;0.6482939632545932;0.6356724659818946;0.8181136737158976
317;0.6914986853637161;0.6803973421594698;0.7775386906850914;0.6482939632545932;0.6356724659818946;0.8180313506754445
318;0.6923751095530236;0.681487700065019;0.7768435232849059;0.6482939632545932;0.6356724659818946;0.8176910492365498
319;0.6914986853637161;0.6803171516116053;0.7765335750360909;0.6482939632545932;0.6356724659818946;0.8175892121352092
320;0.694127957931639;0.6830348586948014;0.7755244513503786;0.6509186351706037;0.6389890194513976;0.8170536677451493
321;0.6950043821209465;0.6838629052658282;0.7751142643868708;0.6509186351706037;0.6392106695887704;0.8170140743549568
322;0.694127957931639;0.6830348586948014;0.7745745208273265;0.6456692913385826;0.6347844645651433;0.8164057408594892
323;0.694127957931639;0.6834967227968732;0.7738623917424332;0.6456692913385826;0.6345677489749476;0.8160696680091513
324;0.6932515337423313;0.6824637357212916;0.7735183432849041;0.6456692913385826;0.6347844645651433;0.8155917839822391
325;0.6932515337423313;0.6824132834480034;0.7725594401950246;0.6456692913385826;0.6347844645651433;0.8148281644520162
326;0.6932515337423313;0.6824979704923727;0.7720561485162167;0.6456692913385826;0.6345423926381749;0.8143518151842942
327;0.6932515337423313;0.6828341765873643;0.7713300579839719;0.6456692913385826;0.6345423926381749;0.8137827728058281
328;0.694127957931639;0.6835838947337386;0.7707189383015779;0.6456692913385826;0.6345423926381749;0.8135670787274786
329;0.694127957931639;0.683766955177024;0.7699183081807964;0.6456692913385826;0.6345423926381749;0.8130389023625227
330;0.6950043821209465;0.6844626749020497;0.768752492902352;0.6456692913385826;0.6345423926381749;0.8123508617295186
331;0.6967572304995618;0.6865800828799224;0.7683328885573848;0.6456692913385826;0.6347844645651433;0.8118491222402369
332;0.6976336546888694;0.6873334182345734;0.7678509908740137;0.6430446194225722;0.6321486954953873;0.8114779584517545
333;0.6950043821209465;0.6849959344545989;0.7671084163426987;0.6456692913385826;0.6353861300142749;0.8109228105655948
334;0.6950043821209465;0.6849959344545989;0.7662936304296922;0.6482939632545932;0.6380135036600301;0.8105747253185124
335;0.6958808063102542;0.6857480677548585;0.7656688312845172;0.6482939632545932;0.6380135036600301;0.8103000919291302
336;0.6967572304995618;0.686431491873557;0.7645823587729376;0.6482939632545932;0.6388149616051668;0.8096622732333716
337;0.6976336546888694;0.6875616833287019;0.763749136015582;0.6509186351706037;0.641219645986932;0.8094579868636825
338;0.6976336546888694;0.6875616833287019;0.7631447664310093;0.6509186351706037;0.641219645986932;0.8091621129673519
339;0.6967572304995618;0.686679080991682;0.7626188333258281;0.6509186351706037;0.641219645986932;0.8087243887455923
340;0.6976336546888694;0.687756949999016;0.7621995274335602;0.6509186351706037;0.641219645986932;0.808419196809963
341;0.6993865030674846;0.689764177315472;0.7618616579843914;0.6509186351706037;0.641219645986932;0.8079259739612272
342;0.6993865030674846;0.689764177315472;0.7613167582423965;0.6509186351706037;0.641219645986932;0.8074826306190184
343;0.7002629272567923;0.6908366914399894;0.7601688908113061;0.6509186351706037;0.641219645986932;0.8066521894678043
344;0.7002629272567923;0.6908366914399894;0.759484260439349;0.6509186351706037;0.641219645986932;0.8061980807213154
345;0.7002629272567923;0.6908366914399894;0.7593967228244789;0.6509186351706037;0.641219645986932;0.8062945957844291
346;0.7002629272567923;0.6908366914399894;0.7589484442501;0.6509186351706037;0.6419969729719613;0.8060258195083196
347;0.7002629272567923;0.6908366914399894;0.7582325111904683;0.6509186351706037;0.6419969729719613;0.8054123426901417
348;0.7011393514461;0.6915906963546092;0.7577100522481365;0.6482939632545932;0.6388149616051668;0.8049025906892819
349;0.7011393514461;0.6915906963546092;0.757328324590925;0.6482939632545932;0.6388149616051668;0.8049346159019607
350;0.7011393514461;0.6919013634946614;0.7567875772491348;0.6482939632545932;0.6388149616051668;0.8048851019948485
351;0.7011393514461;0.6915389192226585;0.756237000876257;0.6482939632545932;0.6388149616051668;0.8042815155807601
352;0.7028921998247152;0.6937245527187417;0.755508479333166;0.6482939632545932;0.6388149616051668;0.8041440024996271
353;0.7028921998247152;0.6937245527187417;0.7554818202075921;0.6482939632545932;0.6388149616051668;0.8041634800334123
354;0.7028921998247152;0.6939492810490938;0.7548237372062712;0.6509186351706037;0.6417920017382559;0.8038551062280589
355;0.7037686240140227;0.6947849970414586;0.7542658010649796;0.6535433070866141;0.6451571477541915;0.8035277500354596
356;0.7028921998247152;0.6937245527187417;0.7536282980239535;0.6509186351706037;0.6417920017382559;0.8034280560925634
357;0.7020157756354075;0.6929684130232574;0.7529700331430677;0.6509186351706037;0.6422491473325193;0.8030736811178188
358;0.7028921998247152;0.6937245527187417;0.7522702971446334;0.6509186351706037;0.6424408759604535;0.8026022200267051
359;0.7028921998247152;0.6937245527187417;0.7518958134456837;0.6509186351706037;0.6424408759604535;0.8025189480689483
360;0.7028921998247152;0.6939492810490938;0.7514001501233293;0.6535433070866141;0.6455746446547198;0.8022569750405445
361;0.7037686240140227;0.6947849970414586;0.7511189880624821;0.6561679790026247;0.6482959978839855;0.8020409716083592
362;0.7028921998247152;0.6942492600102682;0.7506590646966277;0.6561679790026247;0.6481094318331414;0.801654730953737
363;0.7037686240140227;0.6953069996748045;0.7500425856109019;0.6561679790026247;0.6482959978839855;0.8014204307200196
364;0.7028921998247152;0.6942492600102682;0.7497286617930393;0.6561679790026247;0.6481094318331414;0.8012970626266985
365;0.7020157756354075;0.693492374537519;0.7490179974320329;0.6561679790026247;0.6473622865992018;0.8009586593531349
366;0.7020157756354075;0.693492374537519;0.7486614792684838;0.6587926509186351;0.6505119664810229;0.8007910029166625
367;0.7020157756354075;0.693492374537519;0.7485480336107135;0.6587926509186351;0.6505119664810229;0.8006828987079786
368;0.7011393514461;0.6924373070788669;0.7476159764934038;0.6614173228346457;0.65303457213087;0.8003783863424756
369;0.7011393514461;0.6924373070788669;0.747587839989721;0.6614173228346457;0.65303457213087;0.8003642418923426
370;0.7020157756354075;0.6932673452967909;0.7471927797524024;0.6587926509186351;0.6498757630111757;0.8001811224548745
371;0.7028921998247152;0.6943272704768764;0.7468349546917131;0.6587926509186351;0.6498757630111757;0.7999977088120391
372;0.7028921998247152;0.6942492600102682;0.7465803766509684;0.6587926509186351;0.6498757630111757;0.8000348537072411
373;0.7028921998247152;0.6944148644849425;0.7461599232401981;0.6561679790026247;0.6473622865992018;0.7997377581449127
374;0.7020157756354075;0.6936272008998932;0.7454926381183291;0.6561679790026247;0.6473622865992018;0.7992414158376864
375;0.7028921998247152;0.6946801248878907;0.7452331063451116;0.6587926509186351;0.6498757630111757;0.798961643145973
376;0.7020157756354075;0.6937881051752866;0.744727852639547;0.6561679790026247;0.6473622865992018;0.7989155998931973
377;0.7020157756354075;0.6938404520259681;0.7443028236961139;0.6561679790026247;0.6473622865992018;0.7985275115797213
378;0.7002629272567923;0.6918954853516034;0.7438665548590185;0.6561679790026247;0.6473622865992018;0.7984738597049155
379;0.7011393514461;0.6929468678373234;0.7431929876010381;0.6535433070866141;0.644961510909772;0.798033345166882
380;0.7020157756354075;0.6939915574248822;0.7427433345671962;0.6535433070866141;0.644961510909772;0.7977940080374094
381;0.7028921998247152;0.6947481968072082;0.741858008692488;0.6561679790026247;0.6474711740574487;0.7976018145201793
382;0.7020157756354075;0.6939915574248822;0.7416803435956422;0.6561679790026247;0.6474711740574487;0.7975739097926379
383;0.7028921998247152;0.6947481968072082;0.7414036984196315;0.6561679790026247;0.6474711740574487;0.7977035449106642
384;0.7028921998247152;0.6947481968072082;0.7409800564643739;0.6561679790026247;0.6474711740574487;0.7972274699906204
385;0.7028921998247152;0.6946982668000622;0.7405039014544031;0.6561679790026247;0.6474711740574487;0.7967633981960786
386;0.7028921998247152;0.6947481968072082;0.7398770387952837;0.6561679790026247;0.6474711740574487;0.7962016006017165
387;0.7028921998247152;0.6947481968072082;0.7392402904419298;0.6561679790026247;0.6474711740574487;0.7959504270822716
388;0.7028921998247152;0.6947481968072082;0.7387642596639951;0.6561679790026247;0.6474711740574487;0.7956328699772071
389;0.7037686240140227;0.6956423070214359;0.73852520908231;0.6561679790026247;0.6474711740574487;0.7952695046042598
390;0.7037686240140227;0.6956423070214359;0.7384907689166775;0.6561679790026247;0.6474711740574487;0.7952620058467956
391;0.7055214723926381;0.6975331283813546;0.738078924440476;0.6561679790026247;0.6474711740574487;0.7949134440473418
392;0.7046450482033304;0.696774187349187;0.7376497206661915;0.6561679790026247;0.6474711740574487;0.7948949796936392
393;0.7055214723926381;0.6976859092277417;0.7371534950010725;0.6587926509186351;0.6506267534500855;0.7948114851715868
394;0.7046450482033304;0.6968405152207302;0.736712110635078;0.6587926509186351;0.6506267534500855;0.7947205047263586
395;0.7046450482033304;0.6968405152207302;0.7366680943287335;0.6587926509186351;0.6506267534500855;0.7947677916943213
396;0.7055214723926381;0.6976859092277417;0.7361175651479424;0.6587926509186351;0.6506267534500855;0.795003899145384
397;0.7055214723926381;0.6976859092277417;0.7358292817682421;0.6587926509186351;0.6506267534500855;0.7949214878529709
398;0.7046450482033304;0.6969260617734278;0.7354900802378574;0.6587926509186351;0.6512280199133368;0.7948444437758768
399;0.7046450482033304;0.6969260617734278;0.7349996779948601;0.6587926509186351;0.6512280199133368;0.7947898542151114
400;0.7037686240140227;0.6961663227594276;0.7345844146672961;0.6614173228346457;0.6537633088261627;0.7946213170093955
401;0.7037686240140227;0.6961663227594276;0.7341433428717148;0.6587926509186351;0.6512280199133368;0.7944380456446907
402;0.7037686240140227;0.6961663227594276;0.7340408078692099;0.6587926509186351;0.6512280199133368;0.7943473694321955
403;0.7037686240140227;0.6961663227594276;0.7339454147611754;0.6587926509186351;0.6512280199133368;0.7943215735036703
404;0.7037686240140227;0.6961663227594276;0.7336937027121531;0.6587926509186351;0.6512280199133368;0.7943696598515126
405;0.7046450482033304;0.6972135866883429;0.7332695983813964;0.6587926509186351;0.6512280199133368;0.7942128859172769
406;0.7046450482033304;0.6972135866883429;0.7330701731175103;0.6587926509186351;0.6514207447594683;0.79406742430619
407;0.7046450482033304;0.6972078743998856;0.7329072067172754;0.6587926509186351;0.6512280199133368;0.7940539796867787
408;0.7046450482033304;0.6972135866883429;0.7323831835896454;0.6587926509186351;0.6512280199133368;0.793484483684314
409;0.7046450482033304;0.6972135866883429;0.7319087705583837;0.6587926509186351;0.6512280199133368;0.7932537775925409
410;0.7055214723926381;0.6982472087919125;0.7314518575659356;0.6614173228346457;0.6543239862207105;0.7930131278421574
411;0.7055214723926381;0.6982472087919125;0.7313571633269295;0.6614173228346457;0.6543239862207105;0.7930048667671605
412;0.7072743207712533;0.7000862134984065;0.7308787545332243;0.6587926509186351;0.6517731936651936;0.7929512703263109
413;0.7063978965819456;0.6990536968189126;0.7305955726808241;0.6587926509186351;0.6517731936651936;0.7927967081465178
414;0.7063978965819456;0.6990536968189126;0.7303509789552048;0.6587926509186351;0.6517731936651936;0.7927723304835689
415;0.7063978965819456;0.6992395501476207;0.7302297387464736;0.6587926509186351;0.6517731936651936;0.7927706252006286
416;0.708150744960561;0.7011207178896383;0.7297533938716761;0.6587926509186351;0.6517731936651936;0.7925992730365382
417;0.708150744960561;0.7011207178896383;0.7291330576410291;0.6587926509186351;0.6517731936651936;0.792480810638826
418;0.708150744960561;0.7013401425196908;0.7284127116359334;0.6614173228346457;0.6548406562950069;0.7922696216444755
419;0.7090271691498685;0.7021485141554137;0.7281312832214871;0.6614173228346457;0.6548406562950069;0.7922625307595034
420;0.708150744960561;0.7013401425196908;0.7277134298860763;0.6614173228346457;0.6543239862207105;0.7921524079506038
421;0.7090271691498685;0.7023651729772566;0.7270346698626041;0.6587926509186351;0.6517731936651936;0.7917264365813711
422;0.7090271691498685;0.7023651729772566;0.7270014083224693;0.6587926509186351;0.6517731936651936;0.7917275297796752
423;0.7090271691498685;0.7021485141554137;0.7264303683873239;0.6587926509186351;0.6517731936651936;0.7914191138495082
424;0.708150744960561;0.7011207178896383;0.72634201947066;0.6587926509186351;0.6512258642088343;0.7913287583669769
425;0.7063978965819456;0.6994660339286862;0.7259132952668667;0.6561679790026247;0.6486875466055896;0.7910728812221471
426;0.7090271691498685;0.7023244518552061;0.7253426603543993;0.6587926509186351;0.6517800728754198;0.7908811168835398
427;0.7090271691498685;0.7023244518552061;0.7250613405704595;0.6614173228346457;0.6550208571503913;0.7907997244354014
428;0.7099035933391762;0.7033472636578866;0.7246653787158105;0.6587926509186351;0.6519610162500123;0.7902801503883933
429;0.708150744960561;0.7012963453366021;0.7239581354610904;0.6587926509186351;0.6517731936651936;0.7902159308178901
430;0.7090271691498685;0.7023244518552061;0.7235183491901077;0.6587926509186351;0.6519616693482935;0.7903136912410413
431;0.7090271691498685;0.7023244518552061;0.7233873436896249;0.6614173228346457;0.6545081459138095;0.790334681204541
432;0.7090271691498685;0.7023244518552061;0.723255178145308;0.6614173228346457;0.6545081459138095;0.7900654620442432
433;0.7099035933391762;0.7033472636578866;0.7231230517550282;0.6614173228346457;0.6545081459138095;0.7900082836930088
434;0.7099035933391762;0.7033472636578866;0.7230808281271289;0.6614173228346457;0.6545081459138095;0.7899793634069692
435;0.7099035933391762;0.7033472636578866;0.7227926968740691;0.6614173228346457;0.6545081459138095;0.7900261373825392
436;0.7099035933391762;0.7033472636578866;0.7227754902802473;0.6614173228346457;0.6545081459138095;0.790046247421805
437;0.7116564417177914;0.7053887691224727;0.7222557670209597;0.6614173228346457;0.6545081459138095;0.7896156297004787
438;0.7116564417177914;0.7053887691224727;0.7221382490851957;0.6614173228346457;0.6545081459138095;0.78955122262124
439;0.7116564417177914;0.7053887691224727;0.721267801243883;0.6587926509186351;0.6517789718789637;0.7893259586359421
440;0.7125328659070991;0.7062419399451779;0.7205343027260627;0.6614173228346457;0.6548413093932878;0.7891867429049845
441;0.7125328659070991;0.7062419399451779;0.7205234295580429;0.6614173228346457;0.6548413093932878;0.7891861137603754
442;0.7125328659070991;0.7062885506543185;0.7197085163942721;0.6614173228346457;0.6550208571503913;0.7890337041986177
443;0.7134092900964066;0.7071873668680283;0.7193567390186657;0.6587926509186351;0.6519610162500123;0.7888818693832622
444;0.7134092900964066;0.7071873668680283;0.7192366087082327;0.6587926509186351;0.6519610162500123;0.7888622262689031
445;0.7134092900964066;0.7071873668680283;0.7190104104918831;0.6587926509186351;0.6519610162500123;0.7888661957452188
446;0.7125328659070991;0.7063284741473678;0.7183587437344545;0.6587926509186351;0.6519610162500123;0.7884004058512267
447;0.7142857142857143;0.7081580915881552;0.7181796186619988;0.6587926509186351;0.6519610162500123;0.7883933441674459
448;0.7151621384750219;0.7089262738275314;0.7180531542350306;0.6587926509186351;0.6519610162500123;0.7881424793600144
449;0.7151621384750219;0.7089717929631411;0.7178243380006062;0.6614173228346457;0.6550208571503913;0.788060437165528
450;0.7142857142857143;0.7082045072273906;0.7172365404536925;0.6614173228346457;0.6550208571503913;0.7880776600464505
451;0.7151621384750219;0.7090103252401889;0.7166222604453529;0.6587926509186351;0.6519610162500123;0.7873438350327103
452;0.7142857142857143;0.7081580915881552;0.7163546058561259;0.6614173228346457;0.6550208571503913;0.7874386239400519
453;0.7151621384750219;0.7090103252401889;0.7160393581874233;0.6587926509186351;0.6519610162500123;0.7873974950398643
454;0.7160385626643295;0.7097795752957735;0.715616118685524;0.6587926509186351;0.6519610162500123;0.7870128457135585
455;0.7160385626643295;0.7097795752957735;0.7155976991846787;0.6587926509186351;0.6519610162500123;0.787008154450014
456;0.7160385626643295;0.7097795752957735;0.7150625194015475;0.6587926509186351;0.6519610162500123;0.7869894349538304
457;0.7160385626643295;0.7099432300869997;0.7147586952923821;0.6587926509186351;0.6519610162500123;0.7866336169112751
458;0.7160385626643295;0.7099432300869997;0.7145535794881422;0.6587926509186351;0.6519610162500123;0.7865054595632346
459;0.7160385626643295;0.709987940342053;0.7142497546357187;0.6587926509186351;0.6519610162500123;0.786404966234835
460;0.7160385626643295;0.709987940342053;0.7138715139332641;0.6561679790026247;0.6494110865650401;0.7861822571477518
461;0.7160385626643295;0.7099432300869997;0.7133589906347702;0.6587926509186351;0.6519610162500123;0.7860154279964269
462;0.7160385626643295;0.7099432300869997;0.7132365780154798;0.6587926509186351;0.6519610162500123;0.7862014744786262
463;0.7160385626643295;0.7099432300869997;0.7129296976449686;0.6587926509186351;0.6524586908303209;0.786143228616611
464;0.7169149868536372;0.7107976925198025;0.7126071541398434;0.6614173228346457;0.6550208571503913;0.7862272044668492
465;0.7160385626643295;0.7099432300869997;0.7124114589754467;0.6587926509186351;0.6524586908303209;0.786082179338569
466;0.7160385626643295;0.7099848818676815;0.7121318332953722;0.6587926509186351;0.6524586908303209;0.7859781135047006
467;0.7151621384750219;0.7091307704572134;0.711794771817817;0.6587926509186351;0.6524586908303209;0.7854847028859805
468;0.7151621384750219;0.709175315560162;0.711499190350279;0.6587926509186351;0.6524586908303209;0.7852389722203348
469;0.7160385626643295;0.709987940342053;0.7112297683931277;0.6614173228346457;0.6550208571503913;0.7851610399711999
470;0.7151621384750219;0.709175315560162;0.7111446621202567;0.6614173228346457;0.6550208571503913;0.7851526244613393
471;0.7151621384750219;0.709175315560162;0.711017301407143;0.6614173228346457;0.6550208571503913;0.7851542625280643
472;0.7151621384750219;0.709175315560162;0.7110001226219079;0.6614173228346457;0.6550208571503913;0.7851532242242398
473;0.7151621384750219;0.709175315560162;0.710891943700096;0.6614173228346457;0.6550208571503913;0.7851393655731489
474;0.7151621384750219;0.709175315560162;0.710877434794404;0.6614173228346457;0.6550208571503913;0.7851389871810531
475;0.7151621384750219;0.709175315560162;0.7108010970015954;0.6614173228346457;0.6550208571503913;0.7851245761855196
476;0.7160385626643295;0.7100283580927521;0.7104492114306408;0.6640419947506562;0.6580639223797671;0.7851120912448702
477;0.7160385626643295;0.7100283580927521;0.7104115346148578;0.6640419947506562;0.6580639223797671;0.7851060067802249
478;0.7160385626643295;0.7100283580927521;0.7100954119595003;0.6640419947506562;0.6580639223797671;0.7851638573677918
479;0.7160385626643295;0.7100283580927521;0.7099026333210201;0.6640419947506562;0.6580639223797671;0.7849418318166111
480;0.7160385626643295;0.7100283580927521;0.709657765184856;0.6640419947506562;0.6584979341544074;0.784851036442406
481;0.7160385626643295;0.7100283580927521;0.7092666355003489;0.6614173228346457;0.6554897472979628;0.7846198414499612
482;0.7160385626643295;0.7100283580927521;0.7089162061363209;0.6640419947506562;0.6584979341544074;0.7843388712532527
483;0.7160385626643295;0.7100283580927521;0.708665382954092;0.6666666666666666;0.661079883319801;0.7843736554263625
484;0.7160385626643295;0.7100283580927521;0.7085857928015783;0.6640419947506562;0.6584979341544074;0.7844117495799444
485;0.7169149868536372;0.7110443343665991;0.7081484988308188;0.6640419947506562;0.6580639223797671;0.7842169188903976
486;0.7169149868536372;0.7110443343665991;0.7080567573069507;0.6640419947506562;0.6580639223797671;0.784234343362267
487;0.7177914110429447;0.7120582713025655;0.7078213065596078;0.6640419947506562;0.6580639223797671;0.78401626726915
488;0.7160385626643295;0.7100283580927521;0.7074458563179621;0.6666666666666666;0.661079883319801;0.7839440566433487
489;0.7177914110429447;0.7121030972696846;0.7071892465257968;0.6666666666666666;0.661079883319801;0.7838188103520667
490;0.7177914110429447;0.7120582713025655;0.7065613089798521;0.6666666666666666;0.6612621773792888;0.7834341807267257
491;0.7177914110429447;0.7120582713025655;0.7060954873054078;0.6666666666666666;0.6612621773792888;0.7832140671587072
492;0.7186678352322524;0.7128715765588548;0.7059534272630438;0.6640419947506562;0.6582508786638906;0.7830038999440222
493;0.7177914110429447;0.7118568426929887;0.7056905859941558;0.6640419947506562;0.6582508786638906;0.7827508590878823
494;0.7177914110429447;0.7118568426929887;0.7056360271901426;0.6640419947506562;0.6582508786638906;0.7827254706869305
495;0.7169149868536372;0.711042985957712;0.7054470466002519;0.6614173228346457;0.6556887570224617;0.7828186884202154
496;0.7169149868536372;0.711042985957712;0.7048166005039145;0.6640419947506562;0.6586883120693977;0.7827143950404595
497;0.7169149868536372;0.711042985957712;0.7047842122100788;0.6640419947506562;0.6586883120693977;0.7826992695664545
498;0.7169149868536372;0.711042985957712;0.7044207831921685;0.6640419947506562;0.6586883120693977;0.7826200156079884
499;0.7169149868536372;0.7110443343665991;0.7041086105315217;0.6640419947506562;0.6586883120693977;0.7825507443465815
500;0.7169149868536372;0.7110443343665991;0.7039667338767557;0.6640419947506562;0.6586883120693977;0.7823922034890893
501;0.7169149868536372;0.7110443343665991;0.7038252943275869;0.6640419947506562;0.6586883120693977;0.7823530600763642
502;0.7169149868536372;0.7110443343665991;0.7035567309126056;0.6614173228346457;0.6556887570224617;0.7825040025354736
503;0.7169149868536372;0.7110443343665991;0.703499268535015;0.6614173228346457;0.6556887570224617;0.7823963748389646
504;0.7169149868536372;0.7110443343665991;0.7032478028349266;0.6614173228346457;0.6556887570224617;0.7821808869448872
505;0.7160385626643295;0.7102311156614363;0.7030669022692082;0.6614173228346457;0.6556887570224617;0.7820748568006349
506;0.7160385626643295;0.7102759417901076;0.7027063245541013;0.6640419947506562;0.6582508786638906;0.7820991129375877
507;0.7169149868536372;0.7110893263255191;0.7026997409561249;0.6640419947506562;0.6582508786638906;0.7821011024951298
508;0.7169149868536372;0.7110893263255191;0.7023425077057723;0.6640419947506562;0.6582508786638906;0.7820416865255506
509;0.7177914110429447;0.7121004977405097;0.702063405690188;0.6640419947506562;0.6582508786638906;0.7821111735116705
510;0.7177914110429447;0.712099405612215;0.7019477515327837;0.6640419947506562;0.6582508786638906;0.782178839579985
511;0.7177914110429447;0.7121004977405097;0.7019013821758836;0.6640419947506562;0.6582508786638906;0.7821167211526585
512;0.7177914110429447;0.712099405612215;0.7017852093659022;0.6666666666666666;0.6612621773792888;0.7821433715116216
513;0.7177914110429447;0.7120562982432198;0.7014908680611439;0.6666666666666666;0.6612621773792888;0.7819096047322647
514;0.7169149868536372;0.7112862358893589;0.7011940998457916;0.6666666666666666;0.6612621773792888;0.7817000588877641
515;0.7169149868536372;0.7112862358893589;0.7011108668468357;0.6666666666666666;0.6612621773792888;0.7816932344885203
516;0.7169149868536372;0.7112862358893589;0.7010522514133126;0.6666666666666666;0.6612621773792888;0.781653859676227
517;0.7186678352322524;0.7131116281014537;0.7007410858413101;0.6666666666666666;0.6612621773792888;0.7818323041749856
518;0.7186678352322524;0.7131116281014537;0.7004139119758538;0.6666666666666666;0.6612621773792888;0.7816837427351253
519;0.7177914110429447;0.7121004977405097;0.700295357385629;0.6666666666666666;0.6612621773792888;0.781479032253954
520;0.7177914110429447;0.7121004977405097;0.7000304320490814;0.6666666666666666;0.6612621773792888;0.7814750094809372
521;0.7195442594215601;0.7140104894135078;0.6994796173665897;0.6666666666666666;0.6612621773792888;0.7813359023015137
522;0.7195442594215601;0.7139658195169073;0.6990557269206347;0.6666666666666666;0.6612621773792888;0.7810241842215699
523;0.7186678352322524;0.7130675865011249;0.6986555880771017;0.6666666666666666;0.6612621773792888;0.7808415820541198
524;0.7186678352322524;0.7130675865011249;0.6982706119500137;0.6666666666666666;0.6612621773792888;0.7806783978034717
525;0.7186678352322524;0.7130675865011249;0.6982345594520293;0.6666666666666666;0.6612621773792888;0.7806801659851129
526;0.7177914110429447;0.7120582713025655;0.6979984779229292;0.6666666666666666;0.6612621773792888;0.7804712398573032
527;0.7177914110429447;0.7120582713025655;0.6979315127023602;0.6666666666666666;0.6612621773792888;0.7804560593578271
528;0.7177914110429447;0.7120582713025655;0.6977746274664237;0.6666666666666666;0.6612621773792888;0.7804933274034448
529;0.7177914110429447;0.7120582713025655;0.6976553238605243;0.6666666666666666;0.661079883319801;0.7805194078336338
530;0.7186678352322524;0.712912401344255;0.6975862230375588;0.6666666666666666;0.661079883319801;0.7805303855856339
531;0.7186678352322524;0.712912401344255;0.697486912636887;0.6666666666666666;0.661079883319801;0.7805461180220249
532;0.7186678352322524;0.712912401344255;0.6970680901772592;0.6640419947506562;0.6582508786638906;0.7807093838100874
533;0.7186678352322524;0.712912401344255;0.6968192089165023;0.6640419947506562;0.6582508786638906;0.7806653511221617
534;0.7186678352322524;0.712912401344255;0.6967403118477385;0.6640419947506562;0.6580608105208134;0.7806487205139009
535;0.7186678352322524;0.712912401344255;0.6964242933911389;0.6640419947506562;0.6582508786638906;0.7803171174369737
536;0.7195442594215601;0.7138087164407091;0.6960178951150449;0.6640419947506562;0.6582508786638906;0.7802971160439773
537;0.7195442594215601;0.7138087164407091;0.6960021214397553;0.6640419947506562;0.6582508786638906;0.7802930966715261
538;0.7195442594215601;0.7138087164407091;0.6957130522816772;0.6640419947506562;0.6582508786638906;0.780024375318542
539;0.7212971078001753;0.7156727111740592;0.6955511885862881;0.6640419947506562;0.6582508786638906;0.779973351111478
540;0.7204206836108676;0.7148184832528272;0.695175595057016;0.6640419947506562;0.6582508786638906;0.7800445307012591
541;0.7212971078001753;0.7158285417641301;0.694986337637371;0.6640419947506562;0.6582508786638906;0.77988044216255
542;0.7212971078001753;0.7158285417641301;0.6945813213076625;0.6640419947506562;0.6582508786638906;0.7793837036057599
543;0.7204206836108676;0.7148184832528272;0.6944652256103628;0.6640419947506562;0.6582508786638906;0.7793657272254846
544;0.7195442594215601;0.7140026482837996;0.694455767314521;0.6640419947506562;0.6582508786638906;0.7793655286028346
545;0.7204206836108676;0.714819509664125;0.6942046355769004;0.6640419947506562;0.6580608105208134;0.7792362216811558
546;0.7204206836108676;0.714819509664125;0.6941231342258272;0.6640419947506562;0.6580608105208134;0.7792646302299653
547;0.7195442594215601;0.7138064096725856;0.6937860416958903;0.6640419947506562;0.6582508786638906;0.7789495991017005
548;0.7212971078001753;0.7155111631544641;0.6935296612664368;0.6640419947506562;0.6580608105208134;0.7787268495398059
549;0.7195442594215601;0.7136028750508264;0.6932579275572769;0.6640419947506562;0.6582508786638906;0.7785935559041831
550;0.7204206836108676;0.7144170501498037;0.6930401326702756;0.6640419947506562;0.6582508786638906;0.7787612455643703
551;0.7204206836108676;0.7144170501498037;0.6930121541510016;0.6640419947506562;0.6582508786638906;0.7787501359679554
552;0.7204206836108676;0.7144181533664615;0.6928755575870739;0.6640419947506562;0.6582508786638906;0.7787070426495958
553;0.7204206836108676;0.7144181533664615;0.6927244758592828;0.6640419947506562;0.6582508786638906;0.7787531834281136
554;0.7204206836108676;0.7146182566557107;0.6923196662591469;0.6640419947506562;0.6580608105208134;0.7787155586455932
555;0.7204206836108676;0.7146182566557107;0.6922867445541023;0.6640419947506562;0.6580608105208134;0.7787139167369225
556;0.7204206836108676;0.7146182566557107;0.6921714362797488;0.6640419947506562;0.6582508786638906;0.7786621728346734
557;0.7212971078001753;0.7156334688248949;0.6920357773361329;0.6640419947506562;0.6582508786638906;0.7786581991711895
558;0.7212971078001753;0.7155151206019582;0.6915587588669885;0.6614173228346457;0.6560116344108273;0.7784530939270318
559;0.7221735319894829;0.716365923090514;0.6913554164932262;0.6640419947506562;0.6582508786638906;0.7784878329459461
560;0.7221735319894829;0.716365923090514;0.6913227812393535;0.6640419947506562;0.6582508786638906;0.7784950994160549
561;0.7221735319894829;0.716365923090514;0.6912966260593559;0.6640419947506562;0.6582508786638906;0.7785030266032591
562;0.7230499561787905;0.7171803893695724;0.6911402537947511;0.6640419947506562;0.6582508786638906;0.778521745581902
563;0.7230499561787905;0.7171803893695724;0.6910005016495442;0.6614173228346457;0.6560116344108273;0.7784234798084259
564;0.7248028045574058;0.7192083781628243;0.6906106705147553;0.6614173228346457;0.6552234389695029;0.7785177429320994
565;0.7239263803680982;0.7184309182847883;0.6901710392621224;0.6587926509186351;0.6529921475145942;0.7783238995708406
566;0.7239263803680982;0.7184309182847883;0.689657679577088;0.6614173228346457;0.6552234389695029;0.7782351858797564
567;0.7256792287467134;0.7205978123156945;0.6893327343895759;0.6587926509186351;0.6529921475145942;0.7782324754932598
568;0.7256792287467134;0.7205978123156945;0.6889695059869324;0.6587926509186351;0.6529921475145942;0.7782168821610715
569;0.7256792287467134;0.7205978123156945;0.6889616189664749;0.6587926509186351;0.6529921475145942;0.7782179211594037
570;0.7256792287467134;0.7205978123156945;0.6887086824422896;0.6587926509186351;0.6529921475145942;0.7781327396814894
571;0.7256792287467134;0.7205978123156945;0.6885385449780558;0.6587926509186351;0.6529921475145942;0.7781085842981124
572;0.7248028045574058;0.7197797535938074;0.6877345464788275;0.6587926509186351;0.6528033469145228;0.7781108727101788
573;0.726555652936021;0.7215612098978342;0.6871385016456707;0.6561679790026247;0.6500529122051653;0.7774158549496147
574;0.726555652936021;0.7214152056373023;0.6868387853525127;0.6587926509186351;0.6528033469145228;0.7774224394217605
575;0.7274320771253286;0.7224179623751318;0.6867319308197869;0.6587926509186351;0.6528033469145228;0.7774901972492226
576;0.7274320771253286;0.7224179623751318;0.6866732741841048;0.6587926509186351;0.6528033469145228;0.7773923198466165
577;0.726555652936021;0.7216363375765257;0.6865520072214123;0.6587926509186351;0.6528033469145228;0.7773748591758193
578;0.7283085013146363;0.7232748276149558;0.6861607904468807;0.6587926509186351;0.6528033469145228;0.7770806218463692
579;0.7291849255039439;0.7240545320132593;0.6859025252449042;0.6614173228346457;0.6558232543004032;0.7771637813158953
580;0.7291849255039439;0.7240545320132593;0.6855494562184128;0.6614173228346457;0.6560248486849102;0.7769638538130855
581;0.7291849255039439;0.7240545320132593;0.6854416564144337;0.6614173228346457;0.6552459606629487;0.7769148993640013
582;0.7291849255039439;0.7240545320132593;0.6850219701592609;0.6614173228346457;0.6552459606629487;0.7767581561394052
583;0.7274320771253286;0.7222323427832897;0.684456745823408;0.6614173228346457;0.6555043865323691;0.7764234665385007
584;0.7283085013146363;0.7230504312664497;0.6840910224289869;0.6614173228346457;0.6555043865323691;0.7762578067894134
585;0.7291849255039439;0.7240545320132593;0.6838463632213475;0.6587926509186351;0.6532651422793059;0.776184618474602
586;0.7283085013146363;0.7232748276149558;0.6837871347336261;0.6587926509186351;0.6532651422793059;0.7761681221159811
587;0.7291849255039439;0.7242760692057555;0.6835675255240223;0.6587926509186351;0.6532651422793059;0.7759362295677901
588;0.7291849255039439;0.7242760692057555;0.6834485585765666;0.6587926509186351;0.6532651422793059;0.7759148302575142
589;0.7283085013146363;0.7234566966434094;0.6832401122151193;0.6587926509186351;0.6532651422793059;0.7759043136138831
590;0.7283085013146363;0.7234566966434094;0.6828826640022629;0.6614173228346457;0.6555043865323691;0.7759836415685608
591;0.7291849255039439;0.7244558431278931;0.6825232744480516;0.6587926509186351;0.6532651422793059;0.775915307295754
592;0.7291849255039439;0.7244558431278931;0.6821238582403415;0.6587926509186351;0.6532651422793059;0.7759237623783839
593;0.7291849255039439;0.7244558431278931;0.6821076419715308;0.6587926509186351;0.6532651422793059;0.7759252328998826
594;0.7291849255039439;0.7244558431278931;0.6820868394202286;0.6587926509186351;0.6532651422793059;0.7759234625492797
595;0.7291849255039439;0.7244558431278931;0.6819443049071301;0.6587926509186351;0.6532651422793059;0.7757635948326351
596;0.7291849255039439;0.7244558431278931;0.6818813301159337;0.6587926509186351;0.6532651422793059;0.7757802469398029
597;0.7291849255039439;0.7244558431278931;0.6816712196740266;0.6587926509186351;0.6532651422793059;0.7758053517652084
598;0.7291849255039439;0.7244558431278931;0.6815648241331647;0.6587926509186351;0.6532651422793059;0.775833745573265
599;0.7291849255039439;0.7244558431278931;0.68154153443095;0.6587926509186351;0.6532651422793059;0.7758215030712954
600;0.7283085013146363;0.7232362813643365;0.6811141425246019;0.6587926509186351;0.6532651422793059;0.775513130820366
601;0.7283085013146363;0.7232362813643365;0.6804859176706535;0.6614173228346457;0.6555043865323691;0.7754024537212085
602;0.7283085013146363;0.7232362813643365;0.6802103086654344;0.6640419947506562;0.6582658680488293;0.775455362697417
603;0.7283085013146363;0.7232362813643365;0.6799400209697782;0.6614173228346457;0.6555043865323691;0.775473976697183
604;0.7283085013146363;0.7232362813643365;0.6798081748720826;0.6640419947506562;0.6582658680488293;0.7754025176807112
605;0.7274320771253286;0.7224556181676338;0.6796233675390404;0.6640419947506562;0.6582658680488293;0.7752434143161087
606;0.7283085013146363;0.7232362813643365;0.6794217046701212;0.6640419947506562;0.6582658680488293;0.7751982257395553
607;0.7274320771253286;0.7224556181676338;0.6792705724261501;0.6614173228346457;0.6555043865323691;0.7751739393307523
608;0.7274320771253286;0.7224556181676338;0.6791941702780814;0.6614173228346457;0.6555043865323691;0.7751567740666666
609;0.7274320771253286;0.7224556181676338;0.6790522948127554;0.6614173228346457;0.6555043865323691;0.7750529981531722
610;0.7291849255039439;0.7242382632879774;0.6785247800585998;0.6614173228346457;0.6555043865323691;0.7747163244990448
611;0.7291849255039439;0.7242382632879774;0.6783120876580543;0.6614173228346457;0.6555043865323691;0.7746129629701758
612;0.7300613496932515;0.7252376317448815;0.6781604167840287;0.6640419947506562;0.658523046574514;0.7745383781892305
613;0.7300613496932515;0.7252376317448815;0.6780707569878786;0.6614173228346457;0.6555043865323691;0.7745503987817954
614;0.7300613496932515;0.7252376317448815;0.6779162517688251;0.6614173228346457;0.6555043865323691;0.774589948568742
615;0.7291849255039439;0.7242382632879774;0.676870058843389;0.6666666666666666;0.6615236386590917;0.7742025986262469
616;0.7300613496932515;0.7252376317448815;0.676523533156319;0.6666666666666666;0.6615236386590917;0.7741138958609364
617;0.7300613496932515;0.7252376317448815;0.676330056516578;0.6666666666666666;0.6615236386590917;0.7741053767754729
618;0.7309377738825592;0.7261327134774183;0.6761321230495984;0.6666666666666666;0.6615236386590917;0.7741580043552018
619;0.7309377738825592;0.7261327134774183;0.6759787058849814;0.6666666666666666;0.6615236386590917;0.7741824035602164
620;0.7309377738825592;0.7261327134774183;0.6755115532619845;0.6666666666666666;0.6615236386590917;0.7740244400162264
621;0.7283085013146363;0.7234568216675517;0.675388838406661;0.6692913385826772;0.6644769413187525;0.7739686725963077
622;0.7291849255039439;0.7244553324785783;0.675143471971819;0.6692913385826772;0.6644769413187525;0.7739814313402904
623;0.7283085013146363;0.7234568216675517;0.6749616446913852;0.6666666666666666;0.6615236386590917;0.7739893904367967
624;0.7300613496932515;0.7253502513976928;0.67493721568052;0.6666666666666666;0.6615236386590917;0.77400078339817
625;0.7283085013146363;0.7234568216675517;0.6748824145945664;0.6666666666666666;0.6615236386590917;0.7738655858603165
626;0.7283085013146363;0.7234568216675517;0.6747897978448515;0.6666666666666666;0.6615236386590917;0.7738257533434137
627;0.7300613496932515;0.7253502513976928;0.6745829025892304;0.6692913385826772;0.6644769413187525;0.7738870865405533
628;0.7291849255039439;0.7244553324785783;0.6744219951579661;0.6666666666666666;0.6615236386590917;0.773852560525531
629;0.7300613496932515;0.7253502513976928;0.6741811017370193;0.6692913385826772;0.6644769413187525;0.7738820705237656
630;0.7300613496932515;0.7253502513976928;0.6740263620383892;0.6666666666666666;0.6615236386590917;0.7738756030622775
631;0.7300613496932515;0.7253502513976928;0.6739087814421969;0.6666666666666666;0.6615236386590917;0.7738848442266365
632;0.7300613496932515;0.7253502513976928;0.6738618620507155;0.6666666666666666;0.6615236386590917;0.7738598446252788
633;0.7300613496932515;0.7253502513976928;0.6735092803185192;0.6666666666666666;0.6615236386590917;0.7736851266720208
634;0.7300613496932515;0.7253502513976928;0.673393892958242;0.6666666666666666;0.6615236386590917;0.7737668394597259
635;0.7300613496932515;0.7253502513976928;0.6731637515664697;0.6666666666666666;0.6615236386590917;0.7736641918921174
636;0.7309377738825592;0.7262060330911247;0.6730033122373791;0.6666666666666666;0.6615236386590917;0.7737999276093231
637;0.7309377738825592;0.7262060330911247;0.6729700435644412;0.6666666666666666;0.6615236386590917;0.7737994407627815
638;0.7300613496932515;0.7254226068947882;0.6721339540606205;0.6640419947506562;0.6592655990908333;0.7727621730391547
639;0.7300613496932515;0.7254226068947882;0.6719771814160076;0.6640419947506562;0.6592655990908333;0.7726222243002476
640;0.7300613496932515;0.7254226068947882;0.6717892304629189;0.6640419947506562;0.6592655990908333;0.7725723733318006
641;0.7291849255039439;0.7245679213469914;0.6716167652255421;0.6640419947506562;0.6592655990908333;0.7724132033709505
642;0.7291849255039439;0.7245679213469914;0.6715578975195339;0.6640419947506562;0.6592655990908333;0.7723920254223865
643;0.7291849255039439;0.7245679213469914;0.6714457856141132;0.6666666666666666;0.6615236386590917;0.7724139308457185
644;0.7291849255039439;0.7245679213469914;0.6714085128849786;0.6666666666666666;0.6615236386590917;0.7723691682767836
645;0.7300613496932515;0.7254226068947882;0.6710614308383235;0.6666666666666666;0.6615236386590917;0.7723307208137202
646;0.7291849255039439;0.7245679213469914;0.6709521859337295;0.6640419947506562;0.6592655990908333;0.7723505182804581
647;0.7309377738825592;0.7263475594016078;0.6705839693123234;0.6640419947506562;0.6592655990908333;0.7723935419185745
648;0.7300613496932515;0.7255645050386206;0.6704610600059971;0.6640419947506562;0.6592655990908333;0.772479022664924
649;0.7300613496932515;0.7256040251794571;0.6703622963407317;0.6640419947506562;0.6592655990908333;0.7724947686754314
650;0.7300613496932515;0.7256040251794571;0.6701615128579367;0.6640419947506562;0.6592655990908333;0.7724538663267405
651;0.7309377738825592;0.7263861527160964;0.6698106874914915;0.6640419947506562;0.6590739448708152;0.7725465277145657
652;0.7309377738825592;0.7265982592220488;0.6692232573334377;0.6666666666666666;0.6613383371212962;0.7723377831054141
653;0.7318141980718668;0.7274933941342974;0.669086939403964;0.6692913385826772;0.664105123566751;0.7722509212674166
654;0.7318141980718668;0.7274933941342974;0.6689019780801349;0.6692913385826772;0.664105123566751;0.772334808451117
655;0.7318141980718668;0.7274933941342974;0.6688260207905941;0.6692913385826772;0.664105123566751;0.7723477276306938
656;0.7318141980718668;0.7274933941342974;0.6687898659335745;0.6692913385826772;0.664105123566751;0.772351756299741
657;0.7326906222611744;0.7283475323734936;0.6686172216050207;0.6692913385826772;0.664105123566751;0.772393761720869
658;0.733567046450482;0.7291316307449807;0.6682670432205791;0.6692913385826772;0.664105123566751;0.772263964202316
659;0.733567046450482;0.7291316307449807;0.6679732299822063;0.6692913385826772;0.664105123566751;0.772187812739763
660;0.733567046450482;0.7291316307449807;0.6678594794206187;0.6692913385826772;0.664105123566751;0.7721840307909048
661;0.733567046450482;0.7291316307449807;0.6676235827137308;0.6692913385826772;0.664105123566751;0.7719436718695916
662;0.733567046450482;0.7291316307449807;0.6675760799093852;0.6692913385826772;0.664105123566751;0.7719828342959503
663;0.733567046450482;0.7291316307449807;0.6674572810859344;0.6692913385826772;0.664105123566751;0.7719233658678863
664;0.733567046450482;0.7291316307449807;0.667296208703321;0.6692913385826772;0.664105123566751;0.7718829372593359
665;0.7344434706397897;0.7299864110964422;0.6670367747156394;0.6692913385826772;0.664105123566751;0.7718735511312762
666;0.7344434706397897;0.7299864110964422;0.6664890003692651;0.6692913385826772;0.664105123566751;0.7716934974734453
667;0.7344434706397897;0.7299864110964422;0.666080089688456;0.6692913385826772;0.664105123566751;0.7716727108259096
668;0.7344434706397897;0.7299864110964422;0.6659445766333592;0.6692913385826772;0.664105123566751;0.7715676471296133
669;0.7344434706397897;0.7299864110964422;0.6656695460206805;0.6692913385826772;0.664105123566751;0.7715993550956298
670;0.7344434706397897;0.7299864110964422;0.6655718566137454;0.6692913385826772;0.664105123566751;0.7715928081571407
671;0.7344434706397897;0.7299864110964422;0.6654608271353837;0.6692913385826772;0.664105123566751;0.7715315850560217
672;0.733567046450482;0.728989052567823;0.6650290662221374;0.6692913385826772;0.664105123566751;0.7714568417410628
673;0.733567046450482;0.7290278297542643;0.6648206397922243;0.6692913385826772;0.664105123566751;0.7714836317873004
674;0.733567046450482;0.7292012152702432;0.6641512941870122;0.6666666666666666;0.6618389613063074;0.7711996475308593
675;0.733567046450482;0.7292012152702432;0.6640222840115109;0.6666666666666666;0.6618389613063074;0.7710582079236752
676;0.7326906222611744;0.7282045741556974;0.6639591350791488;0.6666666666666666;0.6618389613063074;0.7710970425376374
677;0.7326906222611744;0.7282045741556974;0.6638756022131729;0.6666666666666666;0.6618389613063074;0.7711600664888675
678;0.7326906222611744;0.7282045741556974;0.6637609389442729;0.6666666666666666;0.6618389613063074;0.7711078528744627
679;0.7326906222611744;0.7282045741556974;0.6636481673976021;0.6666666666666666;0.6618389613063074;0.7711529070771043
680;0.733567046450482;0.7290953921230241;0.6636106154750964;0.6666666666666666;0.6618389613063074;0.7711476024588576
681;0.7344434706397897;0.7300923519825077;0.6634505381234864;0.6666666666666666;0.6618389613063074;0.7712457031639324
682;0.733567046450482;0.7290953921230241;0.6632562634872236;0.6666666666666666;0.6618389613063074;0.7712256858134352
683;0.733567046450482;0.7292012152702432;0.6630289287430715;0.6666666666666666;0.6618389613063074;0.771172650170773
684;0.7326906222611744;0.7282045741556974;0.6629487750904987;0.6666666666666666;0.6618389613063074;0.7710830513462226
685;0.7361963190184049;0.7317681200400078;0.662828492585159;0.6666666666666666;0.6618389613063074;0.7710679193454812
686;0.7344434706397897;0.7300264990963812;0.6626977003499441;0.6666666666666666;0.6618389613063074;0.7711660065036623
687;0.7344434706397897;0.7300264990963812;0.6626649162419707;0.6666666666666666;0.6618389613063074;0.7711594695766653
688;0.7353198948290973;0.7310239573958309;0.6625745825112772;0.6666666666666666;0.6618389613063074;0.771132533134467
689;0.7353198948290973;0.7308102066945786;0.6623284125858898;0.6692913385826772;0.6644049953247207;0.7710193547073173
690;0.7370727432077125;0.7328031189659411;0.6620510496698402;0.6666666666666666;0.6619685208941859;0.7708130729730824
691;0.7361963190184049;0.7319117494079369;0.6618167829632555;0.6692913385826772;0.6644049953247207;0.770915857401196
692;0.7361963190184049;0.7317409128679555;0.6617331351813737;0.6692913385826772;0.6644049953247207;0.7708800166188351
693;0.7361963190184049;0.7317409128679555;0.6613021387139023;0.6692913385826772;0.6644049953247207;0.7707827977267647
694;0.7361963190184049;0.7319117494079369;0.6606788573128883;0.6692913385826772;0.6644049953247207;0.7706098294674061
695;0.7370727432077125;0.7327371518551059;0.6605087300210526;0.6692913385826772;0.6644049953247207;0.7706842805193466
696;0.7361963190184049;0.7319117494079369;0.6603909460774925;0.6692913385826772;0.6644049953247207;0.7706027206475663
697;0.7370727432077125;0.7328660411528163;0.6600109269140736;0.6692913385826772;0.6645938833258513;0.7703579405738066
698;0.7361963190184049;0.7318725130195022;0.6596051371936573;0.6692913385826772;0.6645938833258513;0.770207360099942
699;0.7361963190184049;0.7318725130195022;0.6595564104415198;0.6692913385826772;0.6645938833258513;0.7702064824482213
700;0.7370727432077125;0.7328660411528163;0.659443208640888;0.6692913385826772;0.6645938833258513;0.7702897774785914
701;0.7370727432077125;0.7328660411528163;0.6594189879921848;0.6692913385826772;0.6645938833258513;0.7702732814943929
702;0.7370727432077125;0.7328660411528163;0.6588992537021184;0.6692913385826772;0.6645938833258513;0.7701370206126409
703;0.7370727432077125;0.7328660411528163;0.6588681105160465;0.6692913385826772;0.6645938833258513;0.770109505363565
704;0.7361963190184049;0.7319117494079369;0.6582718767070462;0.6692913385826772;0.6645938833258513;0.7695418628004371
705;0.7370727432077125;0.7328031189659411;0.6580106413170181;0.6666666666666666;0.6616172080644747;0.7694475692863688
706;0.7379491673970202;0.7336289977299015;0.6579069862984391;0.6666666666666666;0.6616172080644747;0.7695722768708069
707;0.7361963190184049;0.7318074680372202;0.6577578181800576;0.6666666666666666;0.6616172080644747;0.7696499907905645
708;0.7370727432077125;0.7328031189659411;0.6575390006565206;0.6692913385826772;0.6645938833258513;0.7696054524375748
709;0.7370727432077125;0.7328031189659411;0.6575066463057834;0.6692913385826772;0.6645938833258513;0.7696268154169439
710;0.7361963190184049;0.7319117494079369;0.6573098319384535;0.6692913385826772;0.6645938833258513;0.7695711767170346
711;0.7361963190184049;0.7319117494079369;0.6570403027355007;0.6692913385826772;0.6645938833258513;0.7694279446999375
712;0.7361963190184049;0.7319117494079369;0.6569748623461101;0.6692913385826772;0.6645938833258513;0.769479246233183
713;0.7361963190184049;0.7319117494079369;0.6567292243312652;0.6692913385826772;0.6645938833258513;0.7694828044906069
714;0.7379491673970202;0.7336289977299015;0.6564270442394357;0.6666666666666666;0.6621556077420147;0.76926700524924
715;0.7379491673970202;0.7336289977299015;0.6563674316559971;0.6692913385826772;0.6645938833258513;0.7692859841359341
716;0.7379491673970202;0.7336289977299015;0.65623745860813;0.6666666666666666;0.6621556077420147;0.7692396107717735
717;0.7370727432077125;0.7327371518551059;0.6560407957475096;0.6666666666666666;0.6621556077420147;0.7692894906554155
718;0.7370727432077125;0.7327371518551059;0.6559559468039395;0.6666666666666666;0.6621556077420147;0.7693578515888726
719;0.7370727432077125;0.7327371518551059;0.6557993767904462;0.6666666666666666;0.6621556077420147;0.7693668735692566
720;0.7361963190184049;0.7317409128679555;0.6555735445325994;0.6666666666666666;0.6621556077420147;0.7693360428068016
721;0.7361963190184049;0.7317409128679555;0.6555411765182674;0.6666666666666666;0.6621556077420147;0.7693234361120419
722;0.7388255915863278;0.7343458279261708;0.6554139771481151;0.6666666666666666;0.6621556077420147;0.7691637720185491
723;0.7388255915863278;0.734240136454008;0.6552917298373601;0.6666666666666666;0.6621556077420147;0.7691470070121182
724;0.7370727432077125;0.7325653489888522;0.654912298806661;0.6640419947506562;0.6591863722180435;0.7689995977400226
725;0.7379491673970202;0.7335624951720544;0.6545295332003236;0.6666666666666666;0.6621556077420147;0.7688614791435683
726;0.7379491673970202;0.7335624951720544;0.6543927261409577;0.6692913385826772;0.6651092975127393;0.7690024576844282
727;0.7379491673970202;0.7335624951720544;0.6543221076472748;0.6692913385826772;0.6651092975127393;0.7688931011931246
728;0.7379491673970202;0.7335624951720544;0.6542178075542723;0.6692913385826772;0.6651092975127393;0.7688345163027868
729;0.7388255915863278;0.7345580424264058;0.65409591509702;0.6692913385826772;0.6651092975127393;0.7687959700345063
730;0.7388255915863278;0.7345580424264058;0.6538172024124748;0.6692913385826772;0.6651092975127393;0.7688090574616105
731;0.7388255915863278;0.7345580424264058;0.6537077843614751;0.6692913385826772;0.6651092975127393;0.7687689980232487
732;0.7379491673970202;0.7335624951720544;0.6534613852998477;0.6692913385826772;0.6651092975127393;0.7686799518593627
733;0.7379491673970202;0.7335624951720544;0.6532441112641716;0.6666666666666666;0.6623251151487944;0.7687695014558298
734;0.7379491673970202;0.7335624951720544;0.6532242473379164;0.6666666666666666;0.6623251151487944;0.76876773015031
735;0.7370727432077125;0.7325653489888522;0.6531313781588568;0.6666666666666666;0.6628241776917095;0.7686865916195864
736;0.7370727432077125;0.7325653489888522;0.6530067516201234;0.6692913385826772;0.6652790295314855;0.7686763732455033
737;0.7379491673970202;0.7335624951720544;0.6528540690449126;0.6692913385826772;0.6652790295314855;0.7687060790273734
738;0.7379491673970202;0.7335604074536727;0.6526356793484902;0.6640419947506562;0.6598777968246264;0.7685597300838228
739;0.7379491673970202;0.7335604074536727;0.6525057228196416;0.6614173228346457;0.6569160791115076;0.7685341553482351
740;0.7379491673970202;0.7335604074536727;0.6524349470471245;0.6614173228346457;0.6569160791115076;0.7685681396195543
741;0.7397020157756354;0.7354480106494394;0.6523422795146774;0.6640419947506562;0.6598777968246264;0.7684794484158889
742;0.7397020157756354;0.7354480106494394;0.6523066697310379;0.6640419947506562;0.6598777968246264;0.7685081991561307
743;0.7397020157756354;0.7354480106494394;0.6521009758184166;0.6640419947506562;0.6598777968246264;0.7682949336903032
744;0.7388255915863278;0.7344530596512878;0.6517210270312157;0.6640419947506562;0.6598777968246264;0.7682935731015221
745;0.7388255915863278;0.7344530596512878;0.6515454274158784;0.6640419947506562;0.6598777968246264;0.7683229077835323
746;0.7397020157756354;0.7352367095812758;0.6512450298633389;0.6587926509186351;0.6546446133447027;0.7681782016160781
747;0.7397020157756354;0.7352367095812758;0.6510629495919228;0.6640419947506562;0.6600552930330611;0.7682076854664552
748;0.7397020157756354;0.7352367095812758;0.6508585617264814;0.6614173228346457;0.6570936144606816;0.7681476584499939
749;0.7388255915863278;0.7344530596512878;0.6507712977551031;0.6614173228346457;0.6570936144606816;0.7680959430647216
750;0.7388255915863278;0.7344530596512878;0.6506372182329757;0.6666666666666666;0.6630019347361851;0.7680734561406775
751;0.7397020157756354;0.7352367095812758;0.6503817700137209;0.6640419947506562;0.6600552930330611;0.7679123800702826
752;0.740578439964943;0.7362323630669185;0.6500383399115739;0.6640419947506562;0.6600552930330611;0.7677847616233124
753;0.7397020157756354;0.7354480106494394;0.6499048675704057;0.6666666666666666;0.6630019347361851;0.7676885366709048
754;0.7397020157756354;0.7354480106494394;0.6496838771312937;0.6666666666666666;0.6630019347361851;0.7676608932135608
755;0.7397020157756354;0.7354480106494394;0.6495714876329166;0.6666666666666666;0.6630019347361851;0.7676335354905836
756;0.7397020157756354;0.7354480106494394;0.6493795069303029;0.6666666666666666;0.6630019347361851;0.7675784539489927
757;0.740578439964943;0.7362323630669185;0.6490342407467705;0.6692913385826772;0.6652790295314855;0.7672577483023411
758;0.7423312883435583;0.7378408558833385;0.648726464016143;0.6692913385826772;0.6652790295314855;0.7673179436523275
759;0.7414548641542507;0.7370168571941408;0.6485425707309653;0.6692913385826772;0.6652790295314855;0.7672944966581042
760;0.740578439964943;0.7362323630669185;0.6483435421045171;0.6692913385826772;0.6652790295314855;0.7672889431443999
761;0.7414548641542507;0.7370168571941408;0.6481701687948;0.6692913385826772;0.6652790295314855;0.7673127241852482
762;0.7414548641542507;0.7370168571941408;0.6481446724046236;0.6692913385826772;0.6652790295314855;0.7673095071639437
763;0.7423312883435583;0.7378408558833385;0.6479218313800115;0.6692913385826772;0.6652790295314855;0.767232790344545
764;0.7423312883435583;0.7379092506960298;0.6477587103632435;0.6692913385826772;0.6657774332055082;0.7669718255341733
765;0.7423312883435583;0.7379092506960298;0.6477150761315554;0.6692913385826772;0.6657774332055082;0.7669770265628256
766;0.7423312883435583;0.7379092506960298;0.6476928973349705;0.6692913385826772;0.6657774332055082;0.766966607340282
767;0.7423312883435583;0.7379092506960298;0.6476434455598404;0.6692913385826772;0.6657774332055082;0.7669389602780724
768;0.7423312883435583;0.7379092506960298;0.6474414790177981;0.6666666666666666;0.6628534555352527;0.7669683790023462
769;0.7423312883435583;0.7379092506960298;0.6472442862264728;0.6640419947506562;0.6598777968246264;0.767007583090493
770;0.7423312883435583;0.7379092506960298;0.6471668543540893;0.6640419947506562;0.6598777968246264;0.7669959893229021
771;0.7423312883435583;0.7379092506960298;0.6471076130399328;0.6640419947506562;0.6598777968246264;0.7669879821177296
772;0.7423312883435583;0.7379092506960298;0.6470881887069381;0.6640419947506562;0.6598777968246264;0.7669954889856121
773;0.7423312883435583;0.7379092506960298;0.6468232740746885;0.6666666666666666;0.6628534555352527;0.7669332696512698
774;0.7432077125328659;0.7389029533843974;0.6466265798192972;0.6666666666666666;0.6628534555352527;0.7668938669875077
775;0.7432077125328659;0.7389029533843974;0.646459875776532;0.6666666666666666;0.6628534555352527;0.7668650461631125
776;0.7423312883435583;0.7379092506960298;0.6463439363968604;0.6692913385826772;0.6651404083878539;0.7668625295830178
777;0.7432077125328659;0.7388007634163859;0.6462088286700137;0.6666666666666666;0.6628534555352527;0.7668663697312922
778;0.7440841367221736;0.7397961397849759;0.646033036587377;0.6666666666666666;0.6628534555352527;0.766724850073688
779;0.7440841367221736;0.7397961397849759;0.6459390341757164;0.6692913385826772;0.6651404083878539;0.766848067778894
780;0.7440841367221736;0.7397961397849759;0.6459291034025436;0.6692913385826772;0.6651404083878539;0.7668461445026648
781;0.7440841367221736;0.7397961397849759;0.6455302942580927;0.6692913385826772;0.6651404083878539;0.7668166440428485
782;0.7440841367221736;0.7397961397849759;0.6453919830855605;0.6692913385826772;0.6651404083878539;0.766704086744227
783;0.7440841367221736;0.7397961397849759;0.6452289205561494;0.6692913385826772;0.6651404083878539;0.7666618713475105
784;0.7440841367221736;0.7397961397849759;0.6450134500040128;0.6692913385826772;0.6651404083878539;0.7665675497227868
785;0.7458369851007888;0.7417793091589223;0.6447421782806232;0.6692913385826772;0.6651404083878539;0.7666114880708648
786;0.7467134092900964;0.7426336752330097;0.6446775655875256;0.6692913385826772;0.6651404083878539;0.7665580040239339
787;0.7458369851007888;0.7417793091589223;0.6445611276181378;0.6692913385826772;0.6651404083878539;0.7665231580636663
788;0.7458369851007888;0.7417793091589223;0.6444459403738562;0.6692913385826772;0.6651404083878539;0.7666083559964817
789;0.7458369851007888;0.7417793091589223;0.6441894623748108;0.6692913385826772;0.6651404083878539;0.7664663567248465
790;0.7449605609114811;0.7407899334206457;0.6440827966524242;0.6692913385826772;0.6651404083878539;0.7664839208832975
791;0.7449605609114811;0.7407899334206457;0.6440424452571882;0.6692913385826772;0.6651404083878539;0.766421907122552
792;0.7484662576687117;0.7443412061670258;0.6439646258004852;0.6692913385826772;0.6651404083878539;0.7664404288590867
793;0.747589833479404;0.7434876367073554;0.6438752645113294;0.6692913385826772;0.6651404083878539;0.7665122867485192
794;0.7467134092900964;0.7426336752330097;0.6437639575224154;0.6692913385826772;0.6651404083878539;0.7664916908311713
795;0.747589833479404;0.7436244148544116;0.643669248900153;0.6692913385826772;0.6651404083878539;0.7664517656527483
796;0.7493426818580193;0.7453685146247793;0.6433211331944677;0.6692913385826772;0.6651404083878539;0.7666347781338042
797;0.7484662576687117;0.7444793528280056;0.6432501775968172;0.6692913385826772;0.6651404083878539;0.7664968209316209
798;0.7484662576687117;0.7444793528280056;0.6429146555768439;0.6692913385826772;0.6651404083878539;0.7667474019820262
799;0.7484662576687117;0.7443412061670258;0.6427566541573199;0.6692913385826772;0.6651404083878539;0.7666658810984703
800;0.7484662576687117;0.7443412061670258;0.6426230927723691;0.6692913385826772;0.6651404083878539;0.7665942118233983
801;0.747589833479404;0.7434529964936978;0.6424222504239417;0.6692913385826772;0.6651404083878539;0.7666660510421904
802;0.747589833479404;0.7434529964936978;0.6421438825327467;0.6692913385826772;0.6651404083878539;0.7667078610442324
803;0.7458369851007888;0.741808805407779;0.6420431777478623;0.6692913385826772;0.6651404083878539;0.7667496560353536
804;0.7467134092900964;0.7426368328848626;0.641840289155042;0.6692913385826772;0.6651404083878539;0.7668299238127284
805;0.7467134092900964;0.7426368328848626;0.6417728041684947;0.6692913385826772;0.6651404083878539;0.766855890285897
806;0.7467134092900964;0.7426368328848626;0.641641521377919;0.6692913385826772;0.6651404083878539;0.7667728361983138
807;0.747589833479404;0.7434249743080891;0.6415844951530344;0.6692913385826772;0.6651404083878539;0.7667791316690424
808;0.7484662576687117;0.7443151579972781;0.6413844802108694;0.6666666666666666;0.662194158354535;0.7669278076938153
809;0.7493426818580193;0.7452044743978296;0.6412897339147494;0.6666666666666666;0.662194158354535;0.7667933404613478
810;0.7484662576687117;0.744416023430362;0.641176269294971;0.6692913385826772;0.6651404083878539;0.7667489708412493
811;0.7493426818580193;0.7452672523309182;0.6411185924793031;0.6692913385826772;0.6651404083878539;0.7668415310220246
812;0.747589833479404;0.7435268616335883;0.6409967654087356;0.6692913385826772;0.6651404083878539;0.7668265193755103
813;0.7484662576687117;0.7443796045725989;0.6406763471996918;0.6692913385826772;0.6651404083878539;0.7667754238405582
814;0.7484662576687117;0.7443796045725989;0.6406369000804424;0.6692913385826772;0.6651404083878539;0.7667633647446143
815;0.7484662576687117;0.7443796045725989;0.6405946826622525;0.6666666666666666;0.6621556077420147;0.7667549139583615
816;0.7484662576687117;0.7443796045725989;0.6405728083499309;0.6666666666666666;0.6621556077420147;0.7667669899664065
817;0.7484662576687117;0.7443796045725989;0.6402256757406606;0.6666666666666666;0.6621556077420147;0.7669110459938948
818;0.7493426818580193;0.74540491392529;0.6399032365756223;0.6640419947506562;0.6591863722180435;0.7669559351471266
819;0.7493426818580193;0.74540491392529;0.6398069787276714;0.6666666666666666;0.662194158354535;0.7668220198488455
820;0.7493426818580193;0.7452672523309182;0.6394162095563404;0.6666666666666666;0.6622455129423844;0.766796011768415
821;0.7493426818580193;0.7452672523309182;0.6391901494117669;0.6640419947506562;0.6599640412432777;0.7667809585724048
822;0.7493426818580193;0.7452672523309182;0.6391446104305324;0.6640419947506562;0.6599640412432777;0.7667748204288691
823;0.7493426818580193;0.7452672523309182;0.6390539499880402;0.6640419947506562;0.6599640412432777;0.7667968409234944
824;0.7493426818580193;0.7452672523309182;0.6390105506916415;0.6640419947506562;0.6599640412432777;0.7667734648508641
825;0.7493426818580193;0.7452672523309182;0.6386439066044964;0.6666666666666666;0.6628956348636994;0.7666120505561514
826;0.7484662576687117;0.7443796045725989;0.6384610752545702;0.6666666666666666;0.6628956348636994;0.7665032338703394
827;0.7493426818580193;0.7452672523309182;0.6383199515133976;0.6640419947506562;0.6599640412432777;0.7665603301465623
828;0.7484662576687117;0.7443796045725989;0.6382798428724713;0.6666666666666666;0.6622455129423844;0.7665490412580512
829;0.7502191060473269;0.746256817608411;0.638222681730204;0.6692913385826772;0.6651844154664476;0.7665309452846986
830;0.7484662576687117;0.7443796045725989;0.6382002956784595;0.6692913385826772;0.6651844154664476;0.7665495863499411
831;0.7502191060473269;0.746256817608411;0.6381336153309025;0.6666666666666666;0.6622455129423844;0.7665351240017814
832;0.7502191060473269;0.746256817608411;0.6378962407862371;0.6666666666666666;0.6622455129423844;0.7664389624408988
833;0.7493426818580193;0.7452672523309182;0.6375032293208114;0.6666666666666666;0.6628956348636994;0.7663878638506645
834;0.7484662576687117;0.7442758597015857;0.6374087788689815;0.6692913385826772;0.6651844154664476;0.7663866881499296
835;0.7493426818580193;0.7451619996011993;0.6373235564262315;0.6692913385826772;0.6651844154664476;0.7663476275504494
836;0.7502191060473269;0.7461540474558442;0.6371721989281048;0.6666666666666666;0.662194158354535;0.7662329712718001
837;0.7510955302366346;0.7471442698914674;0.636835304817247;0.6666666666666666;0.662194158354535;0.7661396299608592
838;0.7519719544259421;0.7479348295953556;0.6365265900018037;0.6640419947506562;0.6592322703398196;0.7660549259711308
839;0.7510955302366346;0.7471442698914674;0.6364237535675303;0.6640419947506562;0.6592322703398196;0.7661291391613263
840;0.7510955302366346;0.7471442698914674;0.6363692354895151;0.6640419947506562;0.6592322703398196;0.7661221520721384
841;0.7528483786152498;0.7489240641554377;0.6361847524217911;0.6640419947506562;0.6592322703398196;0.7659159328360292
842;0.7528483786152498;0.7489240641554377;0.6356807249576656;0.6640419947506562;0.6592322703398196;0.7658543082554246
843;0.7510955302366346;0.7471442698914674;0.6353988244139661;0.6640419947506562;0.6592322703398196;0.7656247097238456
844;0.7519719544259421;0.748132682874356;0.6352691019049749;0.6640419947506562;0.6592322703398196;0.7655919774648072
845;0.7528483786152498;0.7491193022729864;0.6350680079919416;0.6640419947506562;0.6592322703398196;0.7656531362268296
846;0.7502191060473269;0.746256817608411;0.6348452793126317;0.6614173228346457;0.6569601442017123;0.7654897018405985
847;0.7510955302366346;0.7470452888535549;0.6345837944550785;0.6614173228346457;0.6569601442017123;0.7653840760440302
848;0.7510955302366346;0.7471466851339515;0.6341232960295049;0.6640419947506562;0.6599145144055752;0.7654504623370041
849;0.7528483786152498;0.748827194450187;0.6340060794086472;0.6640419947506562;0.6599145144055752;0.7653862615470727
850;0.7519719544259421;0.7479379277128192;0.6338966048956648;0.6666666666666666;0.662194158354535;0.7654192375788219
851;0.7528483786152498;0.7490225719879842;0.6336226178985704;0.6666666666666666;0.662194158354535;0.7655046416217118
852;0.7528483786152498;0.7490225719879842;0.6335689956957691;0.6666666666666666;0.662194158354535;0.7655458196935656
853;0.7528483786152498;0.7490225719879842;0.6334361125278138;0.6666666666666666;0.662194158354535;0.7654778898993722
854;0.7537248028045574;0.7498147807865095;0.6333233399717477;0.6666666666666666;0.662194158354535;0.7654918930946399
855;0.7537248028045574;0.7498147807865095;0.6331863718391174;0.6640419947506562;0.6599145144055752;0.7654002777217012
856;0.754601226993865;0.7507038584194079;0.6330885248315504;0.6640419947506562;0.6599145144055752;0.7654028368942988
857;0.7537248028045574;0.7498147807865095;0.6330297289615415;0.6640419947506562;0.6599145144055752;0.7653842691797025
858;0.7537248028045574;0.7497530422422604;0.6325445652119633;0.6666666666666666;0.662194158354535;0.7651431680447583
859;0.7528483786152498;0.7489240641554377;0.6323346372180187;0.6640419947506562;0.6599145144055752;0.7651686270614806
860;0.7563540753724802;0.7523235974747445;0.63193405558529;0.6640419947506562;0.6599145144055752;0.7651992071800785
861;0.7563540753724802;0.7525186282029478;0.6317868155828045;0.6640419947506562;0.6599145144055752;0.7652304130821543
862;0.7563540753724802;0.7523235974747445;0.6315585454237789;0.6640419947506562;0.6599145144055752;0.7652396627397672
863;0.7563540753724802;0.7523235974747445;0.6315513773278589;0.6640419947506562;0.6599145144055752;0.7652377180852978
864;0.7572304995617879;0.7532124250108109;0.6314492099519914;0.6640419947506562;0.6599145144055752;0.7651845226346733
865;0.7581069237510956;0.7542004964947318;0.6312709672682535;0.6640419947506562;0.6599145144055752;0.7651379117437543
866;0.7581069237510956;0.7542004964947318;0.6311950302687286;0.6640419947506562;0.6599145144055752;0.7651948423825335
867;0.7581069237510956;0.7542004964947318;0.6310961831639605;0.6640419947506562;0.6599145144055752;0.765242589168974
868;0.7581069237510956;0.7542004964947318;0.6310306909776322;0.6640419947506562;0.6599145144055752;0.7652235508886023
869;0.7581069237510956;0.7542004964947318;0.6308388631952297;0.6640419947506562;0.6599145144055752;0.7651889983781963
870;0.7581069237510956;0.7542004964947318;0.6308064114628303;0.6640419947506562;0.6599145144055752;0.7652053895663189
871;0.7581069237510956;0.7542004964947318;0.6306960806582621;0.6640419947506562;0.6599145144055752;0.7653674830455179
872;0.7572304995617879;0.7533727051764745;0.6306270208163828;0.6640419947506562;0.6599145144055752;0.7652038045386532
873;0.7581069237510956;0.754358845537283;0.6303785055763818;0.6640419947506562;0.6599145144055752;0.7650875678493855
874;0.7572304995617879;0.7534691271841079;0.6302245829067545;0.6640419947506562;0.6599145144055752;0.7651538170726313
875;0.7581069237510956;0.754358845537283;0.6298268011316809;0.6640419947506562;0.6599145144055752;0.7650027650752612
876;0.7581069237510956;0.754358845537283;0.6297112453525419;0.6640419947506562;0.6599145144055752;0.7649418853088619
877;0.7581069237510956;0.754358845537283;0.6296348971992853;0.6640419947506562;0.6599145144055752;0.7649058937703057
878;0.7572304995617879;0.7533727051764745;0.6295612156578864;0.6640419947506562;0.6599145144055752;0.7649135844250378
879;0.7572304995617879;0.7533727051764745;0.6295342368344125;0.6640419947506562;0.6599145144055752;0.7649296195632804
880;0.7572304995617879;0.7533727051764745;0.6294867058893634;0.6640419947506562;0.6599145144055752;0.7650043434220887
881;0.7598597721297108;0.7561709731806258;0.6290088445422822;0.6640419947506562;0.6599145144055752;0.7649249477546757
882;0.7581069237510956;0.7543586679259086;0.6287983071670159;0.6640419947506562;0.6599145144055752;0.7650235657456866
883;0.7581069237510956;0.7543586679259086;0.6284882675862219;0.6640419947506562;0.6599145144055752;0.7650296460580599
884;0.7598597721297108;0.7560416458417818;0.628204020011549;0.6640419947506562;0.6599145144055752;0.7648815394823157
885;0.7598597721297108;0.7560416458417818;0.6281909002168002;0.6640419947506562;0.6599145144055752;0.764879514745873
886;0.7598597721297108;0.7561348629121482;0.6281084433894568;0.6640419947506562;0.6599145144055752;0.7648022670043871
887;0.7598597721297108;0.7561358069921125;0.6279892488948384;0.6640419947506562;0.6599145144055752;0.7647833131602199
888;0.7598597721297108;0.7561358069921125;0.6279416312444005;0.6640419947506562;0.6599145144055752;0.7647661797230284
889;0.7598597721297108;0.7561358069921125;0.6278805720338155;0.6640419947506562;0.6599145144055752;0.7647714044878856
890;0.7598597721297108;0.7561358069921125;0.6277079377075901;0.6640419947506562;0.6599145144055752;0.764655230139205
891;0.7598597721297108;0.7562315514544167;0.6273667184371602;0.6640419947506562;0.6599145144055752;0.7646864210827098
892;0.7598597721297108;0.7560423523477144;0.6271318970825258;0.6640419947506562;0.6599145144055752;0.764884109168756
893;0.7598597721297108;0.7560423523477144;0.6270280695665252;0.6640419947506562;0.6599145144055752;0.7649056617813187
894;0.7607361963190185;0.7570268083130194;0.6269358602974381;0.6640419947506562;0.6599145144055752;0.7648633393993157
895;0.7607361963190185;0.7570268083130194;0.6269044962284647;0.6640419947506562;0.6599145144055752;0.7648824045255966
896;0.7598597721297108;0.7560416458417818;0.6266758636384063;0.6640419947506562;0.6599145144055752;0.7651216717734289
897;0.7581069237510956;0.7542004964947318;0.6265370184479462;0.6640419947506562;0.6599145144055752;0.7651801271677757
898;0.7572304995617879;0.753212085539208;0.6264035403302963;0.6640419947506562;0.6599145144055752;0.7652524986087741
899;0.7581069237510956;0.7542008225207022;0.6263553812235387;0.6640419947506562;0.6599145144055752;0.7652413389772786
900;0.7581069237510956;0.7542008225207022;0.6263226556016872;0.6640419947506562;0.6599145144055752;0.7652393094078421
901;0.7581069237510956;0.7542008225207022;0.626279508079443;0.6640419947506562;0.6599145144055752;0.765269496530376
902;0.7581069237510956;0.7542008225207022;0.6260704496753703;0.6640419947506562;0.6599145144055752;0.7652510506568252
903;0.7581069237510956;0.7541004567072421;0.6258639132075275;0.6640419947506562;0.6599145144055752;0.7653103799048441
904;0.7598597721297108;0.75607611088733;0.6256484420761332;0.6640419947506562;0.6599145144055752;0.7651326506604892
905;0.7598597721297108;0.7559769879446451;0.6254724753819366;0.6640419947506562;0.6599145144055752;0.7651888576513697
906;0.7589833479404031;0.7550898611532971;0.6253876135627564;0.6640419947506562;0.6599145144055752;0.7651351187546638
907;0.7598597721297108;0.7559780797051371;0.6251189668779566;0.6640419947506562;0.6599145144055752;0.7652512936778229
908;0.7589833479404031;0.7550898611532971;0.6250517100881668;0.6640419947506562;0.6599145144055752;0.7652055385602972
909;0.7581069237510956;0.7541004567072421;0.6249653734309523;0.6640419947506562;0.6599145144055752;0.7652322899607216
910;0.7589833479404031;0.7550891546473645;0.6248763727366218;0.6640419947506562;0.6599145144055752;0.7652249987519938
911;0.7589833479404031;0.7550891546473645;0.6247803257545502;0.6640419947506562;0.6599145144055752;0.765153892498255
912;0.7598597721297108;0.7559173403060855;0.6246375147556267;0.6640419947506562;0.6599145144055752;0.7652116961165876
913;0.761612620508326;0.7577933762373767;0.6245085194902539;0.6640419947506562;0.6599145144055752;0.7652072221443513
914;0.7598597721297108;0.75607611088733;0.6243504005557553;0.6640419947506562;0.6599145144055752;0.76517394826839
915;0.7589833479404031;0.7550891546473645;0.624234239920074;0.6640419947506562;0.6599145144055752;0.7651757807905424
916;0.7589833479404031;0.7549535781052773;0.6238275685108916;0.6640419947506562;0.6599145144055752;0.7650510906240339
917;0.7598597721297108;0.7558820124803027;0.6235575764190742;0.6640419947506562;0.6599145144055752;0.7649729902038749
918;0.7598597721297108;0.7558820124803027;0.6234545487939949;0.6640419947506562;0.6599145144055752;0.7648631436330203
919;0.7607361963190185;0.7569054370680798;0.6233014177954694;0.6640419947506562;0.6599145144055752;0.7648201316249719
920;0.761612620508326;0.7578901057177427;0.6232804582907525;0.6640419947506562;0.6599145144055752;0.7648335362736599
921;0.7607361963190185;0.7569044433561646;0.6229242271915668;0.6640419947506562;0.6599145144055752;0.7647975128064352
922;0.7598597721297108;0.7559173403060855;0.6227880991305317;0.6640419947506562;0.6599145144055752;0.7647263427198071
923;0.7607361963190185;0.7569044433561646;0.6227094330309838;0.6640419947506562;0.6599145144055752;0.7647104463487436
924;0.7598597721297108;0.7559172719915921;0.6225099850191902;0.6640419947506562;0.6599145144055752;0.7646646513098858
925;0.761612620508326;0.7576937551394327;0.622500590995163;0.6640419947506562;0.6599145144055752;0.7646598491388985
926;0.761612620508326;0.7576937551394327;0.6223138076597385;0.6640419947506562;0.6599145144055752;0.7644991229243883
927;0.7598597721297108;0.7558169390431584;0.6220762014885844;0.6640419947506562;0.6599145144055752;0.764400196756162
928;0.7607361963190185;0.7567044916100873;0.6219950372630061;0.6640419947506562;0.6599145144055752;0.7644040388183883
929;0.7598597721297108;0.7558739305422989;0.621752159949325;0.6640419947506562;0.6599145144055752;0.7643941794488199
930;0.7589833479404031;0.7550244967502278;0.6216518642683251;0.6640419947506562;0.6599145144055752;0.7644237509810596
931;0.7589833479404031;0.7550244967502278;0.6216011566092822;0.6640419947506562;0.6599145144055752;0.7643658263149269
932;0.7589833479404031;0.7548820639798923;0.6215636228476547;0.6640419947506562;0.6599145144055752;0.764364493772849
933;0.7589833479404031;0.7548820639798923;0.6214468848401261;0.6640419947506562;0.6599145144055752;0.764391132905789
934;0.7598597721297108;0.7558739305422989;0.6213946913710741;0.6640419947506562;0.6599145144055752;0.7643883161803824
935;0.7607361963190185;0.7567028276341659;0.6209682832135462;0.6614173228346457;0.6573724098967267;0.7642284401016558
936;0.7607361963190185;0.7567028276341659;0.620912635060126;0.6614173228346457;0.6573724098967267;0.7642337501043275
937;0.7598597721297108;0.7557108142616455;0.6207619078092275;0.6614173228346457;0.6573724098967267;0.7643574358543536
938;0.7598597721297108;0.7557108142616455;0.6205482922271031;0.6640419947506562;0.6599145144055752;0.7642983470255431
939;0.7607361963190185;0.7568068810478861;0.6204369367463677;0.6640419947506562;0.6599145144055752;0.7643746408602927
940;0.761612620508326;0.7576939362449169;0.6202192686013841;0.6614173228346457;0.6573724098967267;0.7644188177324543
941;0.761612620508326;0.7576939362449169;0.6201306872224107;0.6640419947506562;0.6599145144055752;0.7642606478361028
942;0.761612620508326;0.7576939362449169;0.620069464108081;0.6640419947506562;0.6599145144055752;0.7642653495182402
943;0.7607361963190185;0.7568068810478861;0.620011180725205;0.6640419947506562;0.6599145144055752;0.7643046056217724
944;0.761612620508326;0.7575987790285554;0.6199438077699332;0.6640419947506562;0.6599145144055752;0.7643166520712902
945;0.761612620508326;0.7575987790285554;0.6198158306097459;0.6640419947506562;0.6599145144055752;0.7643377292402304
946;0.7633654688869412;0.759476216053657;0.6196977308420689;0.6640419947506562;0.6599145144055752;0.7644386922427931
947;0.7633654688869412;0.759476216053657;0.6194196574771573;0.6640419947506562;0.6599145144055752;0.7642678024311941
948;0.7651183172655566;0.7613496711397756;0.6191656535426626;0.6640419947506562;0.6599145144055752;0.7641615760400283
949;0.7633654688869412;0.7593743119298427;0.6190195171387567;0.6640419947506562;0.6599145144055752;0.7641636223388915
950;0.7651183172655566;0.7613496711397756;0.6187524250716587;0.6640419947506562;0.6599145144055752;0.7641628565906305
951;0.7651183172655566;0.7613496711397756;0.618582711570137;0.6640419947506562;0.6599145144055752;0.7640674013178059
952;0.7659947414548641;0.7622361928471935;0.6183611092658752;0.6640419947506562;0.6599145144055752;0.7639868334459403
953;0.7651183172655566;0.7613496711397756;0.618221916581694;0.6614173228346457;0.6573724098967267;0.7640540947292397
954;0.7633654688869412;0.7595700404907015;0.6180477150349675;0.6614173228346457;0.6573724098967267;0.7640459052945543
955;0.7659947414548641;0.7622361928471935;0.6177854298231203;0.6614173228346457;0.6573724098967267;0.7640693689610507
956;0.7659947414548641;0.7622361928471935;0.6176002815716176;0.6614173228346457;0.6573724098967267;0.7641177853819219
957;0.7659947414548641;0.7622361928471935;0.6175662603107266;0.6614173228346457;0.6573724098967267;0.7641434998779802
958;0.7642418930762489;0.7604180957789001;0.6174163917879092;0.6614173228346457;0.6573724098967267;0.764004775126857
959;0.7642418930762489;0.7604180957789001;0.6172719019783031;0.6614173228346457;0.6573724098967267;0.7638865104770068
960;0.7642418930762489;0.7606106870867834;0.6169829686836845;0.6614173228346457;0.6573724098967267;0.7637916294580227
961;0.7633654688869412;0.7596239085327597;0.6169495902063946;0.6614173228346457;0.6573724098967267;0.7637866406029228
962;0.7633654688869412;0.7594656045844828;0.6167632875212022;0.6640419947506562;0.6603001701303518;0.7637275932252818
963;0.7633654688869412;0.7594673015420738;0.6166178391209379;0.6640419947506562;0.6603001701303518;0.763805467493383
964;0.7633654688869412;0.7594673015420738;0.6165342486699411;0.6640419947506562;0.6603001701303518;0.7638231360252525
965;0.7633654688869412;0.7594673015420738;0.6163742995912398;0.6640419947506562;0.6603001701303518;0.7638876192795856
966;0.7633654688869412;0.7594673015420738;0.6162583130905209;0.6640419947506562;0.6603001701303518;0.7638966282530971
967;0.7633654688869412;0.7594673015420738;0.6162420396741475;0.6640419947506562;0.6603001701303518;0.7638986854626837
968;0.7651183172655566;0.7614443813846072;0.6161884469573958;0.6640419947506562;0.6603001701303518;0.7639026451235877
969;0.7642418930762489;0.7606118566986734;0.6160459807244391;0.6640419947506562;0.6603001701303518;0.7640808125893919
970;0.761612620508326;0.7578554074955381;0.6158638451807888;0.6640419947506562;0.6603001701303518;0.76408253604685
971;0.7624890446976337;0.7588399293350875;0.615630806409335;0.6640419947506562;0.6603001701303518;0.7641342185572175
972;0.7633654688869412;0.7598226999155948;0.6155432708915037;0.6640419947506562;0.6603001701303518;0.7640953593671655
973;0.7642418930762489;0.7607097405485348;0.6155096762654326;0.6640419947506562;0.6603001701303518;0.7640896659576997
974;0.7651183172655566;0.7615959721132677;0.6154082701020368;0.6640419947506562;0.6603001701303518;0.7640093264230273
975;0.7651183172655566;0.7615959721132677;0.6153396251459542;0.6640419947506562;0.6603001701303518;0.7640029261417597
976;0.7651183172655566;0.7615959721132677;0.6153145179791754;0.6640419947506562;0.6603001701303518;0.7639947878891405
977;0.7642418930762489;0.7606106870867834;0.6152578685300207;0.6640419947506562;0.6603001701303518;0.7639619760955487
978;0.7659947414548641;0.7624286424893485;0.615046204540894;0.6640419947506562;0.6603001701303518;0.7639266966911881
979;0.7651183172655566;0.7614443813846072;0.6149623108955914;0.6640419947506562;0.6603001701303518;0.7639016322706065
980;0.7642418930762489;0.7604557447097334;0.6149152897893212;0.6640419947506562;0.6603001701303518;0.763921721232357
981;0.7642418930762489;0.7604557447097334;0.614793591359966;0.6640419947506562;0.6603001701303518;0.7638916521348927
982;0.7659947414548641;0.7623295533041726;0.6146680649847355;0.6640419947506562;0.6603001701303518;0.7638159975258303
983;0.7651183172655566;0.7613406455105154;0.6145618549331863;0.6640419947506562;0.6603001701303518;0.7637924264117971
984;0.7642418930762489;0.7606118566986734;0.6144296409550586;0.6640419947506562;0.6603001701303518;0.7637797124651332
985;0.7642418930762489;0.7606118566986734;0.6143963407150009;0.6640419947506562;0.6603001701303518;0.7638390747717373
986;0.7642418930762489;0.7606118566986734;0.6143304414260622;0.6640419947506562;0.6603001701303518;0.7639109439450075
987;0.7651183172655566;0.7615980726751972;0.6142335584324511;0.6640419947506562;0.6603001701303518;0.7638659385138141
988;0.7651183172655566;0.7614966118093085;0.6140667206127544;0.6640419947506562;0.6603001701303518;0.7637557146507942
989;0.7659947414548641;0.7624814026343928;0.6137852791064778;0.6640419947506562;0.6603001701303518;0.7637869592623305
990;0.7659947414548641;0.7622913429362049;0.613650123714489;0.6640419947506562;0.6603001701303518;0.7637241473721261
991;0.7651183172655566;0.7614966118093085;0.613595314389888;0.6640419947506562;0.6603001701303518;0.7637422219272463
992;0.7659947414548641;0.7624814026343928;0.6135348294372751;0.6640419947506562;0.6603001701303518;0.7637127827717388
993;0.7651183172655566;0.7614966118093085;0.6134144239772539;0.6640419947506562;0.6603001701303518;0.7636995727376599
994;0.7668711656441718;0.7632769127450734;0.6130453355232132;0.6640419947506562;0.6603001701303518;0.7638114361358239
995;0.7668711656441718;0.7631233196385415;0.6128995759941133;0.6640419947506562;0.6603001701303518;0.7638405843235172
996;0.7668711656441718;0.7631233196385415;0.6126638146934117;0.6640419947506562;0.6604743780428981;0.7638715984768388
997;0.7668711656441718;0.7632230424968311;0.6124129106739185;0.6640419947506562;0.6603001701303518;0.7638541948272959
998;0.7677475898334793;0.7642063423842526;0.6122469302542777;0.6640419947506562;0.6604743780428981;0.7639990280311696
999;0.7677475898334793;0.7642063423842526;0.6121318336205046;0.6640419947506562;0.6604743780428981;0.7639546800949585
