;missing in:;chi2:;p_value;category;p_adj;type
6;tumor_stage;1232.5919224209554;1.369488099004946e-265;cohort;9.568613347747558e-262;clinic-clinic
3437;tumor_size;1904.0;2.837065583989557e-227;nottingham_prognostic_index;9.911288617667517e-224;clinic-clinic
3751;taf4b_mut;894.5260987392483;1.7108822427622964e-105;ahnak_mut;3.984644743393388e-102;gene-gene
5542;dtwd2_mut;775.859067486455;1.2422355888787085e-104;birc6_mut;2.169875014873884e-101;gene-gene
6002;magea8_mut;689.9922208771874;1.0608602981944495e-101;atr_mut;1.482446180696924e-98;gene-gene
6870;tbl1xr1_mut;950.224662521456;2.442776498806046e-100;map3k1_mut;2.8446132328596407e-97;gene-gene
302;primary_tumor_laterality;432.62833911987127;2.4719395564342236e-92;cohort;2.4673488115437033e-89;clinic-clinic
6879;tbl1xr1_mut;712.3432641502263;9.848451215213024e-90;herc2_mut;8.601391080086676e-87;gene-gene
5541;dtwd2_mut;690.0887363215955;1.10789212907948e-87;tg_mut;8.600935895420363e-85;gene-gene
460;neoplasm_histologic_grade;1087.4434212154224;3.1102727022457104e-87;nottingham_prognostic_index;2.1731475370590777e-84;clinic-clinic
5689;ctnna1_mut;690.0967370649643;1.2481584133483146e-85;akap9_mut;7.928075303695158e-83;gene-gene
3786;taf4b_mut;525.5464196956096;1.5765209080043277e-80;arid1b_mut;9.179292986855198e-78;gene-gene
6148;foxo1_mut;569.304959336038;8.868921122552565e-80;col22a1_mut;4.766703991021137e-77;gene-gene
5719;ctnna1_mut;517.2490456628651;2.0863419885833786e-79;usp9x_mut;1.041233676730862e-76;gene-gene
5562;dtwd2_mut;517.2817783011678;2.179181509075919e-78;map2k4_mut;1.0150627469275632e-75;gene-gene
6647;ccnd3_mut;421.6298139907324;1.9332645805313089e-72;arid5b_mut;8.44232476510766e-70;gene-gene
5266;clrn2_mut;473.9529520961172;2.1320155149336098e-70;lamb3_mut;8.762583766377136e-68;gene-gene
5674;ctnna1_mut;863.3540693132949;2.737580009257308e-69;ahnak2_mut;1.0626373069267117e-66;gene-gene
6726;nr3c1_mut;632.9761360304897;7.451305906269016e-68;kmt2d_mut;2.7401197035316645e-65;gene-gene
4778;ppp2r2a_mut;1003.8800494088791;2.748997835795074e-66;tp53_mut;9.603623939350093e-64;gene-gene
6286;nt5e_mut;569.4026270551519;1.124780678197717e-65;tg_mut;3.742305999317833e-63;gene-gene
6187;foxo1_mut;379.3155439582678;1.303161923610776e-65;usp28_mut;4.1387238001220414e-63;gene-gene
6775;nr3c1_mut;421.67456370805274;3.509383346909255e-65;ctcf_mut;1.0660896280371722e-62;gene-gene
5699;ctnna1_mut;517.3651879166778;2.1242901814309346e-64;ncor2_mut;6.184339790690808e-62;gene-gene
6575;ccnd3_mut;633.0562831973449;4.019355740368322e-64;cdh1_mut;1.1233295423181386e-61;gene-gene
4965;nf2_mut;473.9873150105708;6.876194454547143e-64;nf1_mut;1.8478450251508036e-61;gene-gene
6134;foxo1_mut;569.4439300969395;7.748876627198786e-64;herc2_mut;1.959394312263631e-61;gene-gene
6136;foxo1_mut;569.4114232261745;7.852159831598922e-64;akap9_mut;1.959394312263631e-61;gene-gene
6617;ccnd3_mut;421.6987264624166;3.71255061463293e-63;afdn_mut;8.944686601531132e-61;gene-gene
5696;ctnna1_mut;517.3855492689217;8.259877197729453e-63;lama2_mut;1.9237253993511895e-60;gene-gene
6337;nt5e_mut;379.3085302870307;5.280940731989127e-61;brca2_mut;1.1902558998196138e-58;gene-gene
6765;nr3c1_mut;421.7017614844112;9.834278938090078e-61;thsd7a_mut;2.1472533418886056e-58;gene-gene
3652;flt3_mut;397.94192632827077;1.6720682634003114e-60;pik3r1_mut;3.54022453223575e-58;gene-gene
3654;flt3_mut;397.9287602727102;5.22468706838997e-59;apc_mut;1.0736731925541388e-56;gene-gene
3762;taf4b_mut;525.8469717405458;5.9090245679011365e-58;tg_mut;1.1515984782007433e-55;gene-gene
5755;ctnna1_mut;344.642484716106;5.933525864495028e-58;map3k10_mut;1.1515984782007433e-55;gene-gene
5691;ctnna1_mut;517.4266798802992;3.435547098134323e-57;birc6_mut;6.4876128580174356e-55;gene-gene
5678;ctnna1_mut;690.3233935286299;4.117949640150685e-57;map3k1_mut;7.571608983087589e-55;gene-gene
6180;foxo1_mut;379.33667537375635;7.420909644496433e-57;asxl1_mut;1.3294845047717072e-54;gene-gene
6173;foxo1_mut;379.3508388054509;2.1328289610374965e-55;alk_mut;3.651933268392924e-53;gene-gene
6178;foxo1_mut;379.34021052368746;2.142969285875338e-55;apc_mut;3.651933268392924e-53;gene-gene
6046;magea8_mut;344.65451187374856;3.6671611664311236e-55;l1cam_mut;6.10058454044149e-53;gene-gene
6319;nt5e_mut;379.3686290846032;6.34023401113655e-55;afdn_mut;1.030214303158397e-52;gene-gene
6603;ccnd3_mut;421.7538629709779;1.585095883827013e-54;runx1_mut;2.5170602137043953e-52;gene-gene
5248;clrn2_mut;474.09640966154655;6.959505487312668e-54;arid1a_mut;1.0805792186634136e-51;gene-gene
6419;braf_mut;759.8938640607564;1.3689778845528007e-53;ahnak2_mut;2.0793583650805256e-51;gene-gene
6160;foxo1_mut;379.3972940937434;3.5820466079426544e-52;lamb3_mut;5.325055244616026e-50;gene-gene
5411;prr16_mut;401.2337984228734;9.976445521304344e-51;runx1_mut;1.4521963511948635e-48;gene-gene
5735;ctnna1_mut;344.69488200052814;1.3491680751442715e-50;taf1_mut;1.9238035389863318e-48;gene-gene
4242;large1_mut;354.83501788213346;3.3379572512281923e-50;afdn_mut;4.664461462866276e-48;gene-gene
6883;tbl1xr1_mut;474.7627480399824;9.112677050208214e-50;birc6_mut;1.2484367558785255e-47;gene-gene
4946;nf2_mut;474.14019842796483;1.1661951466939555e-49;birc6_mut;1.5669625942212822e-47;gene-gene
5677;ctnna1_mut;519.2730531535794;7.267015193491696e-49;gata3_mut;9.580119840929525e-47;gene-gene
5726;ctnna1_mut;344.7193126628268;1.0047223885003254e-48;alk_mut;1.2999991348984766e-46;gene-gene
5683;ctnna1_mut;517.5426744998853;2.844337478318034e-48;kmt2d_mut;3.613342902001474e-46;gene-gene
5231;clrn2_mut;632.6060044266102;3.4818311938476484e-48;map3k1_mut;4.3442061698952714e-46;gene-gene
5093;ldlrap1_mut;474.1804742023375;2.408419439336295e-47;akap9_mut;2.9522151969548584e-45;gene-gene
6434;braf_mut;473.7087833106518;2.893164728966636e-47;akap9_mut;3.4852658553948076e-45;gene-gene
6591;ccnd3_mut;421.83544170414746;3.4931361652880204e-47;notch1_mut;4.1367020994690505e-45;gene-gene
3463;tumor_size;472.9545799635728;3.878530315371405e-47;akap9_mut;4.516548552250001e-45;clinic-gene
4742;cancer_type_detailed;252.19159564423092;4.775717234839357e-47;chek2_mut;5.2964978285432675e-45;clinic-gene
4596;oncotree_code;252.19159564423092;4.775717234839357e-47;chek2_mut;5.2964978285432675e-45;clinic-gene
4450;tumor_other_histologic_subtype;252.19159564423092;4.775717234839357e-47;chek2_mut;5.2964978285432675e-45;clinic-gene
6023;magea8_mut;344.7315872597337;6.21850736808516e-47;rb1_mut;6.684417073970926e-45;gene-gene
5725;ctnna1_mut;344.7315872597337;6.21850736808516e-47;rb1_mut;6.684417073970926e-45;gene-gene
4218;large1_mut;413.41540131671115;1.0553410681214625e-45;ncor2_mut;1.117222430752221e-43;gene-gene
5713;ctnna1_mut;344.77279087500574;1.2065595766801771e-45;lamb3_mut;1.2582435466066266e-43;gene-gene
5681;ctnna1_mut;517.6593753642685;5.043857120231288e-45;cdh1_mut;5.182563191037648e-43;gene-gene
3805;taf4b_mut;315.0941191791781;1.991923668070168e-44;asxl1_mut;2.0170392273632267e-42;gene-gene
6620;ccnd3_mut;315.4034479091422;3.819627404080785e-43;alk_mut;3.8125338103303494e-41;gene-gene
6445;braf_mut;379.4811081733639;3.079810998057431e-42;col12a1_mut;3.0307942878066575e-40;gene-gene
3647;flt3_mut;298.4468295286473;3.7256191281454907e-42;erbb3_mut;3.61540289560452e-40;gene-gene
3342;ptpn22_mut;329.85993422512206;1.2282973317568767e-41;shank2_mut;1.1756319804089449e-39;gene-gene
4980;nf2_mut;315.8776177749411;1.625541307729832e-41;rb1_mut;1.5348185293389642e-39;gene-gene
6124;foxo1_mut;474.0630647747587;1.656711080113754e-41;gata3_mut;1.5433920422339732e-39;gene-gene
6683;ccnd3_mut;210.69637851773984;3.5482783395309436e-41;prkg1_mut;3.2620816787240404e-39;gene-gene
5123;ldlrap1_mut;315.9008818543702;1.0896840797711092e-40;usp9x_mut;9.887821643325636e-39;gene-gene
5271;clrn2_mut;315.90088185437014;7.077264892805068e-40;ptprd_mut;6.339596128978079e-38;gene-gene
6144;foxo1_mut;379.5294240985614;8.039901380466824e-40;notch1_mut;7.084260586497693e-38;gene-gene
6146;foxo1_mut;379.5070384365881;8.111361770714404e-40;ncor2_mut;7.084260586497693e-38;gene-gene
6006;magea8_mut;344.82282865329034;9.897972805423302e-40;myh9_mut;8.537918023641063e-38;gene-gene
6957;tbl1xr1_mut;237.19651769751704;1.1980708137409821e-39;dcaf4l2_mut;1.0208439970253955e-37;gene-gene
5265;clrn2_mut;315.9289652821408;1.7557317863732246e-39;ros1_mut;1.4779877098059903e-37;gene-gene
5020;nf2_mut;235.92213369180098;2.1652217390876646e-39;dcaf4l2_mut;1.8010005108339897e-37;gene-gene
2567;nek1_mut;453.42930702537365;4.497776730573766e-39;dnah5_mut;3.6971724725316354e-37;gene-gene
2481;npnt_mut;252.67142713136153;5.1763858872769e-39;pbrm1_mut;4.205512580744617e-37;gene-gene
4837;ppp2r2a_mut;291.4356758643907;1.2251737757690352e-38;apc_mut;9.8394128405727e-37;gene-gene
6441;braf_mut;379.5294240985614;1.7038361680797156e-38;lama2_mut;1.3528071939060196e-36;gene-gene
3602;flt3_mut;498.3925584666057;1.8874849039493016e-38;ahnak_mut;1.4817816880779517e-36;gene-gene
6828;nr3c1_mut;210.7077614210461;1.9969517510982016e-38;chek2_mut;1.5503002094359038e-36;gene-gene
5701;ctnna1_mut;344.8607890566353;2.6992439862035516e-38;col22a1_mut;2.0724854650114524e-36;gene-gene
3603;flt3_mut;498.38591818844156;3.4411579213645417e-38;dnah11_mut;2.613409825714571e-36;gene-gene
3066;stk11_mut;269.7005484664433;5.027532855653792e-38;foxo3_mut;3.777136780908929e-36;gene-gene
4219;large1_mut;355.02124225566985;5.63412260634218e-38;col12a1_mut;4.187831345799236e-36;gene-gene
6123;foxo1_mut;568.2842074948337;3.047261688081497e-37;syne1_mut;2.2411807804868862e-35;gene-gene
6139;foxo1_mut;379.55572911478146;3.2538459533578775e-37;utrn_mut;2.36818975792828e-35;gene-gene
4077;prkacg_mut;333.98418867199626;9.580052538148817e-37;stab2_mut;6.900600730313998e-35;gene-gene
6385;nt5e_mut;189.53392092234049;1.0206360206722968e-36;prkg1_mut;7.27671824126259e-35;gene-gene
2565;nek1_mut;453.49166096727356;1.364767571497548e-36;ush2a_mut;9.631950527326635e-35;gene-gene
5706;ctnna1_mut;344.84387161940424;1.4648200635958577e-36;ncor1_mut;1.0234697784344258e-34;gene-gene
4825;ppp2r2a_mut;291.49268690404585;3.3347746368650955e-36;usp9x_mut;2.3069376621560813e-34;gene-gene
6234;foxo1_mut;189.54256480971685;5.131491266882539e-36;cdkn2a_mut;3.5150715178145397e-34;gene-gene
6949;tbl1xr1_mut;237.2064634699812;5.5714635502757815e-36;erbb4_mut;3.77939959473562e-34;gene-gene
3412;ptpn22_mut;188.67602733503588;7.789678253402933e-36;cdkn2a_mut;5.233315572742913e-34;gene-gene
6717;nr3c1_mut;633.4417933339628;9.009601848510998e-36;ahnak2_mut;5.9952464871948894e-34;gene-gene
4824;ppp2r2a_mut;291.492686904046;1.9999792958926418e-35;ptprd_mut;1.3182882396605554e-33;gene-gene
5299;clrn2_mut;235.95839094705482;2.984568203444412e-35;ncoa3_mut;1.948895143688421e-33;gene-gene
6140;foxo1_mut;379.5519587499655;4.674674024497602e-35;tbx3_mut;3.0242543897374765e-33;gene-gene
5263;clrn2_mut;315.96669537754804;5.304921942771935e-35;nf1_mut;3.4005036343254595e-33;gene-gene
6230;foxo1_mut;187.82707872417853;5.536850261012549e-35;gpr32_mut;3.516906615790426e-33;gene-gene
2220;er_status_measured_by_ihc;187.80024186169237;5.608475167354487e-35;acvrl1_mut;3.5303077472347565e-33;clinic-gene
2706;sik1_mut;552.0038854389356;6.059874840152967e-35;syne1_mut;3.780387991798998e-33;gene-gene
5224;clrn2_mut;486.6945637927149;6.31211872457244e-35;pik3ca_mut;3.9029003122643926e-33;gene-gene
6871;tbl1xr1_mut;474.95393811533063;6.392671242618619e-35;ahnak_mut;3.918034558962832e-33;gene-gene
4076;prkacg_mut;333.9908135706823;1.0621834848026457e-34;ncor1_mut;6.453457398535727e-33;gene-gene
3304;ptpn22_mut;473.36818825194626;1.1009106940581557e-34;ahnak_mut;6.631088809814081e-33;gene-gene
4963;nf2_mut;315.9809290714782;1.1811920244009884e-34;myh9_mut;7.053836473922825e-33;gene-gene
4121;prkacg_mut;222.41871722468738;1.4255386351970518e-34;jak1_mut;8.440880037391356e-33;gene-gene
3780;taf4b_mut;315.29827326167657;1.5531012612811947e-34;myh9_mut;9.118923119808158e-33;gene-gene
6284;nt5e_mut;379.61662916193166;1.798040672327274e-34;pde4dip_mut;1.0469091814625553e-32;gene-gene
4402;tumor_other_histologic_subtype;252.35083043157474;2.6943816095465713e-34;ctnna3_mut;1.5305401874716987e-32;clinic-gene
4548;oncotree_code;252.35083043157474;2.6943816095465713e-34;ctnna3_mut;1.5305401874716987e-32;clinic-gene
4694;cancer_type_detailed;252.35083043157474;2.6943816095465713e-34;ctnna3_mut;1.5305401874716987e-32;clinic-gene
6580;ccnd3_mut;421.9556619700041;3.9218288313064556e-34;dnah5_mut;2.1921454435471193e-32;gene-gene
6729;nr3c1_mut;421.95566197000414;3.921828831306568e-34;dnah5_mut;2.1921454435471193e-32;gene-gene
6299;nt5e_mut;189.84307717574725;4.045580349283943e-34;akt1_mut;2.2433706270195958e-32;gene-gene
5399;prr16_mut;344.9248957632241;5.892220001335729e-34;notch1_mut;3.2416489093962785e-32;gene-gene
5486;prr16_mut;172.23452965440416;8.4827984561694e-34;kras_mut;4.630415063535593e-32;gene-gene
6565;ccnd3_mut;478.0914223353121;1.1586973199129793e-33;pik3ca_mut;6.2758280420403e-32;gene-gene
4264;large1_mut;236.45306144633977;1.7404192529050248e-33;lifr_mut;9.354084092344161e-32;gene-gene
6226;foxo1_mut;189.55556494192186;1.8917730698425063e-33;prkcz_mut;9.958548701009194e-32;gene-gene
6228;foxo1_mut;189.55122698136057;1.895644736273369e-33;prkce_mut;9.958548701009194e-32;gene-gene
6526;braf_mut;189.55122698136054;1.8956447362733974e-33;prkce_mut;9.958548701009194e-32;gene-gene
6462;braf_mut;283.68746464628555;2.8736268531768767e-33;shank2_mut;1.4983605091900626e-31;gene-gene
3315;ptpn22_mut;378.3898791350865;4.126184703892687e-33;tg_mut;2.135529816748015e-31;gene-gene
5790;ctnna1_mut;172.21511672321117;4.427431123909699e-33;frmd3_mut;2.26124609295067e-31;gene-gene
6576;ccnd3_mut;422.0159814297229;4.433815868530725e-33;dnah2_mut;2.26124609295067e-31;gene-gene
6523;braf_mut;189.5555649419218;7.404883801733884e-33;clk3_mut;3.722152742641396e-31;gene-gene
6225;foxo1_mut;189.55556494192177;7.404883801733993e-33;clk3_mut;3.722152742641396e-31;gene-gene
5396;prr16_mut;344.93352373834426;1.0297745731982398e-32;col6a3_mut;5.139310673525786e-31;gene-gene
1434;myo3a_mut;227.48371628006538;1.1176254577940679e-32;aff2_mut;5.538190832345498e-31;gene-gene
6420;braf_mut;569.7791242435928;1.2318150339537098e-32;kmt2c_mut;6.061050452277867e-31;gene-gene
4123;prkacg_mut;222.41871722468738;1.2510095426046728e-32;arid5b_mut;6.112450121803391e-31;gene-gene
1808;sbno1_mut;469.50398826632374;2.0635359544387663e-32;pik3ca_mut;1.001244841226643e-30;gene-gene
5821;agtr2_mut;746.8511182510381;3.15714202625379e-32;tp53_mut;1.5213069887886365e-30;gene-gene
3972;hdac9_mut;209.9751085505664;3.946117497147651e-32;jak1_mut;1.8884604762034684e-30;gene-gene
2164;er_status_measured_by_ihc;250.89869021053656;5.996701799839798e-32;asxl2_mut;2.8502690799646715e-30;clinic-gene
3189;sik2_mut;269.8987759543024;6.424507492968394e-32;lamb3_mut;3.032975260362849e-30;gene-gene
6432;braf_mut;379.6552489131157;6.637686324994561e-32;herc2_mut;3.1125848558883888e-30;gene-gene
5823;agtr2_mut;603.6297409918334;7.536112226979611e-32;ahnak2_mut;3.510321075327103e-30;gene-gene
6799;nr3c1_mut;210.76522173475237;8.502949902790572e-32;smarcc2_mut;3.928879755708727e-30;gene-gene
6653;ccnd3_mut;210.75365631841913;8.547155043190589e-32;zfp36l1_mut;3.928879755708727e-30;gene-gene
4091;prkacg_mut;258.5009125819499;9.208072065696014e-32;setd1a_mut;4.2050195766678464e-30;gene-gene
6215;foxo1_mut;189.5860596758301;9.996454066607212e-32;gps2_mut;4.535404192427571e-30;gene-gene
6223;foxo1_mut;189.56860641000023;1.0077646850205163e-31;rpgr_mut;4.5427431317666756e-30;gene-gene
3905;hdac9_mut;420.83603044282694;1.2998789447387328e-31;ush2a_mut;5.821957812108671e-30;gene-gene
5394;prr16_mut;344.95517746613643;1.630593261272013e-31;utrn_mut;7.256659309877422e-30;gene-gene
3155;sik2_mut;450.7367937950343;2.346600519964007e-31;ahnak_mut;1.0377023944929442e-29;gene-gene
4257;large1_mut;236.4799960055559;2.521485041846869e-31;brca1_mut;1.1080261627285581e-29;gene-gene
6793;nr3c1_mut;210.76908509344221;2.5551421737275694e-31;chd1_mut;1.115798647989658e-29;gene-gene
2856;type_of_breast_surgery;516.22439614547;2.6635500372406964e-31;map3k1_mut;1.1559145410062575e-29;clinic-gene
2767;sik1_mut;235.72046247520004;3.4919312835629105e-31;ctnna3_mut;1.5060570295218552e-29;gene-gene
6220;foxo1_mut;189.57732378388818;3.529129245534182e-31;ttyh1_mut;1.5127623336532104e-29;gene-gene
2455;npnt_mut;252.8887395786596;3.9402882849558053e-31;afdn_mut;1.6787069662796472e-29;gene-gene
3684;flt3_mut;198.80140378189859;6.234693512345833e-31;casp8_mut;2.6401093073188084e-29;gene-gene
6651;ccnd3_mut;210.7613624903955;7.559051485429181e-31;erbb4_mut;3.181632092089981e-29;gene-gene
4532;oncotree_code;252.4447315092629;1.1479714805579927e-30;setd1a_mut;4.746080908082068e-29;clinic-gene
4678;cancer_type_detailed;252.4447315092629;1.1479714805579927e-30;setd1a_mut;4.746080908082068e-29;clinic-gene
4386;tumor_other_histologic_subtype;252.4447315092629;1.1479714805579927e-30;setd1a_mut;4.746080908082068e-29;clinic-gene
6916;tbl1xr1_mut;237.28718838046603;1.1871414736705486e-30;erbb3_mut;4.879151456785954e-29;gene-gene
6222;foxo1_mut;189.5729627858694;1.2051727500475989e-30;map3k13_mut;4.924293569931329e-29;gene-gene
5405;prr16_mut;172.5671222827947;1.4242611430906733e-30;akt1_mut;5.785646864403799e-29;gene-gene
6466;braf_mut;251.77225222018183;1.5180442959743384e-30;setd1a_mut;6.130968494781909e-29;gene-gene
5636;dtwd2_mut;172.23452965440416;1.665989744786378e-30;chek2_mut;6.689810544150818e-29;gene-gene
6512;braf_mut;189.5860596758301;3.96473360829644e-30;cdkn1b_mut;1.582948212638127e-28;gene-gene
5342;clrn2_mut;157.7923789654538;4.628635414089679e-30;prkg1_mut;1.837515661263897e-28;gene-gene
5779;ctnna1_mut;172.24426693417715;6.4542682529573e-30;prkcz_mut;2.539269444764116e-28;gene-gene
5483;prr16_mut;172.23939571965298;6.469013327150602e-30;prkce_mut;2.539269444764116e-28;gene-gene
2819;sik1_mut;156.90693014465091;7.087423374742037e-30;prkg1_mut;2.7664707887889728e-28;gene-gene
6925;tbl1xr1_mut;237.26004885631806;7.572357742406615e-30;asxl1_mut;2.939336863677501e-28;gene-gene
4253;large1_mut;236.50704622578857;1.039372363182019e-29;fancd2_mut;4.012207017432468e-28;gene-gene
5395;prr16_mut;344.9508371127121;1.682187649985687e-29;tbx3_mut;6.457936873873623e-28;gene-gene
3679;flt3_mut;198.83454539923582;1.757440498244702e-29;smarcc2_mut;6.709965443298214e-28;gene-gene
4813;ppp2r2a_mut;291.60343040227013;1.7986541942402098e-29;stab2_mut;6.82999829084584e-28;gene-gene
3625;flt3_mut;298.6689222354604;2.1932263920269411e-29;pten_mut;8.283282595184994e-28;gene-gene
5778;ctnna1_mut;172.24426693417715;2.4096604489178538e-29;clk3_mut;9.051772879886584e-28;gene-gene
2204;er_status_measured_by_ihc;187.9188683221285;2.7154253107217296e-29;brip1_mut;1.01458163882421e-27;clinic-gene
5103;ldlrap1_mut;316.0673193592662;3.3940499490566374e-29;ncor2_mut;1.2613950528754641e-27;gene-gene
6505;braf_mut;189.5991983643757;3.978225135017472e-29;smad4_mut;1.465832027356546e-27;gene-gene
6358;nt5e_mut;189.59481414489466;3.9860896693537103e-29;prkcq_mut;1.465832027356546e-27;gene-gene
3504;tumor_size;235.27112012599525;4.285360563738877e-29;asxl2_mut;1.567634254389714e-27;clinic-gene
2405;npnt_mut;655.4389638889693;4.4205193048687e-29;muc16_mut;1.6086546032873752e-27;gene-gene
4849;ppp2r2a_mut;217.6553227840378;4.5395659419678544e-29;arid2_mut;1.6434169552605906e-27;gene-gene
6641;ccnd3_mut;210.7806999214094;4.672473441597508e-29;bap1_mut;1.6828129864145253e-27;gene-gene
3678;flt3_mut;198.8345453992358;5.140110365119488e-29;map3k10_mut;1.8417410831328135e-27;gene-gene
3389;ptpn22_mut;188.78108066924696;5.750485132054137e-29;palld_mut;2.0499305927378703e-27;gene-gene
5986;magea8_mut;345.0252841377969;5.870086046258998e-29;pde4dip_mut;2.0819437160005896e-27;gene-gene
3014;stk11_mut;360.39536934704233;6.528353068980325e-29;herc2_mut;2.303717317826542e-27;gene-gene
3024;stk11_mut;314.2843184600198;6.613542479910351e-29;notch1_mut;2.3220513219665137e-27;gene-gene
3002;stk11_mut;541.1845157269106;7.337178169569864e-29;kmt2c_mut;2.563243193539232e-27;gene-gene
5474;prr16_mut;172.2687005327587;8.560187309602386e-29;fbxw7_mut;2.9608925114946908e-27;gene-gene
6070;magea8_mut;172.26870053275866;8.560187309602512e-29;fbxw7_mut;2.9608925114946908e-27;gene-gene
4245;large1_mut;236.54102278739666;1.4684127642204605e-28;alk_mut;5.0540886618760385e-27;gene-gene
4250;large1_mut;236.52061494184827;1.480877640493244e-28;apc_mut;5.072005918689361e-27;gene-gene
3623;flt3_mut;298.6923008575751;1.841605333132195e-28;col12a1_mut;6.276729981753485e-27;gene-gene
6920;tbl1xr1_mut;237.2735894046955;2.5741352259816445e-28;ubr5_mut;8.730816904822209e-27;gene-gene
5478;prr16_mut;172.25891155526656;2.9814331936731212e-28;rpgr_mut;1.0063417258064782e-26;gene-gene
6784;nr3c1_mut;210.79235201620426;3.302125405956184e-28;brca2_mut;1.1092283755488394e-26;gene-gene
5333;clrn2_mut;157.81935113407982;3.744125330988321e-28;lipi_mut;1.251684386967244e-26;gene-gene
3766;taf4b_mut;315.4868790178723;6.198655448687634e-28;col6a3_mut;2.0623812199990712e-26;gene-gene
6133;foxo1_mut;379.67081886246456;9.949905652875318e-28;dnah5_mut;3.294786293679614e-26;gene-gene
6206;foxo1_mut;189.59919836437572;1.0609022492194697e-27;zfp36l1_mut;3.4800582231438665e-26;gene-gene
6504;braf_mut;189.5991983643757;1.0609022492194697e-27;zfp36l1_mut;3.4800582231438665e-26;gene-gene
5672;ctnna1_mut;707.766754208883;1.0915187538324163e-27;tp53_mut;3.5637577257135945e-26;gene-gene
3964;hdac9_mut;210.02186445579875;1.1935469243340485e-27;arid2_mut;3.8787499350334864e-26;gene-gene
1826;sbno1_mut;351.72129912616754;1.3866708335270566e-27;akap9_mut;4.4854949601173814e-26;gene-gene
5040;nf2_mut;157.8085451595457;1.4678299606309735e-27;chek2_mut;4.7261419054970565e-26;gene-gene
1587;ptprm_mut;202.68007641877796;1.559189088824446e-27;l1cam_mut;4.997272552117617e-26;gene-gene
3443;tumor_size;130.4622976190476;3.1012323954805072e-27;tumor_stage;9.894205820649454e-26;clinic-clinic
6073;magea8_mut;172.26380344884365;3.243130072205024e-27;map3k13_mut;1.0299886279316593e-25;gene-gene
3238;sik2_mut;179.7161703778804;3.368930052946719e-27;prkcq_mut;1.0651001936623855e-25;gene-gene
5099;ldlrap1_mut;316.10138013183894;3.498291240121241e-27;arid1a_mut;1.1010162565192393e-25;gene-gene
4099;prkacg_mut;222.5426631580478;3.564799706910635e-27;pik3r1_mut;1.1169172893356326e-25;gene-gene
3379;ptpn22_mut;188.81639694729023;4.276944563893916e-27;egfr_mut;1.334063020889589e-25;gene-gene
944;myo1a_mut;278.99712456705186;4.729434364976008e-27;col22a1_mut;1.4686470181372163e-25;gene-gene
5332;clrn2_mut;157.81935113407982;5.4438561177358864e-27;prkcz_mut;1.6798273663480796e-25;gene-gene
5036;nf2_mut;157.81394528960107;5.457575671404237e-27;prkce_mut;1.6798273663480796e-25;gene-gene
3329;ptpn22_mut;283.6383987765495;6.714055346686224e-27;atr_mut;2.0575045924252915e-25;gene-gene
2809;sik1_mut;156.96121880745994;8.117031514355077e-27;prkcz_mut;2.4765807506899096e-25;gene-gene
5467;prr16_mut;172.28834093736012;1.0124907681427927e-26;dcaf4l2_mut;3.0492556021610744e-25;gene-gene
5765;ctnna1_mut;172.28834093736012;1.0124907681427927e-26;dcaf4l2_mut;3.0492556021610744e-25;gene-gene
6063;magea8_mut;172.28834093736012;1.0124907681427927e-26;dcaf4l2_mut;3.0492556021610744e-25;gene-gene
5771;ctnna1_mut;172.2687005327587;1.0215046751196727e-26;nrg3_mut;3.0631987832880484e-25;gene-gene
6609;ccnd3_mut;210.8869321832717;1.3249084603928205e-26;erbb2_mut;3.9560407746857416e-25;gene-gene
6780;nr3c1_mut;210.80794642388616;1.3696264316561644e-26;ctnna3_mut;4.072161650204945e-25;gene-gene
5538;dtwd2_mut;345.0697422678405;1.4139030035971257e-26;herc2_mut;4.185991646666575e-25;gene-gene
3032;stk11_mut;270.05739190946224;1.6882528203506705e-26;thada_mut;4.977140276704698e-25;gene-gene
5331;clrn2_mut;157.81935113407977;1.9466212394468953e-26;clk3_mut;5.7147237815191e-25;gene-gene
3620;flt3_mut;298.7945042498121;2.058632347098816e-26;notch1_mut;6.018269543589718e-25;gene-gene
6200;foxo1_mut;189.61678198237954;2.308412431019053e-26;arid5b_mut;6.720365689804218e-25;gene-gene
5620;dtwd2_mut;172.2785103046799;3.122707096429521e-26;men1_mut;9.035711087999866e-25;gene-gene
5919;agtr2_mut;172.27360281527663;3.129586493911503e-26;brip1_mut;9.035711087999866e-25;gene-gene
3378;ptpn22_mut;188.8252495484362;3.2565130274136e-26;arid5b_mut;9.363480050427499e-25;gene-gene
1380;myo3a_mut;333.7362907044729;3.7941042118445363e-26;tg_mut;1.0864510708261383e-24;gene-gene
1856;sbno1_mut;235.16753060753064;3.824325167237396e-26;usp9x_mut;1.0906350997341912e-24;gene-gene
4557;oncotree_code;188.33688761689314;4.026317672641361e-26;ncoa3_mut;1.1343500636590803e-24;clinic-gene
4411;tumor_other_histologic_subtype;188.33688761689314;4.026317672641361e-26;ncoa3_mut;1.1343500636590803e-24;clinic-gene
4703;cancer_type_detailed;188.33688761689314;4.026317672641361e-26;ncoa3_mut;1.1343500636590803e-24;clinic-gene
2584;nek1_mut;150.69453406316413;4.098721694083795e-26;akt1_mut;1.1501111837977298e-24;gene-gene
2518;npnt_mut;144.72034115158527;4.5341944597699355e-26;acvrl1_mut;1.2672166676165016e-24;gene-gene
4096;prkacg_mut;222.5500247287115;4.6532744957751316e-26;alk_mut;1.295315892509197e-24;gene-gene
1681;gldc_mut;322.7067064671655;4.9238871013039624e-26;tbx3_mut;1.3652063165401103e-24;gene-gene
3664;flt3_mut;198.89288439328365;5.35078772387571e-26;brca2_mut;1.4777056848505764e-24;gene-gene
5698;ctnna1_mut;264.935107776371;5.85117165528028e-26;cbfb_mut;1.6095329273796582e-24;gene-gene
6460;braf_mut;207.12894553250783;6.411342451063567e-26;erbb2_mut;1.7567078315914174e-24;gene-gene
5418;prr16_mut;175.50795045118835;6.511545658053449e-26;sf3b1_mut;1.7771941215945097e-24;gene-gene
3067;stk11_mut;179.8386176629014;7.864872248518532e-26;usp28_mut;2.138204762661439e-24;gene-gene
6910;tbl1xr1_mut;237.3008461626184;7.945994558880696e-26;ptprd_mut;2.1518862008875747e-24;gene-gene
2290;fam20c_mut;269.3763984886938;9.027288232508586e-26;stab2_mut;2.4352765590941113e-24;gene-gene
5466;prr16_mut;172.28834093736015;9.298997671271086e-26;palld_mut;2.479851020197369e-24;gene-gene
5913;agtr2_mut;172.28834093736015;9.298997671271086e-26;palld_mut;2.479851020197369e-24;gene-gene
5613;dtwd2_mut;172.28834093736015;9.298997671271086e-26;prkcq_mut;2.479851020197369e-24;gene-gene
3613;flt3_mut;330.93376821868856;1.0099073884365737e-25;tg_mut;2.6829744954396732e-24;gene-gene
4239;large1_mut;236.59576729271643;1.0517698619919761e-25;setd2_mut;2.780658264801418e-24;gene-gene
4093;prkacg_mut;222.58695176558106;1.05463638209872e-25;afdn_mut;2.780658264801418e-24;gene-gene
6191;foxo1_mut;189.63886723214375;1.625292593797289e-25;aff2_mut;4.269142613857766e-24;gene-gene
6904;tbl1xr1_mut;237.3214439349425;1.717424731290305e-25;ros1_mut;4.494249661994517e-24;gene-gene
3345;ptpn22_mut;235.34388339932295;1.7294290081234407e-25;setd2_mut;4.5087762984173436e-24;gene-gene
6629;ccnd3_mut;210.81576872602275;1.9275631004861582e-25;taf1_mut;5.006648097805497e-24;gene-gene
5321;clrn2_mut;157.85735281403993;2.1861865550296957e-25;gps2_mut;5.6573649851824014e-24;gene-gene
3082;stk11_mut;179.75366581305428;2.2718694899450396e-25;map3k10_mut;5.857399308577857e-24;gene-gene
4803;ppp2r2a_mut;291.71129082066204;2.7458882623412447e-25;notch1_mut;7.053500473889072e-24;gene-gene
4805;ppp2r2a_mut;291.67868310078785;2.778686088936637e-25;ncor2_mut;7.111604286959811e-24;gene-gene
1426;myo3a_mut;207.7849906228909;2.843386122010014e-25;kdm6a_mut;7.250634611125536e-24;gene-gene
2908;type_of_breast_surgery;213.6384464208904;3.3206933441137556e-25;asxl2_mut;8.436976143753748e-24;clinic-gene
1193;mutation_count;120.70547124180541;3.77549486625852e-25;cohort;9.557747329908798e-24;clinic-clinic
3013;stk11_mut;360.4290449537205;6.443845790643475e-25;dnah5_mut;1.625384496000937e-23;gene-gene
4041;prkacg_mut;415.9069256365042;7.0637580974148e-25;pik3ca_mut;1.7753409290157268e-23;gene-gene
5751;ctnna1_mut;172.31300922272374;7.644921082301987e-25;jak1_mut;1.9145184086754118e-23;gene-gene
2573;nek1_mut;302.247070802414;9.587882670163668e-25;utrn_mut;2.3925191505869125e-23;gene-gene
6773;nr3c1_mut;210.83539811788236;1.0454655009851074e-24;asxl2_mut;2.5995257848337886e-23;gene-gene
6192;foxo1_mut;189.63886723214378;1.0758416446222548e-24;lifr_mut;2.665569351409821e-23;gene-gene
2040;kdm3a_mut;176.11928472876795;1.108776973020084e-24;egfr_mut;2.7374645620110693e-23;gene-gene
4339;tumor_other_histologic_subtype;545.7985653884766;1.2854507047006089e-24;ahnak2_mut;3.140365060749355e-23;clinic-gene
4631;cancer_type_detailed;545.7985653884766;1.2854507047006089e-24;ahnak2_mut;3.140365060749355e-23;clinic-gene
4485;oncotree_code;545.7985653884766;1.2854507047006089e-24;ahnak2_mut;3.140365060749355e-23;clinic-gene
1980;kdm3a_mut;294.45293942360905;1.2952228816239913e-24;col6a3_mut;3.153213335856037e-23;gene-gene
4885;ppp2r2a_mut;145.61473104720065;1.572206581164402e-24;prkcz_mut;3.8142386745123874e-23;gene-gene
4789;ppp2r2a_mut;363.94154948993656;1.7244205530005213e-24;kmt2d_mut;4.1690402781365545e-23;gene-gene
3660;flt3_mut;198.92641747912904;1.9643497186165663e-24;ctnna3_mut;4.732728097922051e-23;gene-gene
2415;npnt_mut;363.424264766118;2.043493377837122e-24;kmt2d_mut;4.9064908010130484e-23;gene-gene
6156;foxo1_mut;251.8299569461188;2.0875506815844592e-24;runx1_mut;4.989993733335673e-23;gene-gene
5740;ctnna1_mut;172.352753158286;2.092554979057324e-24;usp28_mut;4.989993733335673e-23;gene-gene
5458;prr16_mut;172.30806505173078;2.133820885507297e-24;smarcc2_mut;5.069509113870045e-23;gene-gene
5969;magea8_mut;412.3437584055404;2.1461581084539996e-24;pik3ca_mut;5.069509113870045e-23;gene-gene
5759;ctnna1_mut;172.29326409729015;2.1476666633827586e-24;zfp36l1_mut;5.069509113870045e-23;gene-gene
6621;ccnd3_mut;210.8393366740101;2.3951668125528738e-24;adgra2_mut;5.615782053458862e-23;gene-gene
6770;nr3c1_mut;210.83933667401004;2.3951668125529424e-24;adgra2_mut;5.615782053458862e-23;gene-gene
1077;fanca_mut;367.4307931354339;2.6770843337794815e-24;ryr2_mut;6.2557820201061e-23;gene-gene
6188;foxo1_mut;189.6432984544494;2.6939434303770817e-24;brca2_mut;6.274194249348223e-23;gene-gene
6426;braf_mut;379.83047377033586;3.029943621445928e-24;cdh1_mut;7.033294379748404e-23;gene-gene
2841;type_of_breast_surgery;630.5132295089695;3.328546168999255e-24;nottingham_prognostic_index;7.700845060529071e-23;clinic-clinic
4205;large1_mut;355.33533400925893;3.477639206007195e-24;dnah5_mut;8.019229416624512e-23;gene-gene
3366;ptpn22_mut;188.87856398378693;3.719179839467978e-24;brca2_mut;8.547996558671962e-23;gene-gene
3228;sik2_mut;179.76306465547992;4.318214283348284e-24;setdb1_mut;9.859922613645248e-23;gene-gene
3079;stk11_mut;179.76306465547992;4.318214283348284e-24;setdb1_mut;9.859922613645248e-23;gene-gene
4128;prkacg_mut;165.8925727217372;4.571876932848436e-24;agmo_mut;1.0405115351730301e-22;gene-gene
3744;taf4b_mut;675.0552744263256;4.645961264633768e-24;tp53_mut;1.0539393297401344e-22;gene-gene
1754;gldc_mut;160.75419009978228;5.369437599639401e-24;bcas3_mut;1.2141184630640936e-22;gene-gene
6774;nr3c1_mut;210.82753370381974;5.455683785968987e-24;apc_mut;1.2296407294375907e-22;gene-gene
5456;prr16_mut;172.3080650517308;5.815382870114514e-24;egfr_mut;1.298149524392674e-22;gene-gene
6053;magea8_mut;172.30806505173078;5.8153828701145984e-24;map3k10_mut;1.298149524392674e-22;gene-gene
5903;agtr2_mut;172.30806505173078;5.8153828701145984e-24;egfr_mut;1.298149524392674e-22;gene-gene
5324;clrn2_mut;157.8464663911336;6.644639651105696e-24;nrg3_mut;1.4704883975648897e-22;gene-gene
6339;nt5e_mut;189.64329845444936;6.650555798347004e-24;arid2_mut;1.4704883975648897e-22;gene-gene
6190;foxo1_mut;189.64329845444936;6.650555798347004e-24;arid2_mut;1.4704883975648897e-22;gene-gene
2097;er_status_measured_by_ihc;627.6786146653542;6.905984956330162e-24;nottingham_prognostic_index;1.5221487977879763e-22;clinic-clinic
1890;sbno1_mut;176.1337383594846;7.863705678739822e-24;arid5b_mut;1.7277896722438723e-22;gene-gene
2721;sik1_mut;314.9625104093899;7.928164805816326e-24;birc6_mut;1.7364917711046606e-22;gene-gene
2417;npnt_mut;363.3718024895871;1.0010562839804049e-23;ryr2_mut;2.1857438300534655e-22;gene-gene
4084;prkacg_mut;222.6464513293783;1.208981526704654e-23;arid1b_mut;2.631512126817887e-22;gene-gene
1688;gldc_mut;268.8129848666115;1.2536446683326003e-23;col12a1_mut;2.700347472843754e-22;gene-gene
4662;cancer_type_detailed;252.59818036396774;1.2560654482241591e-23;thada_mut;2.700347472843754e-22;clinic-gene
4370;tumor_other_histologic_subtype;252.59818036396774;1.2560654482241591e-23;thada_mut;2.700347472843754e-22;clinic-gene
4516;oncotree_code;252.59818036396774;1.2560654482241591e-23;thada_mut;2.700347472843754e-22;clinic-gene
5451;prr16_mut;172.32291339449947;1.542377513814173e-23;pbrm1_mut;3.30570297209191e-22;gene-gene
5757;ctnna1_mut;172.30312614609568;1.5555959508279875e-23;erbb4_mut;3.3238375866774154e-22;gene-gene
5243;clrn2_mut;316.1901882276053;1.6407448105241718e-23;tg_mut;3.495086582662314e-22;gene-gene
5173;ldlrap1_mut;157.85735281403993;1.9447651231319897e-23;men1_mut;4.1301136520739244e-22;gene-gene
2038;kdm3a_mut;176.1337383594846;2.0404259583304283e-23;setdb1_mut;4.320138233592334e-22;gene-gene
2554;nek1_mut;606.1875833692516;2.3202973866287673e-23;muc16_mut;4.897860374735709e-22;gene-gene
2720;sik1_mut;315.0324497801022;2.4362363325766142e-23;tg_mut;5.12710339027494e-22;gene-gene
1975;kdm3a_mut;323.18987679298255;2.5508099187802748e-23;akap9_mut;5.352104775530865e-22;gene-gene
4202;large1_mut;355.3872410546139;2.810870432940208e-23;kmt2d_mut;5.880105303878213e-22;gene-gene
3166;sik2_mut;314.43978041300636;2.981899662921919e-23;tg_mut;6.219263565622522e-22;gene-gene
1844;sbno1_mut;253.81454222022836;3.093506153189384e-23;stab2_mut;6.43283556319471e-22;gene-gene
3793;taf4b_mut;210.1719245571945;3.5154818169336485e-23;setd1a_mut;7.288626544485282e-22;gene-gene
6484;braf_mut;189.65217513210882;3.855677459242208e-23;foxo3_mut;7.970301304060742e-22;gene-gene
5895;agtr2_mut;172.32787341218526;4.0273061085458196e-23;ncoa3_mut;8.3005273688524015e-22;gene-gene
5673;ctnna1_mut;603.6806453719677;4.42712801429063e-23;muc16_mut;9.097748069367244e-22;gene-gene
3221;sik2_mut;179.81020957058666;6.840020194866638e-23;lifr_mut;1.4015020850889503e-21;gene-gene
1986;kdm3a_mut;263.9933950669406;7.258274285414513e-23;col12a1_mut;1.482852702695649e-21;gene-gene
6184;foxo1_mut;189.6610708380161;9.06337522456863e-23;ctnna3_mut;1.8462333146956566e-21;gene-gene
5702;ctnna1_mut;257.8081927584027;9.9695221414186e-23;pten_mut;2.0249142791305743e-21;gene-gene
5603;dtwd2_mut;172.31300922272374;1.0403602740640506e-22;setdb1_mut;2.1069557202566728e-21;gene-gene
3362;ptpn22_mut;188.91429741741254;1.232214699320239e-22;ctnna3_mut;2.4882902035117083e-21;gene-gene
3653;flt3_mut;198.98544761545438;1.283372225766046e-22;asxl2_mut;2.5841273030050036e-21;gene-gene
5234;clrn2_mut;367.96163146042295;1.3245433773367482e-22;cdh1_mut;2.6593633843252474e-21;gene-gene
3596;flt3_mut;598.9726065524374;1.4794880134028353e-22;muc16_mut;2.9619434812738138e-21;gene-gene
3068;stk11_mut;179.81966880702947;1.6649747984483938e-22;brca2_mut;3.323765404788265e-21;gene-gene
6568;ccnd3_mut;527.1616408860003;2.0895036584052014e-22;ahnak2_mut;4.159362410620269e-21;gene-gene
6040;magea8_mut;172.34278529423327;2.5888050520177115e-22;cacna2d3_mut;5.13863093705902e-21;gene-gene
2031;kdm3a_mut;176.20623826556482;3.1031990016661884e-22;lifr_mut;6.1422241996152005e-21;gene-gene
3759;taf4b_mut;315.71897241886643;3.1300392102445366e-22;herc2_mut;6.177848576830106e-21;gene-gene
3761;taf4b_mut;315.63569497547485;3.218232445445888e-22;akap9_mut;6.3340253792480055e-21;gene-gene
2717;sik1_mut;315.17398249313146;3.7540077309861154e-22;herc2_mut;7.367767420337075e-21;gene-gene
2651;nek1_mut;150.68313601330607;4.650633725937308e-22;brip1_mut;9.101954577905875e-21;gene-gene
6183;foxo1_mut;189.66998563342094;4.818453622642022e-22;kdm6a_mut;9.40406018474855e-21;gene-gene
6616;ccnd3_mut;210.8630573300838;5.743602524955368e-22;thsd7a_mut;1.1178426418346284e-20;gene-gene
6045;magea8_mut;172.32787341218526;6.449154258898653e-22;bap1_mut;1.2516733557479136e-20;gene-gene
2878;type_of_breast_surgery;257.76229959592837;6.905224344706644e-22;col12a1_mut;1.3364765234477928e-20;clinic-gene
5682;ctnna1_mut;345.169334562349;7.522730840077787e-22;dnah2_mut;1.4519701762326933e-20;gene-gene
5534;dtwd2_mut;345.1237573836624;7.6329347157698835e-22;kmt2d_mut;1.46918222752298e-20;gene-gene
3483;tumor_size;235.4667416419353;9.82708494286039e-22;runx1_mut;1.8863143542792732e-20;clinic-gene
6480;braf_mut;189.66998563342102;1.0905739578288213e-21;taf1_mut;2.0876274639315e-20;gene-gene
5160;ldlrap1_mut;157.89015128049462;1.1173159639261826e-21;smarcc2_mut;2.1329744917902287e-20;gene-gene
5163;ldlrap1_mut;157.873725878278;1.1252598104306554e-21;zfp36l1_mut;2.1422861840542207e-20;gene-gene
4229;large1_mut;236.69271814187073;1.2184571610182459e-21;nf1_mut;2.3134130934876313e-20;gene-gene
2075;kdm3a_mut;117.22880725255395;1.236974812227456e-21;prkg1_mut;2.3422067785997928e-20;gene-gene
1927;sbno1_mut;117.2136481661798;1.2459110630134237e-21;frmd3_mut;2.3527515127769707e-20;gene-gene
2641;nek1_mut;150.729240587456;1.276182018106061e-21;smad4_mut;2.403418803371172e-20;gene-gene
5831;agtr2_mut;343.4819661247533;1.2879434100787431e-21;dnah2_mut;2.4190485500591877e-20;gene-gene
5745;ctnna1_mut;172.33780935354628;1.5627963177510374e-21;lifr_mut;2.919587666344025e-20;gene-gene
5894;agtr2_mut;172.33780935354625;1.5627963177510596e-21;lifr_mut;2.919587666344025e-20;gene-gene
6126;foxo1_mut;379.84684578982365;1.7055368319301348e-21;ahnak_mut;3.16930474592975e-20;gene-gene
6275;nt5e_mut;379.84684578982353;1.7055368319301363e-21;ahnak_mut;3.16930474592975e-20;gene-gene
6890;tbl1xr1_mut;237.43360251860554;1.8003302052861908e-21;cbfb_mut;3.3365801443858393e-20;gene-gene
998;myo1a_mut;158.8705774034967;1.916444071779948e-21;map3k10_mut;3.5423795580757925e-20;gene-gene
2112;er_status_measured_by_ihc;440.8933912701858;1.9321515662080135e-21;map3k1_mut;3.561990235645222e-20;clinic-gene
1129;fanca_mut;181.94424624603923;2.1390330578644283e-21;ctnna3_mut;3.9330063092891474e-20;gene-gene
3215;sik2_mut;179.83861766290147;2.193917349592061e-21;foxo3_mut;4.02333347023615e-20;gene-gene
6325;nt5e_mut;189.69235654281536;2.414399886341989e-21;pik3r1_mut;4.4018165726275444e-20;gene-gene
6179;foxo1_mut;189.68339375396835;2.4230955351874776e-21;ctcf_mut;4.4018165726275444e-20;gene-gene
6329;nt5e_mut;189.67891957983662;2.427448029090727e-21;asxl1_mut;4.4018165726275444e-20;gene-gene
6479;braf_mut;189.67445020889767;2.431803631077907e-21;fancd2_mut;4.4018165726275444e-20;gene-gene
6181;foxo1_mut;189.6744502088975;2.4318036310780482e-21;fancd2_mut;4.4018165726275444e-20;gene-gene
6614;ccnd3_mut;210.87099840737835;2.493986547062018e-21;setd2_mut;4.5027090450445274e-20;gene-gene
6276;nt5e_mut;379.84274568315016;2.7155294030757898e-21;dnah11_mut;4.877481732465435e-20;gene-gene
6425;braf_mut;379.84274568315016;2.7155294030757898e-21;dnah11_mut;4.877481732465435e-20;gene-gene
5009;nf2_mut;157.89015128049456;2.9168747932983545e-21;egfr_mut;5.225693379686052e-20;gene-gene
3507;tumor_size;188.95018437814286;3.2511443554330562e-21;asxl1_mut;5.809653609056461e-20;clinic-gene
3508;tumor_size;188.9411981907136;3.2628730176823256e-21;fancd2_mut;5.815738207792451e-20;clinic-gene
6897;tbl1xr1_mut;237.3805389850786;3.5419095522232504e-21;thada_mut;6.297028509257977e-20;gene-gene
6039;magea8_mut;172.34278529423324;3.732514856947659e-21;brca2_mut;6.619056168906928e-20;gene-gene
2163;er_status_measured_by_ihc;188.254412954257;4.296073254346319e-21;pik3r1_mut;7.599155399523476e-20;clinic-gene
3064;stk11_mut;179.85760713797146;5.00364289778977e-21;ctnna3_mut;8.8283972037518e-20;gene-gene
6755;nr3c1_mut;210.89492499384727;5.0805126454500614e-21;ros1_mut;8.941446310770674e-20;gene-gene
1983;kdm3a_mut;264.1674001785942;5.173502860472276e-21;notch1_mut;9.082227257819044e-20;gene-gene
6177;foxo1_mut;189.69235654281542;5.325199177825537e-21;asxl2_mut;9.325104424929079e-20;gene-gene
964;myo1a_mut;197.21137977207533;5.93191074745102e-21;setd1a_mut;1.036156509811007e-19;gene-gene
3479;tumor_size;235.53309092092312;6.966990968673501e-21;thada_mut;1.2139243366115152e-19;clinic-gene
5310;clrn2_mut;157.88467031560867;7.47564184560204e-21;erbb4_mut;1.2993111834632202e-19;gene-gene
5743;ctnna1_mut;172.34278529423327;8.79059552256676e-21;arid2_mut;1.5240667721134976e-19;gene-gene
2581;nek1_mut;250.59088497727595;8.993907430395013e-21;col12a1_mut;1.5554562182220286e-19;gene-gene
5684;ctnna1_mut;345.1192280708342;9.066846787103332e-21;ush2a_mut;1.5603462685096745e-19;gene-gene
5833;agtr2_mut;345.11922807083414;9.066846787103591e-21;ush2a_mut;1.5603462685096745e-19;gene-gene
6760;nr3c1_mut;210.8829422691674;1.0391118825329066e-20;shank2_mut;1.7794790988376279e-19;gene-gene
6611;ccnd3_mut;210.88294226916736;1.0391118825329214e-20;shank2_mut;1.7794790988376279e-19;gene-gene
6174;foxo1_mut;189.69684517307502;1.1579249190280233e-20;adgra2_mut;1.978098144070611e-19;gene-gene
5079;ldlrap1_mut;474.68753655479725;1.296981996376462e-20;kmt2c_mut;2.210247124068863e-19;gene-gene
3648;flt3_mut;199.01937914703183;1.3059271155776435e-20;rb1_mut;2.220076096481994e-19;gene-gene
2737;sik1_mut;236.10459383688328;2.0454194492116674e-20;stab2_mut;3.4687732261266796e-19;gene-gene
1961;kdm3a_mut;472.4627053585137;2.3677946880536755e-20;kmt2c_mut;4.005758228917925e-19;gene-gene
6893;tbl1xr1_mut;237.3910818713451;2.4209453889714235e-20;col22a1_mut;4.0857839209524964e-19;gene-gene
6471;braf_mut;189.69684517307493;2.4918627630664048e-20;alk_mut;4.1953361748301133e-19;gene-gene
3212;sik2_mut;179.87663736298808;2.514636652310808e-20;kdm6a_mut;4.2235015119460615e-19;gene-gene
2423;npnt_mut;290.6153774126062;2.97218754601471e-20;birc6_mut;4.980017837890834e-19;gene-gene
4864;ppp2r2a_mut;145.68050676556922;3.111033436283844e-20;agmo_mut;5.200189143376846e-19;gene-gene
21;tumor_stage;84.60155773474958;3.649775514312956e-20;radio_therapy;6.086153107041676e-19;clinic-clinic
4735;cancer_type_detailed;126.09014737695169;4.0096736650784454e-20;clk3_mut;6.638765378650023e-19;clinic-gene
4589;oncotree_code;126.09014737695169;4.0096736650784454e-20;clk3_mut;6.638765378650023e-19;clinic-gene
4443;tumor_other_histologic_subtype;126.09014737695169;4.0096736650784454e-20;clk3_mut;6.638765378650023e-19;clinic-gene
1112;fanca_mut;203.48274932675923;4.2305262687969204e-20;setd2_mut;6.987869276615622e-19;gene-gene
5995;magea8_mut;257.8765357766707;4.630414160660596e-20;notch1_mut;7.622721946735805e-19;gene-gene
5441;prr16_mut;172.35275315828602;4.636692181712777e-20;foxo3_mut;7.622721946735805e-19;gene-gene
6170;foxo1_mut;189.71936099512692;5.2528554283148934e-20;afdn_mut;8.615422741229145e-19;gene-gene
6473;braf_mut;189.69684517307496;5.299274635312257e-20;ubr5_mut;8.6712018447135215e-19;gene-gene
2636;nek1_mut;150.76394797332375;6.096587892387401e-20;map3k10_mut;9.952537290680087e-19;gene-gene
3612;flt3_mut;298.9708514055278;7.760070822081078e-20;akap9_mut;1.2638604856382398e-18;gene-gene
6715;nr3c1_mut;634.7844926937302;7.919898401765551e-20;tp53_mut;1.286891398445021e-18;gene-gene
1588;ptprm_mut;152.07705925236198;8.756316577809883e-20;pbrm1_mut;1.4194984670338204e-18;gene-gene
5417;prr16_mut;172.4638251862198;9.979761954893974e-20;erbb2_mut;1.6103602027446696e-18;gene-gene
5715;ctnna1_mut;172.4638251862198;9.979761954893974e-20;erbb2_mut;1.6103602027446696e-18;gene-gene
5440;prr16_mut;172.3577450987731;1.0415401326599142e-19;brca1_mut;1.6767836191001891e-18;gene-gene
6317;nt5e_mut;189.72840138353817;1.1004190086845085e-19;setd1a_mut;1.767500600845669e-18;gene-gene
3205;sik2_mut;179.92439206965943;1.1841683999962443e-19;pik3r1_mut;1.8976570208196695e-18;gene-gene
3061;stk11_mut;179.88616779773872;1.2022213380700977e-19;fancd2_mut;1.9221786016237467e-18;gene-gene
2893;type_of_breast_surgery;171.82941086394112;1.288407599320814e-19;erbb2_mut;2.05527486220423e-18;clinic-gene
4304;large1_mut;118.14450227541477;1.44770098762335e-19;chek2_mut;2.304120000119441e-18;gene-gene
6418;braf_mut;570.1065511394129;1.9750843633608567e-19;muc16_mut;3.1363441924550695e-18;gene-gene
2664;nek1_mut;112.0048592263214;2.1020177464073117e-19;gpr32_mut;3.330339681212673e-18;gene-gene
3641;flt3_mut;199.06199990189833;2.2678068379045864e-19;ptprd_mut;3.5848792706876344e-18;gene-gene
5255;clrn2_mut;236.1826097869424;2.3852259223348566e-19;pten_mut;3.7619804784094e-18;gene-gene
5003;nf2_mut;157.90662927204585;2.6131771828748207e-19;l1cam_mut;4.112222742510444e-18;gene-gene
3465;tumor_size;283.89246999304106;2.722488673013651e-19;birc6_mut;4.274613114235142e-18;clinic-gene
4656;cancer_type_detailed;252.67642659814365;2.7850747851044826e-19;ncor2_mut;4.3435976615011206e-18;clinic-gene
4510;oncotree_code;252.67642659814365;2.7850747851044826e-19;ncor2_mut;4.3435976615011206e-18;clinic-gene
4364;tumor_other_histologic_subtype;252.67642659814365;2.7850747851044826e-19;ncor2_mut;4.3435976615011206e-18;clinic-gene
5558;dtwd2_mut;228.77517383996982;2.8553067384896463e-19;stab2_mut;4.443213403524979e-18;gene-gene
5676;ctnna1_mut;430.8418695098607;3.6598879549145365e-19;syne1_mut;5.682586031330637e-18;gene-gene
2133;er_status_measured_by_ihc;251.46713252638932;4.217250720304954e-19;ncor2_mut;6.533465805492398e-18;clinic-gene
6470;braf_mut;189.71034010081482;4.734975281393311e-19;rb1_mut;7.319308029003332e-18;gene-gene
5724;ctnna1_mut;172.42313036457026;4.928565485455594e-19;erbb3_mut;7.58499714688948e-18;gene-gene
6022;magea8_mut;172.42313036457026;4.928565485455594e-19;erbb3_mut;7.58499714688948e-18;gene-gene
5736;ctnna1_mut;172.3727530571902;5.028145264707024e-19;kdm6a_mut;7.721241970221533e-18;gene-gene
4856;ppp2r2a_mut;145.69857946973428;5.211490330101486e-19;chd1_mut;7.985237486056816e-18;gene-gene
5298;clrn2_mut;157.92316010590034;6.050225657455596e-19;lifr_mut;9.229896652541978e-18;gene-gene
5000;nf2_mut;157.92316010590034;6.050225657455596e-19;lifr_mut;9.229896652541978e-18;gene-gene
4225;large1_mut;236.74878537254756;6.495935153236602e-19;ncor1_mut;9.888256844371272e-18;gene-gene
1916;sbno1_mut;117.3048433048433;6.853009480182181e-19;prkcz_mut;1.040912548652889e-17;gene-gene
6119;foxo1_mut;625.4281046466754;6.94165541203986e-19;tp53_mut;1.0520899428182757e-17;gene-gene
1540;ptprm_mut;227.8855365951467;7.252606004962139e-19;col22a1_mut;1.0968389211400532e-17;gene-gene
2633;nek1_mut;150.775541769598;8.931913322199648e-19;setdb1_mut;1.3478893819051608e-17;gene-gene
5586;dtwd2_mut;172.3727530571902;1.0857625215212206e-18;taf1_mut;1.631445750079305e-17;gene-gene
6033;magea8_mut;172.3727530571902;1.0857625215212206e-18;taf1_mut;1.631445750079305e-17;gene-gene
4863;ppp2r2a_mut;145.6865245847055;1.2874551521526565e-18;erbb4_mut;1.9303538944400452e-17;gene-gene
2142;er_status_measured_by_ihc;218.98995183562047;1.469309080588075e-18;myh9_mut;2.1983003310640002e-17;clinic-gene
2345;fam20c_mut;134.41475239432816;1.5252006853800356e-18;prkcq_mut;2.27704640785263e-17;gene-gene
4009;hdac9_mut;104.90989921973964;1.5925581768642978e-18;akt2_mut;2.3674902088831595e-17;gene-gene
3860;taf4b_mut;104.90989921973964;1.5925581768642978e-18;akt2_mut;2.3674902088831595e-17;gene-gene
2771;sik1_mut;157.1812765957447;1.8750392147863845e-18;brca2_mut;2.7815072173487194e-17;gene-gene
2970;type_of_breast_surgery;85.61175460942181;1.9179499096266494e-18;ndfip1_mut;2.835305082299332e-17;clinic-gene
6166;foxo1_mut;189.73292890778833;1.9209572122130666e-18;usp9x_mut;2.835305082299332e-17;gene-gene
6467;braf_mut;189.7238787486229;1.927536731203898e-18;thsd7a_mut;2.835305082299332e-17;gene-gene
6318;nt5e_mut;189.72387874862287;1.9275367312039257e-18;thsd7a_mut;2.835305082299332e-17;gene-gene
3041;stk11_mut;191.31778816885364;2.108987338003129e-18;arid1b_mut;3.0956921282831646e-17;gene-gene
1864;sbno1_mut;176.3965641761659;2.1327509478583996e-18;adgra2_mut;3.124010665133467e-17;gene-gene
5431;prr16_mut;172.397873963022;2.291396857047933e-18;pik3r1_mut;3.333037273226876e-17;gene-gene
5583;dtwd2_mut;172.38780940236202;2.300440345230401e-18;ctcf_mut;3.333037273226876e-17;gene-gene
5584;dtwd2_mut;172.38278522989515;2.3049680969430044e-18;asxl1_mut;3.333037273226876e-17;gene-gene
5733;ctnna1_mut;172.38278522989512;2.304968096943037e-18;asxl1_mut;3.333037273226876e-17;gene-gene
5435;prr16_mut;172.3827852298951;2.3049680969430707e-18;asxl1_mut;3.333037273226876e-17;gene-gene
5734;ctnna1_mut;172.37776645106476;2.309499849139198e-18;fancd2_mut;3.333037273226876e-17;gene-gene
5585;dtwd2_mut;172.37776645106476;2.309499849139198e-18;fancd2_mut;3.333037273226876e-17;gene-gene
4198;large1_mut;355.62677044099183;2.3136153964720695e-18;ahnak_mut;3.333037273226876e-17;gene-gene
4440;tumor_other_histologic_subtype;126.11828732175506;2.9110157488857973e-18;map3k13_mut;4.16788258964448e-17;clinic-gene
4586;oncotree_code;126.11828732175506;2.9110157488857973e-18;map3k13_mut;4.16788258964448e-17;clinic-gene
4732;cancer_type_detailed;126.11828732175506;2.9110157488857973e-18;map3k13_mut;4.16788258964448e-17;clinic-gene
4852;ppp2r2a_mut;145.7167100683067;3.0632812757415856e-18;ncoa3_mut;4.376921528344879e-17;gene-gene
5147;ldlrap1_mut;157.92868217054257;3.122700729755668e-18;arid2_mut;4.4527163262862964e-17;gene-gene
1816;sbno1_mut;354.230066872428;3.472288603878521e-18;ahnak_mut;4.941116186415321e-17;gene-gene
6719;nr3c1_mut;422.3072048074131;3.698877995291067e-18;syne1_mut;5.252857835995668e-17;gene-gene
6459;braf_mut;189.75564014732007;3.793072384735222e-18;arid1b_mut;5.364817156304729e-17;gene-gene
6161;foxo1_mut;189.75564014732004;3.793072384735274e-18;arid1b_mut;5.364817156304729e-17;gene-gene
5730;ctnna1_mut;172.397873963022;4.821936638159269e-18;asxl2_mut;6.806236624407841e-17;gene-gene
3338;ptpn22_mut;189.10443995650152;4.84233580659936e-18;lamb3_mut;6.807525207386363e-17;gene-gene
3487;tumor_size;189.1044399565015;4.84233580659943e-18;lamb3_mut;6.807525207386363e-17;clinic-gene
2259;fam20c_mut;421.1284724701849;5.075647850796907e-18;syne1_mut;7.121195087051804e-17;gene-gene
1081;fanca_mut;285.8758875095399;5.1665038004770996e-18;akap9_mut;7.234140692171042e-17;gene-gene
3712;flt3_mut;99.33541390692498;5.836403682017371e-18;prkg1_mut;8.155790505251074e-17;gene-gene
5236;clrn2_mut;316.3216662751546;5.961392342041625e-18;kmt2d_mut;8.297260616303989e-17;gene-gene
4938;nf2_mut;316.32166627515454;5.961392342041795e-18;kmt2d_mut;8.297260616303989e-17;gene-gene
931;myo1a_mut;271.0124238624629;6.342357599634197e-18;pde4dip_mut;8.80995080489943e-17;gene-gene
3151;sik2_mut;451.20850047117665;6.579816110480291e-18;kmt2c_mut;9.121661738874165e-17;gene-gene
6725;nr3c1_mut;315.73582898176033;7.117989829743284e-18;dnah2_mut;9.848197017904222e-17;gene-gene
6167;foxo1_mut;189.73292890778845;7.541459750405946e-18;setd2_mut;1.0352098089604985e-16;gene-gene
6316;nt5e_mut;189.73292890778845;7.541459750405946e-18;setd2_mut;1.0352098089604985e-16;gene-gene
6314;nt5e_mut;189.73292890778836;7.541459750406273e-18;ptprd_mut;1.0352098089604985e-16;gene-gene
6165;foxo1_mut;189.73292890778833;7.541459750406379e-18;ptprd_mut;1.0352098089604985e-16;gene-gene
6752;nr3c1_mut;210.93110825131387;7.588524363701308e-18;runx1_mut;1.0396278378270793e-16;gene-gene
1959;kdm3a_mut;554.6797311862902;7.960865098319888e-18;muc16_mut;1.0885041965158719e-16;gene-gene
2014;kdm3a_mut;176.39656417616587;9.08766091314847e-18;ubr5_mut;1.2401462265657883e-16;gene-gene
2116;er_status_measured_by_ihc;314.91012786954;9.135700934980923e-18;dnah2_mut;1.2442717823140686e-16;clinic-gene
3343;ptpn22_mut;189.05877638147706;9.693755939889603e-18;ptprd_mut;1.3177095866149545e-16;gene-gene
6025;magea8_mut;172.40291436867008;1.0002137172026444e-17;adgra2_mut;1.3543591554447634e-16;gene-gene
5429;prr16_mut;172.40291436867005;1.0002137172026592e-17;adgra2_mut;1.3543591554447634e-16;gene-gene
2201;er_status_measured_by_ihc;125.33289956212914;1.1081293799938324e-17;cdkn1b_mut;1.4975822007769646e-16;clinic-gene
2703;sik1_mut;552.8311553362275;1.2306412820308865e-17;muc16_mut;1.6599402775192672e-16;gene-gene
2152;er_status_measured_by_ihc;188.37742905765964;1.248990935821365e-17;ptprd_mut;1.6814450228485314e-16;clinic-gene
6604;ccnd3_mut;210.92707037145618;1.405213947984934e-17;nf1_mut;1.8881211258789875e-16;gene-gene
6159;foxo1_mut;189.76019717477487;1.4571817640636284e-17;ros1_mut;1.9504461658070333e-16;gene-gene
6457;braf_mut;189.7601971747749;1.4571817640636487e-17;ros1_mut;1.9504461658070333e-16;gene-gene
5143;ldlrap1_mut;157.93974403665152;1.5111606377226e-17;foxo3_mut;2.01882970855981e-16;gene-gene
4850;ppp2r2a_mut;145.72882943510587;1.6721345010593793e-17;aff2_mut;2.229619037958375e-16;gene-gene
3782;taf4b_mut;210.29258691942798;1.7598920862853456e-17;nf1_mut;2.3421649536906116e-16;gene-gene
3852;taf4b_mut;104.94438465801728;1.8645260569306662e-17;lipi_mut;2.4767002965350886e-16;gene-gene
4434;tumor_other_histologic_subtype;126.13947073745277;2.0576601797078885e-17;men1_mut;2.7128896689751908e-16;clinic-gene
4580;oncotree_code;126.13947073745277;2.0576601797078885e-17;men1_mut;2.7128896689751908e-16;clinic-gene
4726;cancer_type_detailed;126.13947073745277;2.0576601797078885e-17;men1_mut;2.7128896689751908e-16;clinic-gene
5731;ctnna1_mut;172.38780940236205;2.065632322734765e-17;apc_mut;2.7128896689751908e-16;gene-gene
5880;agtr2_mut;172.38780940236205;2.065632322734765e-17;apc_mut;2.7128896689751908e-16;gene-gene
6029;magea8_mut;172.38780940236202;2.0656323227347953e-17;apc_mut;2.7128896689751908e-16;gene-gene
3018;stk11_mut;270.3288132016807;2.1840804561909493e-17;birc6_mut;2.8630713222150403e-16;gene-gene
4649;cancer_type_detailed;252.76236936118087;2.2177959120700513e-17;utrn_mut;2.890996275677882e-16;clinic-gene
4357;tumor_other_histologic_subtype;252.76236936118087;2.2177959120700513e-17;utrn_mut;2.890996275677882e-16;clinic-gene
4503;oncotree_code;252.76236936118087;2.2177959120700513e-17;utrn_mut;2.890996275677882e-16;clinic-gene
5238;clrn2_mut;316.29608188315626;2.3563846160296983e-17;ryr2_mut;3.065932832811825e-16;gene-gene
6751;nr3c1_mut;210.9391972283119;2.5669381275154944e-17;myh9_mut;3.3336796834480963e-16;gene-gene
3906;hdac9_mut;315.77250638974795;2.7542983455334363e-17;ryr2_mut;3.5703678182267384e-16;gene-gene
6164;foxo1_mut;189.74654089596459;2.8309196305124116e-17;shank2_mut;3.662895455257448e-16;gene-gene
5290;clrn2_mut;157.95082961522803;3.2444073275647975e-17;ctnna3_mut;4.1901430679658485e-16;gene-gene
1400;myo3a_mut;208.35227577107918;3.4966736072708356e-17;nf1_mut;4.507612268265928e-16;gene-gene
3491;tumor_size;189.0861448587657;3.607919848101725e-17;shank2_mut;4.642455981341943e-16;clinic-gene
1526;ptprm_mut;279.2994895907792;4.087087538157017e-17;herc2_mut;5.249353056820419e-16;gene-gene
5728;ctnna1_mut;172.40291436867005;4.1671961628752556e-17;ubr5_mut;5.342421943120993e-16;gene-gene
1528;ptprm_mut;279.1246916126206;4.3163979443125504e-17;akap9_mut;5.523566380386775e-16;gene-gene
5679;ctnna1_mut;345.2903039907794;4.543037377307772e-17;ahnak_mut;5.802962002787824e-16;gene-gene
6748;nr3c1_mut;210.9635704184456;4.633137763429092e-17;thada_mut;5.907250648372092e-16;gene-gene
6889;tbl1xr1_mut;237.44432082438263;4.841589179460481e-17;notch1_mut;6.161782075936318e-16;gene-gene
6891;tbl1xr1_mut;237.42291964524424;4.876278576403845e-17;ncor2_mut;6.194646984242484e-16;gene-gene
1666;gldc_mut;403.66629169575526;5.5193037640960956e-17;map3k1_mut;6.998797713201347e-16;gene-gene
4939;nf2_mut;316.31653780042984;5.714745568690861e-17;ush2a_mut;7.233501320370118e-16;gene-gene
2333;fam20c_mut;134.4808579702765;5.74513035836993e-17;chd1_mut;7.258811177925984e-16;gene-gene
4216;large1_mut;236.883932503209;5.836211085531162e-17;notch1_mut;7.360578854622063e-16;gene-gene
3857;taf4b_mut;104.92712371190262;5.998581766927883e-17;chek2_mut;7.551728073067589e-16;gene-gene
4057;prkacg_mut;277.8410843275708;6.440883385334855e-17;herc2_mut;8.093966225419897e-16;gene-gene
4059;prkacg_mut;277.7643138381807;6.596696210166263e-17;akap9_mut;8.274886251424001e-16;gene-gene
5978;magea8_mut;345.2855840464482;6.902191068654007e-17;dnah11_mut;8.642582257470528e-16;gene-gene
3709;flt3_mut;99.35369844992749;7.339836293970471e-17;acvrl1_mut;9.174138852588854e-16;gene-gene
2714;sik1_mut;315.28676189902137;7.741415885341089e-17;ush2a_mut;9.658798712656818e-16;gene-gene
2035;kdm3a_mut;135.81796255248761;7.818847562700299e-17;pbrm1_mut;9.73801923718128e-16;gene-gene
5721;ctnna1_mut;172.4383497002196;8.247379398330356e-17;setd1a_mut;1.0235246866098437e-15;gene-gene
5572;dtwd2_mut;172.4383497002196;8.247379398330356e-17;setd1a_mut;1.0235246866098437e-15;gene-gene
4851;ppp2r2a_mut;145.72882943510584;8.543225531302118e-17;lifr_mut;1.0583602267235444e-15;gene-gene
1997;kdm3a_mut;183.06706537222843;8.906750732446444e-17;map2k4_mut;1.1014419003115628e-15;gene-gene
3385;ptpn22_mut;124.64948517564864;9.95530973570944e-17;smad4_mut;1.2267680621411351e-15;gene-gene
3534;tumor_size;124.64948517564862;9.955309735709513e-17;smad4_mut;1.2267680621411351e-15;clinic-gene
2477;npnt_mut;144.9859764072423;1.151539666485303e-16;lifr_mut;1.416515431290988e-15;gene-gene
2426;npnt_mut;241.00830482937704;1.2687761747163706e-16;col6a3_mut;1.5579857878283447e-15;gene-gene
5289;clrn2_mut;157.9619389825996;1.4400515216540867e-16;kdm6a_mut;1.7651999968065094e-15;gene-gene
2719;sik1_mut;274.889541884453;1.609981307706191e-16;akap9_mut;1.9700419259094845e-15;gene-gene
6121;foxo1_mut;474.3479459700602;1.640677988366616e-16;ahnak2_mut;2.0040938994261446e-15;gene-gene
5522;dtwd2_mut;350.766032935414;1.726858936933349e-16;pik3ca_mut;2.1056829655066855e-15;gene-gene
4002;hdac9_mut;104.9357496209869;1.82282546045988e-16;prkce_mut;2.2188295282636204e-15;gene-gene
1721;gldc_mut;161.07807238803264;1.8455969026074665e-16;asxl1_mut;2.242640966698847e-15;gene-gene
1122;fanca_mut;162.77387463079268;1.9672557594138154e-16;asxl2_mut;2.3863222206639457e-15;gene-gene
1421;myo3a_mut;166.39580611638644;2.0228030230395823e-16;apc_mut;2.4494496918505305e-15;gene-gene
3561;tumor_size;94.34591494196408;2.1779472352395807e-16;cdkn2a_mut;2.632753863774905e-15;clinic-gene
4286;large1_mut;118.21271501480689;2.3920188057169823e-16;cdkn1b_mut;2.8865346106294565e-15;gene-gene
3047;stk11_mut;180.011001038213;2.7340744207580435e-16;setd2_mut;3.2936168927304226e-15;gene-gene
5874;agtr2_mut;172.41806819201193;3.232995308763091e-16;rb1_mut;3.8812608629429065e-15;gene-gene
5427;prr16_mut;172.41806819201193;3.232995308763091e-16;rb1_mut;3.8812608629429065e-15;gene-gene
2051;kdm3a_mut;117.44272686377948;3.3288919386053654e-16;dcaf4l2_mut;3.989531385083308e-15;gene-gene
1692;gldc_mut;215.1696651763292;3.480917208199368e-16;atr_mut;4.164583653028935e-15;gene-gene
6888;tbl1xr1_mut;237.44432082438266;4.0636544837877435e-16;lama2_mut;4.853462201405977e-15;gene-gene
2903;type_of_breast_surgery;171.73736199036466;4.1624404287680626e-16;rb1_mut;4.962964381536255e-15;clinic-gene
4213;large1_mut;236.8983238441841;4.853048095218446e-16;col6a3_mut;5.776532715722535e-15;gene-gene
3039;stk11_mut;180.06921003045477;5.091731047595597e-16;ros1_mut;6.05032735196436e-15;gene-gene
3265;sik2_mut;89.79513687948133;5.117744156887151e-16;prkg1_mut;6.060623461723818e-15;gene-gene
3116;stk11_mut;89.79513687948133;5.117744156887151e-16;prkg1_mut;6.060623461723818e-15;gene-gene
3117;stk11_mut;89.7849303823611;5.142214058816304e-16;frmd3_mut;6.07929773755491e-15;gene-gene
1524;ptprm_mut;305.6514951859829;5.431530744927579e-16;ryr2_mut;6.4104907626366544e-15;gene-gene
1972;kdm3a_mut;294.9351666956069;5.875860751283388e-16;dnah5_mut;6.9232106356183855e-15;gene-gene
5282;clrn2_mut;157.98981698087243;6.01903485374249e-16;pik3r1_mut;7.068066642537714e-15;gene-gene
5133;ldlrap1_mut;157.98981698087235;6.019034853742578e-16;pik3r1_mut;7.068066642537714e-15;gene-gene
5285;clrn2_mut;157.97864780542255;6.044747564685721e-16;ctcf_mut;7.086350878264955e-15;gene-gene
5138;ldlrap1_mut;157.96750261102582;6.070514002808064e-16;fancd2_mut;7.09275607652517e-15;gene-gene
4989;nf2_mut;157.9675026110258;6.070514002808146e-16;fancd2_mut;7.09275607652517e-15;gene-gene
5085;ldlrap1_mut;316.4889042961979;7.227541955585589e-16;cdh1_mut;8.43052347974566e-15;gene-gene
1715;gldc_mut;161.14368557064694;7.366859405448011e-16;adgra2_mut;8.55690276025916e-15;gene-gene
4551;oncotree_code;126.24640843018805;7.384875289017138e-16;usp28_mut;8.55690276025916e-15;clinic-gene
4405;tumor_other_histologic_subtype;126.24640843018805;7.384875289017138e-16;usp28_mut;8.55690276025916e-15;clinic-gene
4697;cancer_type_detailed;126.24640843018805;7.384875289017138e-16;usp28_mut;8.55690276025916e-15;clinic-gene
2759;sik1_mut;157.30432666079145;7.817614302240056e-16;pik3r1_mut;9.043323034727031e-15;gene-gene
6382;nt5e_mut;93.83992489419423;9.245690653255179e-16;acvrl1_mut;1.0677626544511393e-14;gene-gene
3044;stk11_mut;180.04005826119462;9.69394723941759e-16;shank2_mut;1.1176833228021567e-14;gene-gene
3445;tumor_size;344.3774075282091;1.009754818850065e-15;pik3ca_mut;1.1622993277274143e-14;clinic-gene
1694;gldc_mut;215.15371868315583;1.0600615622099382e-15;ncor1_mut;1.218199035388296e-14;gene-gene
5871;agtr2_mut;172.43327110981394;1.1977587236230545e-15;thsd7a_mut;1.3719246232712123e-14;gene-gene
5722;ctnna1_mut;172.43327110981392;1.1977587236230707e-15;thsd7a_mut;1.3719246232712123e-14;gene-gene
5784;ctnna1_mut;85.18616966785082;1.2007638600861853e-15;kras_mut;1.3731157267466739e-14;gene-gene
4281;large1_mut;118.22796204687373;1.5077602698733695e-15;prkcq_mut;1.7213596414387636e-14;gene-gene
3164;sik2_mut;253.35438466978698;1.7142991312872494e-15;pde4dip_mut;1.9539654209305075e-14;gene-gene
4711;cancer_type_detailed;126.18204071295187;1.7738804532784078e-15;egfr_mut;2.012029663483155e-14;clinic-gene
4419;tumor_other_histologic_subtype;126.18204071295187;1.7738804532784078e-15;egfr_mut;2.012029663483155e-14;clinic-gene
4565;oncotree_code;126.18204071295187;1.7738804532784078e-15;egfr_mut;2.012029663483155e-14;clinic-gene
2605;nek1_mut;151.0337695060319;2.0791104905051675e-15;erbb3_mut;2.354415720771411e-14;gene-gene
2048;kdm3a_mut;117.44272686377948;2.098368075172707e-15;prkcq_mut;2.3723782752802108e-14;gene-gene
5862;agtr2_mut;172.46893685284167;2.246775197215147e-15;lamb3_mut;2.5197782187708583e-14;gene-gene
5863;agtr2_mut;172.46893685284167;2.246775197215147e-15;arid1b_mut;2.5197782187708583e-14;gene-gene
5714;ctnna1_mut;172.46893685284167;2.246775197215147e-15;arid1b_mut;2.5197782187708583e-14;gene-gene
5564;dtwd2_mut;172.46893685284164;2.2467751972151777e-15;lamb3_mut;2.5197782187708583e-14;gene-gene
5565;dtwd2_mut;172.46893685284164;2.2467751972151777e-15;arid1b_mut;2.5197782187708583e-14;gene-gene
790;ep300_mut;231.81766372231817;2.505384242556752e-15;lama2_mut;2.8053076446705172e-14;gene-gene
6221;foxo1_mut;93.87032287034684;2.896975171922443e-15;or6a2_mut;3.238586484195537e-14;gene-gene
6884;tbl1xr1_mut;237.4694689913225;3.0815174138993332e-15;utrn_mut;3.4393869282611246e-14;gene-gene
2709;sik1_mut;329.9325013133699;3.353894407960903e-15;ahnak_mut;3.737425873751648e-14;gene-gene
3608;flt3_mut;299.1183979414344;3.589701025143154e-15;ryr2_mut;3.993828194693506e-14;gene-gene
4211;large1_mut;236.93444195714738;3.650879103342018e-15;utrn_mut;4.0554359769555926e-14;gene-gene
4843;ppp2r2a_mut;145.75924151176022;3.759365502685301e-15;ctnna3_mut;4.1693153598828886e-14;gene-gene
4844;ppp2r2a_mut;145.75314606500925;3.7682064985981496e-15;brca1_mut;4.172497433550756e-14;gene-gene
796;ep300_mut;207.96739788555675;3.937039407024488e-15;pten_mut;4.352546572291155e-14;gene-gene
3989;hdac9_mut;105.00508672130523;3.9629130498073876e-15;gps2_mut;4.3742296175362115e-14;gene-gene
3595;flt3_mut;586.2825099308305;4.024141155710702e-15;tp53_mut;4.4348066648187186e-14;gene-gene
1853;sbno1_mut;117.99172153234991;4.034729481619012e-15;sf3b1_mut;4.4365235525356565e-14;gene-gene
3998;hdac9_mut;104.96168217393301;4.038398424807038e-15;foxp1_mut;4.4365235525356565e-14;gene-gene
6009;magea8_mut;172.49457852834135;4.187931941827774e-15;map2k4_mut;4.5935762131162726e-14;gene-gene
5718;ctnna1_mut;172.44343378099325;4.265787564013075e-15;ptprd_mut;4.649774993722275e-14;gene-gene
5420;prr16_mut;172.44343378099322;4.2657875640131365e-15;ptprd_mut;4.649774993722275e-14;gene-gene
5869;agtr2_mut;172.44343378099322;4.2657875640131365e-15;setd2_mut;4.649774993722275e-14;gene-gene
6018;magea8_mut;172.44343378099322;4.2657875640131365e-15;setd2_mut;4.649774993722275e-14;gene-gene
6600;ccnd3_mut;210.95949710904418;4.290359716588121e-15;ncor1_mut;4.669274663520436e-14;gene-gene
4783;ppp2r2a_mut;292.50676140630264;4.403297509065254e-15;gata3_mut;4.7847340117945464e-14;gene-gene
5130;ldlrap1_mut;157.9954105856927;4.7443010786603635e-15;alk_mut;5.147271993260863e-14;gene-gene
5284;clrn2_mut;157.97864780542253;4.774007086377712e-15;apc_mut;5.1714709321738093e-14;gene-gene
4141;prkacg_mut;111.20349845867088;4.78160375151127e-15;nrg3_mut;5.1716819522924526e-14;gene-gene
2469;npnt_mut;145.04722160101593;4.945325994187025e-15;ctnna3_mut;5.3404934654381376e-14;gene-gene
3927;hdac9_mut;210.3577498756626;5.2374406674129504e-15;ncor1_mut;5.647221904817019e-14;gene-gene
4502;oncotree_code;252.7957553709646;5.273055001232544e-15;birc6_mut;5.659421704087831e-14;clinic-gene
4648;cancer_type_detailed;252.7957553709646;5.273055001232544e-15;birc6_mut;5.659421704087831e-14;clinic-gene
4356;tumor_other_histologic_subtype;252.7957553709646;5.273055001232544e-15;birc6_mut;5.659421704087831e-14;clinic-gene
2761;sik1_mut;157.28184572467336;6.187024007555034e-15;apc_mut;6.630174346746476e-14;gene-gene
1813;sbno1_mut;393.76551547867336;6.306383238008392e-15;syne1_mut;6.74773348912169e-14;gene-gene
478;neoplasm_histologic_grade;308.355924891278;7.228852285649594e-15;cdh1_mut;7.722934391411883e-14;clinic-gene
6594;ccnd3_mut;210.98400403421357;7.26087202274671e-15;col12a1_mut;7.733492808373773e-14;gene-gene
6743;nr3c1_mut;210.9840040342136;7.260872022746809e-15;col12a1_mut;7.733492808373773e-14;gene-gene
5414;prr16_mut;172.47405406357046;7.858691662910275e-15;ros1_mut;8.357485334665766e-14;gene-gene
2610;nek1_mut;150.97454469876132;8.595236404292566e-15;pik3r1_mut;9.126887045105191e-14;gene-gene
3772;taf4b_mut;210.40699762030312;8.779654102836423e-15;col12a1_mut;9.308564979744778e-14;gene-gene
318;primary_tumor_laterality;71.89282873402954;9.04155009550636e-15;tumor_stage;9.57171371474287e-14;clinic-clinic
1072;fanca_mut;327.61404178261944;9.3676356548557e-15;dnah11_mut;9.901916841221902e-14;gene-gene
2160;er_status_measured_by_ihc;156.02668495557396;9.860124777475145e-15;alk_mut;1.0406751030244537e-13;clinic-gene
1146;fanca_mut;121.89265134553031;1.0253902066705416e-14;egfr_mut;1.0806035254912631e-13;gene-gene
3896;hdac9_mut;421.5106177888127;1.1430744066298316e-14;kmt2c_mut;1.2028103733618422e-13;gene-gene
6454;braf_mut;189.8014339273023;1.2291447505229782e-14;runx1_mut;1.2879584229264452e-13;gene-gene
6305;nt5e_mut;189.8014339273022;1.229144750522996e-14;runx1_mut;1.2879584229264452e-13;gene-gene
2577;nek1_mut;226.83509630606352;1.2295237843021884e-14;lama2_mut;1.2879584229264452e-13;gene-gene
6431;braf_mut;283.9681789469418;1.4394245288829002e-14;dnah5_mut;1.5055777220516204e-13;gene-gene
5717;ctnna1_mut;172.4587190546999;1.4575384446380715e-14;shank2_mut;1.5199733004009483e-13;gene-gene
5419;prr16_mut;172.45871905469988;1.4575384446380926e-14;shank2_mut;1.5199733004009483e-13;gene-gene
3334;ptpn22_mut;189.19651365001133;1.511144515277816e-14;runx1_mut;1.5735270831961402e-13;gene-gene
2555;nek1_mut;455.19594612806753;1.5867168032739076e-14;ahnak2_mut;1.6497604619754156e-13;gene-gene
4976;nf2_mut;158.03473504788946;1.747328177448622e-14;setd1a_mut;1.8113623109545285e-13;gene-gene
5274;clrn2_mut;158.03473504788946;1.747328177448622e-14;setd1a_mut;1.8113623109545285e-13;gene-gene
3256;sik2_mut;89.84633137297328;1.786828786719405e-14;lipi_mut;1.849566330786442e-13;gene-gene
2456;npnt_mut;145.19555785674467;1.9174114483481754e-14;erbb3_mut;1.9817978978711097e-13;gene-gene
1615;ptprm_mut;101.29371607308462;1.980937008459123e-14;rpgr_mut;2.0444323305914167e-13;gene-gene
4278;large1_mut;118.23559772809232;1.9983066831541717e-14;zfp36l1_mut;2.0568041416749537e-13;gene-gene
4417;tumor_other_histologic_subtype;126.18916218273375;2.004699614255966e-14;setdb1_mut;2.0568041416749537e-13;clinic-gene
4709;cancer_type_detailed;126.18916218273375;2.004699614255966e-14;setdb1_mut;2.0568041416749537e-13;clinic-gene
4563;oncotree_code;126.18916218273375;2.004699614255966e-14;setdb1_mut;2.0568041416749537e-13;clinic-gene
2468;npnt_mut;145.0718116777435;2.0092676674416364e-14;kdm6a_mut;2.0584682100314829e-13;gene-gene
3553;tumor_size;94.37503813792561;2.0233362332765123e-14;prkcz_mut;2.0668202137285074e-13;clinic-gene
3404;ptpn22_mut;94.37503813792561;2.0233362332765123e-14;prkcz_mut;2.0668202137285074e-13;gene-gene
3406;ptpn22_mut;94.36532013863862;2.0320665505388496e-14;prkce_mut;2.0696864414890588e-13;gene-gene
3555;tumor_size;94.36532013863862;2.0320665505388496e-14;prkce_mut;2.0696864414890588e-13;clinic-gene
6455;braf_mut;189.79683210137267;2.1615846272828362e-14;nf1_mut;2.1952022951781073e-13;gene-gene
6157;foxo1_mut;189.7968321013727;2.1615846272828652e-14;nf1_mut;2.1952022951781073e-13;gene-gene
6274;nt5e_mut;379.93826422923735;2.5466318627547185e-14;map3k1_mut;2.5824842997194803e-13;gene-gene
1668;gldc_mut;323.8130590088011;2.6215928796060295e-14;dnah11_mut;2.654310295626144e-13;gene-gene
2867;type_of_breast_surgery;258.10207654256703;2.6250585577181416e-14;akap9_mut;2.654310295626144e-13;clinic-gene
3170;sik2_mut;224.3984285262668;2.657789918804922e-14;col6a3_mut;2.6835228558800566e-13;gene-gene
3996;hdac9_mut;104.97901637599068;2.687226775150873e-14;map3k13_mut;2.7093295062018975e-13;gene-gene
4791;ppp2r2a_mut;291.93432836191573;2.7664852489326437e-14;ryr2_mut;2.785220811857692e-13;gene-gene
4130;prkacg_mut;111.24431665708262;2.809425693577831e-14;smad4_mut;2.8243823483493963e-13;gene-gene
4131;prkacg_mut;111.2361356571883;2.8190116298996148e-14;casp8_mut;2.8258872680213427e-13;gene-gene
4134;prkacg_mut;111.23613565718829;2.8190116298996363e-14;palld_mut;2.8258872680213427e-13;gene-gene
4841;ppp2r2a_mut;145.77145202579894;3.0671063739917837e-14;taf1_mut;3.070182268636188e-13;gene-gene
5375;prr16_mut;518.2871971722309;3.0992813825671175e-14;muc16_mut;3.0979512188836127e-13;gene-gene
2559;nek1_mut;378.6284625468012;3.536866280034661e-14;map3k1_mut;3.5302978140860253e-13;gene-gene
6145;foxo1_mut;189.90867780442946;3.626492311059208e-14;cbfb_mut;3.614593691493679e-13;gene-gene
6453;braf_mut;189.8106526424215;3.7481415842161794e-14;myh9_mut;3.730522115230548e-13;gene-gene
3030;stk11_mut;90.5263826512539;3.9044379710400885e-14;akt1_mut;3.880555918016657e-13;gene-gene
1665;gldc_mut;284.6343518630385;4.182233607937054e-14;gata3_mut;4.150748042422755e-13;gene-gene
3472;tumor_size;189.4121398742988;4.285820473883945e-14;cbfb_mut;4.247521652627961e-13;clinic-gene
4273;large1_mut;118.2585535880372;4.485645135827779e-14;egfr_mut;4.4392638192675197e-13;gene-gene
3261;sik2_mut;89.82582110549608;5.335962810985158e-14;chek2_mut;5.265871774061278e-13;gene-gene
3258;sik2_mut;89.82582110549605;5.335962810985236e-14;gh1_mut;5.265871774061278e-13;gene-gene
3552;tumor_size;94.37503813792561;5.6228654334906915e-14;clk3_mut;5.541179236078909e-13;clinic-gene
1891;sbno1_mut;117.50443287843396;6.085139822828629e-14;egfr_mut;5.988291822831497e-13;gene-gene
6152;foxo1_mut;189.83842988748484;6.41944920185014e-14;thada_mut;6.308395439286488e-13;gene-gene
3308;ptpn22_mut;284.18192970040116;7.167986388503099e-14;kmt2d_mut;7.034090013549319e-13;gene-gene
2466;npnt_mut;145.08412651488084;7.774186250643383e-14;fancd2_mut;7.618266386149413e-13;gene-gene
2300;fam20c_mut;167.47312705557218;8.44456980025266e-14;shank2_mut;8.263614733104389e-13;gene-gene
6885;tbl1xr1_mut;237.4658644406534;8.768687275153728e-14;tbx3_mut;8.568785733076797e-13;gene-gene
4268;large1_mut;118.28158294593275;9.86403958718472e-14;pbrm1_mut;9.62570455246643e-13;gene-gene
6706;nr3c1_mut;528.0090389538585;1.0935671594037292e-13;nottingham_prognostic_index;1.0656560310674833e-12;gene-clinic
1407;myo3a_mut;166.69251084317509;1.1096764974831543e-13;shank2_mut;1.0798481459491364e-12;gene-gene
4836;ppp2r2a_mut;145.80209325656307;1.1541270668388375e-13;asxl2_mut;1.1215418381088953e-12;gene-gene
2182;er_status_measured_by_ihc;125.46183779457667;1.2243078280885186e-13;l1cam_mut;1.1880887215075666e-12;clinic-gene
859;ep300_mut;103.46789277315591;1.2554297826397211e-13;dcaf4l2_mut;1.216600262316745e-12;gene-gene
4097;prkacg_mut;147.21068538937214;1.3197704936135537e-13;adgra2_mut;1.2771795621714544e-12;gene-gene
2322;fam20c_mut;134.58736297101223;1.3279397379892555e-13;foxo3_mut;1.2833077384966705e-12;gene-gene
1830;sbno1_mut;235.83606619546717;1.4344608929609764e-13;tbx3_mut;1.3843340136903789e-12;gene-gene
1752;gldc_mut;107.26654839345552;1.4632413403180644e-13;palld_mut;1.4101609992830783e-12;gene-gene
3108;stk11_mut;89.83607081610735;1.5021460820669287e-13;prkce_mut;1.44566042360904e-12;gene-gene
3838;taf4b_mut;105.0137953063678;1.5791780993343718e-13;bcas3_mut;1.5177052792364864e-12;gene-gene
1551;ptprm_mut;163.81676096018705;1.6794700884690122e-13;ros1_mut;1.611876031336949e-12;gene-gene
4344;tumor_other_histologic_subtype;315.39584730309986;1.7013462384585815e-13;ahnak_mut;1.6261704744336674e-12;clinic-gene
4490;oncotree_code;315.39584730309986;1.7013462384585815e-13;ahnak_mut;1.6261704744336674e-12;clinic-gene
4636;cancer_type_detailed;315.39584730309986;1.7013462384585815e-13;ahnak_mut;1.6261704744336674e-12;clinic-gene
1395;myo3a_mut;186.8706513318361;1.7231764164266711e-13;thada_mut;1.6447860138761135e-12;gene-gene
4065;prkacg_mut;222.928486008132;1.7840890319947328e-13;arid1a_mut;1.7006043746994814e-12;gene-gene
6219;foxo1_mut;93.87468386836557;1.8672919504616854e-13;fbxw7_mut;1.7774889452146862e-12;gene-gene
6272;nt5e_mut;380.08427923990627;1.8758157460824755e-13;syne1_mut;1.7831734173984023e-12;gene-gene
6154;foxo1_mut;189.82915055630187;1.8810922253241555e-13;stab2_mut;1.7857596981440047e-12;gene-gene
2079;kdm3a_mut;58.54680857756567;1.9351830473856803e-13;prps2_mut;1.8346165470941312e-12;gene-gene
4974;nf2_mut;158.04037712130733;2.1311686885106239e-13;usp9x_mut;2.017679624203757e-12;gene-gene
6880;tbl1xr1_mut;237.527690759352;2.136476161124188e-13;pde4dip_mut;2.0199673799424494e-12;gene-gene
1136;fanca_mut;122.02664383257878;2.2292792628717733e-13;aff2_mut;2.104861379687173e-12;gene-gene
3332;ptpn22_mut;189.25224113974085;2.2737176270255994e-13;stab2_mut;2.1439224102601704e-12;gene-gene
466;neoplasm_histologic_grade;65.24314738196462;2.286907465195231e-13;tumor_stage;2.153453161633299e-12;clinic-clinic
2881;type_of_breast_surgery;86.44602830570314;2.3980821128865023e-13;akt1_mut;2.2551009048099584e-12;clinic-gene
1960;kdm3a_mut;443.2130836834228;2.4925054013687724e-13;ahnak2_mut;2.340743983785432e-12;gene-gene
6740;nr3c1_mut;211.03766006606594;2.502792254782397e-13;notch1_mut;2.3472495951898804e-12;gene-gene
6593;ccnd3_mut;211.01280023388924;2.522356053028808e-13;ncor2_mut;2.36242650703918e-12;gene-gene
2749;sik1_mut;157.4060923902626;2.6669454866909224e-13;usp9x_mut;2.4945044331337987e-12;gene-gene
1076;fanca_mut;286.3258879920069;2.936828816338901e-13;ush2a_mut;2.7432650988983827e-12;gene-gene
5092;ldlrap1_mut;236.3736618772427;3.013753383555154e-13;pde4dip_mut;2.81136113363149e-12;gene-gene
3036;stk11_mut;180.1572372530549;3.1894327235965365e-13;runx1_mut;2.9712755253025333e-12;gene-gene
1435;myo3a_mut;124.77368622962507;3.3268012026947083e-13;lifr_mut;3.0951211722007894e-12;gene-gene
3984;hdac9_mut;105.02251315095728;3.692100018757152e-13;smarcc1_mut;3.4213133728191525e-12;gene-gene
3833;taf4b_mut;105.02251315095728;3.692100018757152e-13;casp8_mut;3.4213133728191525e-12;gene-gene
3835;taf4b_mut;105.02251315095727;3.6921000187571787e-13;smarcc1_mut;3.4213133728191525e-12;gene-gene
3357;ptpn22_mut;140.85387236732075;3.711105228511696e-13;ctcf_mut;3.434369832001486e-12;gene-gene
3475;tumor_size;189.2989607777406;3.7793427252177434e-13;col22a1_mut;3.492892542473065e-12;clinic-gene
3550;tumor_size;94.40425393546415;3.833653682804349e-13;rpgr_mut;3.5337385595981517e-12;clinic-gene
3401;ptpn22_mut;94.40425393546415;3.833653682804349e-13;rpgr_mut;3.5337385595981517e-12;gene-gene
4968;nf2_mut;158.06867922942791;3.842503969278732e-13;lamb3_mut;3.5372299385178524e-12;gene-gene
3402;ptpn22_mut;94.39450501997196;3.84966788435389e-13;foxp1_mut;3.539161777365872e-12;gene-gene
5043;nf2_mut;77.96125742580888;4.101800901933202e-13;akt2_mut;3.766003009435911e-12;gene-gene
4832;ppp2r2a_mut;145.80824129253122;4.170845981445036e-13;alk_mut;3.824370193222633e-12;gene-gene
2670;nek1_mut;75.29810794210697;4.2990780389316314e-13;prkg1_mut;3.936783520054431e-12;gene-gene
1370;myo3a_mut;313.23793535092193;4.351848018433234e-13;dnah11_mut;3.979890327852488e-12;gene-gene
1564;ptprm_mut;152.40863730806427;4.665663717089544e-13;rb1_mut;4.261306194941784e-12;gene-gene
1140;fanca_mut;121.95954033786428;4.78280004254351e-13;l1cam_mut;4.362587976142494e-12;gene-gene
5226;clrn2_mut;505.3534842634497;4.957655949439254e-13;muc16_mut;4.516185413133255e-12;gene-gene
312;primary_tumor_laterality;520.506616022177;5.276946911831884e-13;nottingham_prognostic_index;4.800784905334554e-12;clinic-clinic
3309;ptpn22_mut;284.1729991639752;5.288562413828141e-13;ush2a_mut;4.805095654800679e-12;gene-gene
3186;sik2_mut;180.14741383266792;5.477056502383699e-13;nf1_mut;4.96344925838585e-12;gene-gene
3037;stk11_mut;180.14741383266792;5.477056502383699e-13;nf1_mut;4.96344925838585e-12;gene-gene
3785;taf4b_mut;156.8262931702017;5.93716161638568e-13;lamb3_mut;5.373438887783257e-12;gene-gene
985;myo1a_mut;119.42021333883295;6.167683031155688e-13;cacna2d3_mut;5.574851402158447e-12;gene-gene
3162;sik2_mut;270.56201800834117;6.367131801382374e-13;dnah5_mut;5.747693785046337e-12;gene-gene
5970;magea8_mut;561.6024196290518;6.52766978653148e-13;tp53_mut;5.8850101675478e-12;gene-gene
3688;flt3_mut;99.46422224255832;6.695300308872255e-13;dcaf4l2_mut;6.028358667279696e-12;gene-gene
3694;flt3_mut;99.42722462285006;6.799267793736293e-13;nrg3_mut;6.114090614521941e-12;gene-gene
4966;nf2_mut;158.09713515335358;6.859050018129814e-13;map2k4_mut;6.152013154900428e-12;gene-gene
5264;clrn2_mut;158.09713515335352;6.859050018130004e-13;map2k4_mut;6.152013154900428e-12;gene-gene
4973;nf2_mut;158.04037712130736;6.995759480413769e-13;ptprd_mut;6.266586088416795e-12;gene-gene
4780;ppp2r2a_mut;438.57314509470586;7.075725354287209e-13;ahnak2_mut;6.330101542945547e-12;gene-gene
780;ep300_mut;270.15288359842157;7.132008562547415e-13;dnah5_mut;6.372294606971712e-12;gene-gene
4190;large1_mut;319.68537530340814;7.20154726904102e-13;pik3ca_mut;6.426208271876068e-12;gene-gene
4124;prkacg_mut;111.26891195937547;7.441078847288536e-13;egfr_mut;6.631481875765945e-12;gene-gene
4829;ppp2r2a_mut;145.83908100884227;7.71140421639641e-13;afdn_mut;6.863640924835887e-12;gene-gene
4700;cancer_type_detailed;126.23205094887467;7.863816900696715e-13;arid2_mut;6.972650848371566e-12;clinic-gene
4554;oncotree_code;126.23205094887467;7.863816900696715e-13;arid2_mut;6.972650848371566e-12;clinic-gene
4408;tumor_other_histologic_subtype;126.23205094887467;7.863816900696715e-13;arid2_mut;6.972650848371566e-12;clinic-gene
3979;hdac9_mut;105.0399766778518;8.390827836925161e-13;agmo_mut;7.43050875749e-12;gene-gene
2748;sik1_mut;157.4060923902626;8.720211521484923e-13;ptprd_mut;7.71241998741964e-12;gene-gene
2957;type_of_breast_surgery;85.72997133932311;9.10635008323626e-13;prkcz_mut;8.043750699313748e-12;clinic-gene
2959;type_of_breast_surgery;85.71916753164356;9.149490893769248e-13;prkce_mut;8.07165314075325e-12;clinic-gene
2730;sik1_mut;196.00597270554528;9.189228341586085e-13;col12a1_mut;8.096486560234802e-12;gene-gene
3398;ptpn22_mut;94.42378279747929;9.49533185508678e-13;ttyh1_mut;8.345142600187589e-12;gene-gene
3547;tumor_size;94.42378279747929;9.49533185508678e-13;ttyh1_mut;8.345142600187589e-12;clinic-gene
6892;tbl1xr1_mut;195.85879414130466;9.627546733467545e-13;col12a1_mut;8.45071218928866e-12;gene-gene
2813;sik1_mut;78.50434978183618;9.853784325596342e-13;gpr32_mut;8.63844304679318e-12;gene-gene
2319;fam20c_mut;134.64095829863552;9.896357883036597e-13;kdm6a_mut;8.664893800598585e-12;gene-gene
786;ep300_mut;218.73518701091024;1.0186930116128e-12;utrn_mut;8.908145271762996e-12;gene-gene
3099;stk11_mut;89.8977974552901;1.0363765954335718e-12;fbxw7_mut;9.040153897995532e-12;gene-gene
3248;sik2_mut;89.89779745529009;1.0363765954335796e-12;fbxw7_mut;9.040153897995532e-12;gene-gene
1472;myo3a_mut;82.93176411777809;1.1353669265164639e-12;gh1_mut;9.891282687743807e-12;gene-gene
5116;ldlrap1_mut;158.0743580689098;1.2340935256394805e-12;ros1_mut;1.0737996841398569e-11;gene-gene
6151;foxo1_mut;189.8384298874849;1.4657105688737467e-12;atr_mut;1.2737462369055805e-11;gene-gene
3689;flt3_mut;99.45495809362765;1.576602333757615e-12;bcas3_mut;1.368412485212976e-11;gene-gene
3693;flt3_mut;99.43645929942534;1.5886525438854683e-12;brip1_mut;1.3771607101895494e-11;gene-gene
6737;nr3c1_mut;211.04598336350202;1.6633345692253077e-12;col6a3_mut;1.4401138333552941e-11;gene-gene
6739;nr3c1_mut;211.03766006606597;1.667548198508615e-12;lama2_mut;1.441975156309368e-11;gene-gene
1747;gldc_mut;107.28361463064783;1.675828999095258e-12;zfp36l1_mut;1.4473445261654596e-11;gene-gene
2704;sik1_mut;434.53656912111035;1.734968129816505e-12;ahnak2_mut;1.496570657163941e-11;gene-gene
3478;tumor_size;189.2708983088074;1.7559027083207665e-12;atr_mut;1.5127610632598268e-11;clinic-gene
2318;fam20c_mut;134.6409582986356;1.8936913407615765e-12;taf1_mut;1.6294607632883173e-11;gene-gene
1976;kdm3a_mut;236.02717853220642;1.9147028708856912e-12;tg_mut;1.6455140170822047e-11;gene-gene
3915;hdac9_mut;210.53154781012455;1.9446450777520305e-12;col6a3_mut;1.669193508384943e-11;gene-gene
2795;sik1_mut;96.80009124466014;2.0248404493767105e-12;dcaf4l2_mut;1.7358969594840585e-11;gene-gene
3549;tumor_size;94.4140131891488;2.3083562533094155e-12;map3k13_mut;1.9741107884789332e-11;clinic-gene
3400;ptpn22_mut;94.4140131891488;2.3083562533094155e-12;map3k13_mut;1.9741107884789332e-11;gene-gene
2956;type_of_breast_surgery;85.72997133932311;2.4151372521097215e-12;clk3_mut;2.0629051320893182e-11;clinic-gene
4927;nf2_mut;554.9875125590453;2.4213652660988002e-12;tp53_mut;2.0656995255472916e-11;gene-gene
3244;sik2_mut;89.91846041770724;2.5898335558219477e-12;gps2_mut;2.2067276895765788e-11;gene-gene
3103;stk11_mut;89.8771782935352;2.6355716076809673e-12;rpgr_mut;2.242964533844935e-11;gene-gene
2591;nek1_mut;175.0825821457434;2.8889786810547635e-12;nf1_mut;2.455631878896549e-11;gene-gene
1115;fanca_mut;141.696167845211;3.3793110997947735e-12;afdn_mut;2.8689242593275922e-11;gene-gene
2312;fam20c_mut;134.70827679782906;3.490563118507022e-12;pik3r1_mut;2.959777246238903e-11;gene-gene
3683;flt3_mut;99.47349624696658;3.575678164099894e-12;smad4_mut;3.028274343341328e-11;gene-gene
3685;flt3_mut;99.46422224255832;3.589191278334722e-12;prkcq_mut;3.036038675753596e-11;gene-gene
3615;flt3_mut;214.49964273076972;3.627955231447398e-12;utrn_mut;3.065117678612209e-11;gene-gene
6153;foxo1_mut;189.83378768378304;3.933625164558376e-12;ncor1_mut;3.319352539223354e-11;gene-gene
2173;er_status_measured_by_ihc;125.54848686370536;3.958416341186374e-12;foxo3_mut;3.336243061021616e-11;clinic-gene
3977;hdac9_mut;105.05747742057348;4.071074620153578e-12;smarcc2_mut;3.427060044700367e-11;gene-gene
2560;nek1_mut;303.0558665957069;4.226690744497803e-12;ahnak_mut;3.5537771638755894e-11;gene-gene
3034;stk11_mut;180.21640335419374;4.255538075249694e-12;stab2_mut;3.573731313914617e-11;gene-gene
3331;ptpn22_mut;189.26156462110973;4.705583343203029e-12;ncor1_mut;3.9421955418416746e-11;gene-gene
3480;tumor_size;189.26156462110973;4.705583343203029e-12;ncor1_mut;3.9421955418416746e-11;clinic-gene
3455;tumor_size;284.47315181202595;4.739862576482211e-12;cdh1_mut;3.966158062500744e-11;clinic-gene
1882;sbno1_mut;117.59748660390028;5.187812250891408e-12;lifr_mut;4.3357947604040994e-11;gene-gene
3545;tumor_size;94.42378279747929;5.405685006700871e-12;nrg3_mut;4.512487591615171e-11;clinic-gene
1717;gldc_mut;133.417892507953;5.562131227313135e-12;pik3r1_mut;4.637543065064066e-11;gene-gene
4695;cancer_type_detailed;126.25359870604667;5.887552666740027e-12;brca1_mut;4.891359153687582e-11;clinic-gene
4403;tumor_other_histologic_subtype;126.25359870604667;5.887552666740027e-12;brca1_mut;4.891359153687582e-11;clinic-gene
4549;oncotree_code;126.25359870604667;5.887552666740027e-12;brca1_mut;4.891359153687582e-11;clinic-gene
6738;nr3c1_mut;211.04181941298714;6.4952616487363266e-12;arid1a_mut;5.389832914456142e-11;gene-gene
5561;dtwd2_mut;172.51519242433142;6.648757859540856e-12;nf1_mut;5.4976178893033506e-11;gene-gene
5710;ctnna1_mut;172.5151924243314;6.648757859540953e-12;nf1_mut;5.4976178893033506e-11;gene-gene
5859;agtr2_mut;172.51519242433136;6.648757859541049e-12;nf1_mut;5.4976178893033506e-11;gene-gene
1173;fanca_mut;81.11869964994675;6.7927082856458834e-12;prkce_mut;5.610006240166406e-11;gene-gene
2601;nek1_mut;151.08137984839547;7.681328314938218e-12;setd2_mut;6.328943506659591e-11;gene-gene
2599;nek1_mut;151.08137984839547;7.681328314938218e-12;ptprd_mut;6.328943506659591e-11;gene-gene
4260;large1_mut;118.31240369799691;7.873274356987669e-12;brca2_mut;6.479454408983845e-11;gene-gene
2815;sik1_mut;78.50434978183615;7.953800095110827e-12;chek2_mut;6.538023678181099e-11;gene-gene
3827;taf4b_mut;105.05747742057348;8.708007448019738e-12;map3k10_mut;7.141179347337368e-11;gene-gene
3975;hdac9_mut;105.05747742057346;8.708007448019805e-12;egfr_mut;7.141179347337368e-11;gene-gene
1521;ptprm_mut;266.53584355677054;9.029938694187491e-12;dnah2_mut;7.396504297337397e-11;gene-gene
3012;stk11_mut;270.59044552926173;9.477793250638406e-12;ryr2_mut;7.754255438197956e-11;gene-gene
6735;nr3c1_mut;211.06687243822708;1.0034337142997652e-11;utrn_mut;8.199989896856678e-11;gene-gene
3637;flt3_mut;148.49454871787287;1.0571156052781342e-11;arid1b_mut;8.628582633269069e-11;gene-gene
5847;agtr2_mut;172.6407870224161;1.0618890041611978e-11;cbfb_mut;8.657431122607105e-11;gene-gene
5559;dtwd2_mut;172.53071188776084;1.1000370180300944e-11;myh9_mut;8.9579937587136e-11;gene-gene
4208;large1_mut;237.0440089914922;1.146351752146991e-11;akap9_mut;9.324283692958122e-11;gene-gene
3913;hdac9_mut;210.57352532508096;1.1603564312682375e-11;utrn_mut;9.427221378222296e-11;gene-gene
3395;ptpn22_mut;94.43356277694387;1.2315348186114574e-11;brip1_mut;9.993883597721548e-11;gene-gene
2593;nek1_mut;151.15318264780615;1.3091192451144096e-11;ros1_mut;1.0611155644564246e-10;gene-gene
1513;ptprm_mut;425.15349796429746;1.3409830395083605e-11;ahnak2_mut;1.0856834874907201e-10;gene-gene
1533;ptprm_mut;203.8108165067507;1.464149914822429e-11;col6a3_mut;1.1840295665352213e-10;gene-gene
2515;npnt_mut;72.41049333805111;1.5150056827877726e-11;gpr32_mut;1.2237392723281118e-10;gene-gene
849;ep300_mut;103.57482673936588;1.5578724180846267e-11;map3k10_mut;1.2569116149142363e-10;gene-gene
1579;ptprm_mut;101.64023643847794;1.5755926736859333e-11;usp28_mut;1.2697423311468992e-10;gene-gene
3942;hdac9_mut;138.98037669968696;1.5922702248496314e-11;setd1a_mut;1.2817041544958956e-10;gene-gene
3152;sik2_mut;361.3233014946967;1.6051332537984815e-11;syne1_mut;1.290571466546604e-10;gene-gene
1450;myo3a_mut;95.68788228925709;1.6563681577033144e-11;smad4_mut;1.3302349790658687e-10;gene-gene
1595;ptprm_mut;101.47522072568107;1.681505098696262e-11;smarcc2_mut;1.348872115337633e-10;gene-gene
3674;flt3_mut;99.5106911345826;1.7099475636905282e-11;jak1_mut;1.3701150948974452e-10;gene-gene
6003;magea8_mut;172.56190371573734;1.7971661057762988e-11;thada_mut;1.4383504674752577e-10;gene-gene
5835;agtr2_mut;258.03930603303854;1.92574249319454e-11;dnah5_mut;1.5394923112071227e-10;gene-gene
1880;sbno1_mut;117.61305361305361;2.0002205993384425e-11;arid2_mut;1.5972047231517368e-10;gene-gene
646;cellularity;176.88813023549864;2.0045235539633387e-11;col22a1_mut;1.5988134784865125e-10;clinic-gene
2309;fam20c_mut;134.72178397570815;2.172861321167135e-11;alk_mut;1.7311039966926763e-10;gene-gene
1999;kdm3a_mut;146.33102517777317;2.2072875372069206e-11;lamb3_mut;1.7565282485722954e-10;gene-gene
948;myo1a_mut;171.90322855506452;2.2151294247327623e-11;thada_mut;1.7607632867585679e-10;gene-gene
506;neoplasm_histologic_grade;167.09466714790182;2.2911083949201175e-11;runx1_mut;1.819087994921234e-10;clinic-gene
1411;myo3a_mut;137.71706829789363;2.4704032396513386e-11;setd1a_mut;1.9575847331583728e-10;gene-gene
2571;nek1_mut;227.05426295337173;2.471146034987383e-11;tg_mut;1.9575847331583728e-10;gene-gene
1672;gldc_mut;269.6970430021962;2.5055709706630464e-11;ush2a_mut;1.982607516650363e-10;gene-gene
4820;ppp2r2a_mut;145.8887722330423;2.5641986258310887e-11;arid1b_mut;2.0244130845968462e-10;gene-gene
4819;ppp2r2a_mut;145.88877223304226;2.5641986258311274e-11;lamb3_mut;2.0244130845968462e-10;gene-gene
1192;mutation_count;61.15581945957614;2.620321676853999e-11;pam50_+_claudin-low_subtype;2.066386857356534e-10;clinic-clinic
3536;tumor_size;94.46296510755113;2.712082041069419e-11;prkcq_mut;2.1339321194765947e-10;clinic-gene
3387;ptpn22_mut;94.46296510755111;2.7120820410694377e-11;prkcq_mut;2.1339321194765947e-10;gene-gene
4118;prkacg_mut;111.29358600863402;2.826357472300479e-11;l1cam_mut;2.2213452934717038e-10;gene-gene
843;ep300_mut;103.655326788902;3.1421746915072934e-11;pbrm1_mut;2.466783659501288e-10;gene-gene
2663;nek1_mut;75.33530259336811;3.175101947004814e-11;gh1_mut;2.489835836556974e-10;gene-gene
3092;stk11_mut;89.93916732050171;3.4005158759692075e-11;dcaf4l2_mut;2.660627595229211e-10;gene-gene
3241;sik2_mut;89.93916732050171;3.4005158759692075e-11;dcaf4l2_mut;2.660627595229211e-10;gene-gene
6506;braf_mut;93.89217422937206;3.410892741706554e-11;casp8_mut;2.6657614749780417e-10;gene-gene
3098;stk11_mut;89.89779745529009;3.45838635467591e-11;nrg3_mut;2.6968465915313153e-10;gene-gene
3247;sik2_mut;89.89779745529009;3.45838635467591e-11;nrg3_mut;2.6968465915313153e-10;gene-gene
1593;ptprm_mut;101.47522072568107;3.536666151820921e-11;egfr_mut;2.754814537655828e-10;gene-gene
3825;taf4b_mut;105.06624178506549;3.7348658557236036e-11;arid5b_mut;2.9059585449822733e-10;gene-gene
4692;cancer_type_detailed;126.27521582295209;3.8811150650186435e-11;taf1_mut;3.009694890042759e-10;clinic-gene
4546;oncotree_code;126.27521582295209;3.8811150650186435e-11;taf1_mut;3.009694890042759e-10;clinic-gene
4400;tumor_other_histologic_subtype;126.27521582295209;3.8811150650186435e-11;taf1_mut;3.009694890042759e-10;clinic-gene
1966;kdm3a_mut;295.5543444409841;3.953035420697159e-11;dnah11_mut;3.062068568116525e-10;gene-gene
4817;ppp2r2a_mut;145.92004867273073;4.3993311031416384e-11;map2k4_mut;3.404000710703281e-10;gene-gene
6005;magea8_mut;172.55148370103328;4.7992724194863424e-11;stab2_mut;3.7093491587335255e-10;gene-gene
2808;sik1_mut;78.52812188074597;5.300227999340627e-11;clk3_mut;4.0920102797119296e-10;gene-gene
4115;prkacg_mut;111.31833918365186;5.502543786178267e-11;lifr_mut;4.2435180390758885e-10;gene-gene
4785;ppp2r2a_mut;292.1736580985656;6.505317218972204e-11;ahnak_mut;5.01131768566249e-10;gene-gene
4543;oncotree_code;126.29690263502216;7.051011466384386e-11;ctcf_mut;5.413782100618428e-10;clinic-gene
4689;cancer_type_detailed;126.29690263502216;7.051011466384386e-11;ctcf_mut;5.413782100618428e-10;clinic-gene
4397;tumor_other_histologic_subtype;126.29690263502216;7.051011466384386e-11;ctcf_mut;5.413782100618428e-10;clinic-gene
880;ep300_mut;68.83584423303384;7.435668369716044e-11;acvrl1_mut;5.702855642064325e-10;gene-gene
3677;flt3_mut;99.50137755057645;7.611722593273104e-11;egfr_mut;5.831480894649032e-10;gene-gene
5999;magea8_mut;172.5775765832485;7.680838769620738e-11;col22a1_mut;5.871555851569021e-10;gene-gene
5552;dtwd2_mut;172.57757658324846;7.680838769620846e-11;col22a1_mut;5.871555851569021e-10;gene-gene
479;neoplasm_histologic_grade;258.31279056064824;7.867203761339513e-11;dnah2_mut;6.007448380380237e-10;clinic-gene
2424;npnt_mut;203.9411761372097;7.997568156657072e-11;utrn_mut;6.100328461851852e-10;gene-gene
1841;sbno1_mut;176.8613485280152;8.42809840552505e-11;atr_mut;6.421714673871704e-10;gene-gene
2166;er_status_measured_by_ihc;125.6502836117647;8.855522715948384e-11;ctcf_mut;6.740036733805159e-10;clinic-gene
1821;sbno1_mut;264.775360160771;8.933468470004495e-11;ush2a_mut;6.791963460274364e-10;gene-gene
1007;myo1a_mut;91.47810814937833;8.960822547150939e-11;palld_mut;6.805355123580827e-10;gene-gene
1105;fanca_mut;141.87125211318562;9.908683102916268e-11;lamb3_mut;7.517043305111397e-10;gene-gene
5827;agtr2_mut;345.3955427026624;9.946233827238404e-11;map3k1_mut;7.529180471388378e-10;gene-gene
5380;prr16_mut;345.3955427026624;9.946233827238404e-11;map3k1_mut;7.529180471388378e-10;gene-gene
1379;myo3a_mut;229.13968505965403;1.0156633987745218e-10;akap9_mut;7.680130051122926e-10;gene-gene
3176;sik2_mut;180.2859229818126;1.1844124060781898e-10;col12a1_mut;8.936813694674203e-10;gene-gene
3027;stk11_mut;180.2859229818126;1.1844124060781898e-10;col12a1_mut;8.936813694674203e-10;gene-gene
4193;large1_mut;414.7422914871205;1.2120355156341582e-10;ahnak2_mut;9.135374485151955e-10;gene-gene
4823;ppp2r2a_mut;145.87630907136895;1.3028087888622308e-10;shank2_mut;9.808970913556473e-10;gene-gene
3488;tumor_size;140.9991321008752;1.3256198975845404e-10;arid1b_mut;9.969974407344654e-10;clinic-gene
1697;gldc_mut;161.52651256773714;1.344138435513788e-10;runx1_mut;1.0098381988101974e-09;gene-gene
3814;taf4b_mut;105.11902481870668;1.460000256794692e-10;cacna2d3_mut;1.0957058855235783e-09;gene-gene
3965;hdac9_mut;105.11020413715394;1.4648331058136761e-10;aff2_mut;1.0981533165579566e-09;gene-gene
6293;nt5e_mut;189.9228671846679;1.5174523627354479e-10;notch1_mut;1.1363815282350025e-09;gene-gene
3157;sik2_mut;270.9491487589825;1.524133075127051e-10;cdh1_mut;1.1401625049157072e-09;gene-gene
6271;nt5e_mut;380.0930535128265;1.5317939499119883e-10;kmt2c_mut;1.1446678425705949e-09;gene-gene
3680;flt3_mut;99.49207388519012;1.558860040027122e-10;erbb4_mut;1.1636490491099893e-09;gene-gene
3087;stk11_mut;89.94953729336393;1.6465158772468312e-10;smad4_mut;1.2264612403330075e-09;gene-gene
3236;sik2_mut;89.94953729336393;1.6465158772468312e-10;smad4_mut;1.2264612403330075e-09;gene-gene
3089;stk11_mut;89.93916732050171;1.653311205716917e-10;prkcq_mut;1.2289027015259681e-09;gene-gene
3239;sik2_mut;89.93916732050171;1.653311205716917e-10;smarcc1_mut;1.2289027015259681e-09;gene-gene
1512;ptprm_mut;476.3175555637141;1.7651865031193964e-10;muc16_mut;1.3106650475340301e-09;gene-gene
2945;type_of_breast_surgery;85.80591929591061;1.8196778550350166e-10;cdkn1b_mut;1.3496909950243802e-09;clinic-gene
6636;ccnd3_mut;104.51219956824177;1.8323065906116416e-10;cacna2d3_mut;1.3561786174368157e-09;gene-gene
6785;nr3c1_mut;104.51219956824177;1.8323065906116416e-10;cacna2d3_mut;1.3561786174368157e-09;gene-gene
3618;flt3_mut;199.42932103150537;1.9149457673021305e-10;arid1a_mut;1.4158440292211626e-09;gene-gene
1420;myo3a_mut;125.03742175535942;1.9762549196589814e-10;asxl2_mut;1.4596292942555289e-09;gene-gene
1011;myo1a_mut;79.55058211603682;2.0049599701809774e-10;gps2_mut;1.4792666643774539e-09;gene-gene
4113;prkacg_mut;111.32660789131377;2.0171026320353296e-10;arid2_mut;1.4866557056994566e-09;gene-gene
4928;nf2_mut;475.139060603381;2.2165301469108826e-10;muc16_mut;1.6319174011028806e-09;gene-gene
1071;fanca_mut;287.1085474485577;2.2451610107889076e-10;ahnak_mut;1.651256840250747e-09;gene-gene
1364;myo3a_mut;411.48867764403036;2.375469261768097e-10;ahnak2_mut;1.7452580159804098e-09;gene-gene
2580;nek1_mut;188.18018662409082;2.5244600882116304e-10;ncor2_mut;1.8527733861696074e-09;gene-gene
6269;nt5e_mut;474.4039112238903;2.553671069538323e-10;muc16_mut;1.8722455155156623e-09;gene-gene
1397;myo3a_mut;167.08066264111181;2.604900966008695e-10;stab2_mut;1.9078032546648588e-09;gene-gene
2422;npnt_mut;218.31544845822964;2.7740605143642975e-10;tg_mut;2.0295665773678895e-09;gene-gene
1121;fanca_mut;122.29722360470349;2.8642578041394174e-10;pik3r1_mut;2.091546766771367e-09;gene-gene
2513;npnt_mut;72.42346310906821;2.864763497638755e-10;prkce_mut;2.091546766771367e-09;gene-gene
3969;hdac9_mut;105.08379857498171;2.875878741992036e-10;l1cam_mut;2.0974702265447133e-09;gene-gene
1126;fanca_mut;122.20664304402261;2.955995297653225e-10;fancd2_mut;2.152479220978553e-09;gene-gene
2798;sik1_mut;78.61172190144745;2.9574639360804503e-10;gps2_mut;2.152479220978553e-09;gene-gene
3669;flt3_mut;99.5386915571873;3.0641173595003617e-10;ncoa3_mut;2.227782309139337e-09;gene-gene
5404;prr16_mut;172.57234656882963;3.0948190015760436e-10;pten_mut;2.2477651106041387e-09;gene-gene
5704;ctnna1_mut;172.5619037157373;3.1045591144092217e-10;atr_mut;2.2524978745978434e-09;gene-gene
1063;fanca_mut;294.56968202258037;3.607357068441283e-10;pik3ca_mut;2.614585460290378e-09;gene-gene
1079;fanca_mut;224.3621514527116;3.687879953548478e-10;herc2_mut;2.670177951859401e-09;gene-gene
5023;nf2_mut;78.02084823334931;3.7753276388783194e-10;gps2_mut;2.7306639971886974e-09;gene-gene
5329;clrn2_mut;77.99909846421474;3.8093830406279866e-10;rpgr_mut;2.75244667061714e-09;gene-gene
2947;type_of_breast_surgery;85.8059192959106;3.973657905183034e-10;men1_mut;2.8681764239167214e-09;clinic-gene
2948;type_of_breast_surgery;85.79503503461623;3.990908605911701e-10;brip1_mut;2.8776551526837e-09;clinic-gene
6731;nr3c1_mut;211.13450344925172;4.1407983304771817e-10;pde4dip_mut;2.9826554572210377e-09;gene-gene
3453;tumor_size;284.51031296689473;4.2020202189781047e-10;ahnak_mut;3.023637000000002e-09;clinic-gene
1065;fanca_mut;471.71871244304737;4.2707537619256217e-10;muc16_mut;3.069933799853325e-09;gene-gene
3790;taf4b_mut;138.98835998246392;4.37702832439702e-10;ptprd_mut;3.143093206840902e-09;gene-gene
1016;myo1a_mut;79.50318875870585;4.698526925345418e-10;ttyh1_mut;3.3704935962411125e-09;gene-gene
1078;fanca_mut;245.65644137428012;4.894310522730398e-10;dnah5_mut;3.507338217673568e-09;gene-gene
2165;er_status_measured_by_ihc;125.65028361176469;5.004666609780137e-10;apc_mut;3.5827464756694484e-09;clinic-gene
1165;fanca_mut;79.29925943710266;5.106471106540975e-10;ttyh1_mut;3.651884710481248e-09;gene-gene
3529;tumor_size;94.50231441734621;5.201036505823895e-10;map3k10_mut;3.7157098227189727e-09;clinic-gene
1167;fanca_mut;81.23382540374918;5.207921886302183e-10;map3k13_mut;3.7168284187531512e-09;gene-gene
1693;gldc_mut;161.6619291566986;5.386605614129856e-10;thada_mut;3.84042994142095e-09;gene-gene
5378;prr16_mut;345.56363167614404;5.534591037484868e-10;syne1_mut;3.937900975448981e-09;gene-gene
5825;agtr2_mut;345.5636316761439;5.534591037485187e-10;syne1_mut;3.937900975448981e-09;gene-gene
2202;er_status_measured_by_ihc;76.97089315871398;5.820618654620956e-10;gps2_mut;4.137198630705659e-09;clinic-gene
3001;stk11_mut;406.96123607698183;5.984912010616692e-10;ahnak2_mut;4.249652461197035e-09;gene-gene
2305;fam20c_mut;134.80313336127142;6.060809560504237e-10;thsd7a_mut;4.29917526895869e-09;gene-gene
3675;flt3_mut;99.5106911345826;6.078491958217554e-10;setdb1_mut;4.307345163495543e-09;gene-gene
1416;myo3a_mut;125.05955349058766;6.118255125221647e-10;alk_mut;4.331129540012527e-09;gene-gene
544;neoplasm_histologic_grade;102.9562445777518;6.301764783794525e-10;bap1_mut;4.456521310159144e-09;clinic-gene
2880;type_of_breast_surgery;170.17663803245802;6.343158846105606e-10;pten_mut;4.48125893404852e-09;clinic-gene
4109;prkacg_mut;111.3431718656558;6.930365597327541e-10;foxo3_mut;4.891158023083588e-09;gene-gene
2740;sik1_mut;157.56637772524292;7.429730658256694e-10;nf1_mut;5.238297488318823e-09;gene-gene
788;ep300_mut;190.27952818341305;7.443314588129017e-10;col6a3_mut;5.2425845793606295e-09;gene-gene
5557;dtwd2_mut;172.55669085827188;7.594000471913691e-10;ncor1_mut;5.343331449875222e-09;gene-gene
597;cellularity;48.35692260937133;7.95164276294075e-10;cohort;5.589348891817609e-09;clinic-clinic
1731;gldc_mut;107.45528089887637;8.181190024171613e-10;arid2_mut;5.7449220802901566e-09;gene-gene
6290;nt5e_mut;189.93235294633257;8.211712983064724e-10;col6a3_mut;5.754788225945238e-09;gene-gene
6439;braf_mut;189.93235294633254;8.211712983064837e-10;col6a3_mut;5.754788225945238e-09;gene-gene
2938;type_of_breast_surgery;85.838641553802;8.345799417946866e-10;smad4_mut;5.842895845009494e-09;clinic-gene
2942;type_of_breast_surgery;85.82772253703621;8.381635304862968e-10;palld_mut;5.8562485875078384e-09;clinic-gene
2941;type_of_breast_surgery;85.82772253703618;8.381635304863086e-10;smarcc1_mut;5.8562485875078384e-09;clinic-gene
794;ep300_mut;173.6863140198376;8.436022352567791e-10;col12a1_mut;5.888360457281833e-09;gene-gene
5251;clrn2_mut;158.25939045467763;9.572937627540266e-10;cbfb_mut;6.668605703252725e-09;gene-gene
4953;nf2_mut;158.25939045467766;9.572937627540407e-10;cbfb_mut;6.668605703252725e-09;gene-gene
1895;sbno1_mut;87.2150000227435;1.0160384419074636e-09;agmo_mut;7.070777483672757e-09;gene-gene
3763;taf4b_mut;210.61573643778345;1.032775164968134e-09;birc6_mut;7.180099579733684e-09;gene-gene
1018;myo1a_mut;79.47952977359074;1.0566885370026524e-09;map3k13_mut;7.339048516935918e-09;gene-gene
2365;fam20c_mut;67.18891798933453;1.0710235287311503e-09;gh1_mut;7.423850590520384e-09;gene-gene
2368;fam20c_mut;67.18891798933453;1.0710235287311503e-09;chek2_mut;7.423850590520384e-09;gene-gene
4248;large1_mut;118.39784465860086;1.102689858034938e-09;pik3r1_mut;7.635772089286534e-09;gene-gene
4251;large1_mut;118.3822348108817;1.1086139570636929e-09;ctcf_mut;7.669193780202002e-09;gene-gene
5551;dtwd2_mut;172.58805383496562;1.1640037874425563e-09;col12a1_mut;8.028523655341816e-09;gene-gene
5402;prr16_mut;172.58805383496565;1.1640037874425727e-09;col12a1_mut;8.028523655341816e-09;gene-gene
5998;magea8_mut;172.5880538349656;1.1640037874425733e-09;col12a1_mut;8.028523655341816e-09;gene-gene
3753;taf4b_mut;262.66899926555243;1.1780204940722852e-09;cdh1_mut;8.117188552350153e-09;gene-gene
724;cellularity;68.91812227041855;1.268981130739596e-09;prkcz_mut;8.735341044805475e-09;clinic-gene
2575;nek1_mut;188.27129696382087;1.3114994216747094e-09;col6a3_mut;9.019140215788578e-09;gene-gene
662;cellularity;138.69567239139514;1.3385617960153547e-09;shank2_mut;9.196195937816406e-09;clinic-gene
2019;kdm3a_mut;117.73819163292846;1.3825132493261123e-09;asxl1_mut;9.488821289824701e-09;gene-gene
3232;sik2_mut;89.98071350905998;1.452196242073633e-09;smarcc2_mut;9.947544258204388e-09;gene-gene
3083;stk11_mut;89.98071350905998;1.452196242073633e-09;smarcc2_mut;9.947544258204388e-09;gene-gene
3086;stk11_mut;89.94953729336393;1.4695521581114251e-09;zfp36l1_mut;1.0056572897869274e-08;gene-gene
2805;sik1_mut;78.57581733264142;1.5192405537356934e-09;map3k13_mut;1.0386432239678365e-08;gene-gene
5109;ldlrap1_mut;158.17184947577888;1.5552386878928234e-09;thada_mut;1.0611770226862458e-08;gene-gene
5258;clrn2_mut;158.17184947577888;1.5552386878928234e-09;thada_mut;1.0611770226862458e-08;gene-gene
3642;flt3_mut;131.58159597430736;1.7401204667421473e-09;usp9x_mut;1.186167970841696e-08;gene-gene
4930;nf2_mut;368.23886378054294;1.865983741230685e-09;kmt2c_mut;1.2707240155924753e-08;gene-gene
4049;prkacg_mut;278.18752085418754;1.8832602625761166e-09;ahnak_mut;1.2812404532248615e-08;gene-gene
2276;fam20c_mut;202.55050868784184;1.969008388099203e-09;tbx3_mut;1.3382744754522501e-08;gene-gene
4074;prkacg_mut;166.27772600186393;2.0108002207431584e-09;atr_mut;1.3653509370585469e-08;gene-gene
1548;ptprm_mut;152.76508490673692;2.02633761492735e-09;runx1_mut;1.3745651374269315e-08;gene-gene
3175;sik2_mut;180.35597884898328;2.3809247772611056e-09;ncor2_mut;1.613532630332041e-08;gene-gene
1406;myo3a_mut;84.85827619653216;2.5295806664141627e-09;sf3b1_mut;1.7126143523484258e-08;gene-gene
6440;braf_mut;189.9276074422255;2.7498425955396904e-09;arid1a_mut;1.8599370972929154e-08;gene-gene
3077;stk11_mut;89.99112773889449;2.8705693331355423e-09;chd1_mut;1.9397164342957477e-08;gene-gene
3231;sik2_mut;89.98071350906;2.8818242381688047e-09;map3k10_mut;1.9416881342416043e-08;gene-gene
3081;stk11_mut;89.98071350906;2.8818242381688047e-09;egfr_mut;1.9416881342416043e-08;gene-gene
3230;sik2_mut;89.98071350906;2.8818242381688047e-09;egfr_mut;1.9416881342416043e-08;gene-gene
3426;tumor_size;45.621811061163704;2.9520622610693327e-09;cohort;1.9870962445174786e-08;clinic-clinic
2260;fam20c_mut;242.61202945844263;2.9550650056649786e-09;gata3_mut;1.987203002365852e-08;gene-gene
1377;myo3a_mut;216.36754249677324;3.029535618542532e-09;herc2_mut;2.0353235929573723e-08;gene-gene
837;ep300_mut;103.76306197106197;3.055565345533714e-09;arid2_mut;2.050839103673781e-08;gene-gene
2801;sik1_mut;78.58777282389903;3.2531041899720377e-09;nrg3_mut;2.181328116634801e-08;gene-gene
1677;gldc_mut;215.82215962559383;3.4890023607473163e-09;akap9_mut;2.3372636140500002e-08;gene-gene
6878;tbl1xr1_mut;237.57949729024398;3.731086071146448e-09;dnah5_mut;2.497040074626459e-08;gene-gene
4962;nf2_mut;158.16028583417042;3.8173558785721465e-09;stab2_mut;2.552331629051061e-08;gene-gene
4094;prkacg_mut;111.46012031448925;3.8400046594773075e-09;erbb3_mut;2.5650203208191156e-08;gene-gene
3377;ptpn22_mut;94.51217796368479;3.853762128204068e-09;setdb1_mut;2.5717512884204226e-08;gene-gene
6288;nt5e_mut;189.95615947082138;4.0344803678628884e-09;utrn_mut;2.6897819017421756e-08;gene-gene
2013;kdm3a_mut;117.80116474841986;4.082431513702742e-09;adgra2_mut;2.7191562427303206e-08;gene-gene
3466;tumor_size;189.50760725874298;4.55873229465586e-09;utrn_mut;3.030624409396812e-08;clinic-gene
3317;ptpn22_mut;189.50760725874298;4.55873229465586e-09;utrn_mut;3.030624409396812e-08;gene-gene
2110;er_status_measured_by_ihc;335.64147229754155;4.653102427362248e-09;syne1_mut;3.090420785169204e-08;clinic-gene
1725;gldc_mut;107.52446258896633;4.769019799324407e-09;ctnna3_mut;3.1644008867881894e-08;gene-gene
1155;fanca_mut;81.34956320302636;4.7976264591675396e-09;smarcc1_mut;3.1803620559965464e-08;gene-gene
3076;stk11_mut;90.01198954188209;5.537523403526294e-09;pbrm1_mut;3.6673626559657076e-08;gene-gene
1385;myo3a_mut;187.269472861304;5.690504775768576e-09;arid1a_mut;3.765109551921879e-08;gene-gene
4329;tumor_other_histologic_subtype;472.44159737442635;5.831457448334861e-09;nottingham_prognostic_index;3.847440339142179e-08;clinic-clinic
4475;oncotree_code;472.44159737442635;5.831457448334861e-09;nottingham_prognostic_index;3.847440339142179e-08;clinic-clinic
4621;cancer_type_detailed;472.44159737442635;5.831457448334861e-09;nottingham_prognostic_index;3.847440339142179e-08;clinic-clinic
4956;nf2_mut;158.18924248606012;5.8544760534286945e-09;col22a1_mut;3.85898341370814e-08;gene-gene
1530;ptprm_mut;203.9868152214296;5.996174398458004e-09;birc6_mut;3.94865886164242e-08;gene-gene
1836;sbno1_mut;177.04552753643662;6.0239058756227165e-09;ncor2_mut;3.963185532295284e-08;gene-gene
2800;sik1_mut;78.59974100676092;6.777513426678792e-09;brip1_mut;4.4547964545818176e-08;gene-gene
2934;type_of_breast_surgery;85.87146841134573;6.875827375020469e-09;smarcc2_mut;4.5151697245552653e-08;clinic-gene
1863;sbno1_mut;117.80116474841984;6.963179464896083e-09;alk_mut;4.568238020772669e-08;gene-gene
3367;ptpn22_mut;94.571580775912;7.090842548200222e-09;cacna2d3_mut;4.647628225541741e-08;gene-gene
3518;tumor_size;94.56165384951451;7.116310473108858e-09;aff2_mut;4.655586261761385e-08;clinic-gene
3369;ptpn22_mut;94.56165384951451;7.116310473108858e-09;aff2_mut;4.655586261761385e-08;gene-gene
2137;er_status_measured_by_ihc;62.71183385807604;7.199235792842382e-09;akt1_mut;4.7054312894845395e-08;clinic-gene
2589;nek1_mut;151.28604198295864;7.787269157683647e-09;myh9_mut;5.085013981750995e-08;gene-gene
3745;taf4b_mut;456.00993392862233;7.876119721262205e-09;muc16_mut;5.1382304848234385e-08;gene-gene
4305;large1_mut;58.13272583201269;8.161237943904443e-09;acvrl1_mut;5.3192695442220474e-08;gene-gene
1778;gldc_mut;53.55235070086441;8.43037151979622e-09;frmd3_mut;5.489562517131052e-08;gene-gene
1184;fanca_mut;40.46001529296862;8.512046852409094e-09;ndfip1_mut;5.537585787503011e-08;gene-gene
771;ep300_mut;238.26483439233732;8.545534154450818e-09;gata3_mut;5.5541997336881736e-08;gene-gene
4530;oncotree_code;126.37702270613649;9.29451051312992e-09;usp9x_mut;6.02418784371417e-08;clinic-gene
4384;tumor_other_histologic_subtype;126.37702270613649;9.29451051312992e-09;usp9x_mut;6.02418784371417e-08;clinic-gene
4676;cancer_type_detailed;126.37702270613649;9.29451051312992e-09;usp9x_mut;6.02418784371417e-08;clinic-gene
515;neoplasm_histologic_grade;129.27797212059224;9.910318065229635e-09;ptprd_mut;6.417367221664454e-08;clinic-gene
3006;stk11_mut;270.98884758364323;9.930592255194065e-09;ahnak_mut;6.424541489540827e-08;gene-gene
3599;flt3_mut;331.83170167623325;1.0312935108654535e-08;syne1_mut;6.665724107693731e-08;gene-gene
3073;stk11_mut;90.02243715063935;1.0515063277899305e-08;ncoa3_mut;6.783817832195978e-08;gene-gene
3222;sik2_mut;90.02243715063935;1.0515063277899305e-08;ncoa3_mut;6.783817832195978e-08;gene-gene
3080;stk11_mut;89.9911277388945;1.0635943285542662e-08;arid5b_mut;6.855473776391751e-08;gene-gene
3809;taf4b_mut;105.1544020859846;1.0783258514899565e-08;ctnna3_mut;6.9440209441109e-08;gene-gene
3810;taf4b_mut;105.1455435576223;1.0816028981109989e-08;brca1_mut;6.95871035828872e-08;gene-gene
2646;nek1_mut;75.47269804003454;1.1066930649749845e-08;dcaf4l2_mut;7.113582746071957e-08;gene-gene
4346;tumor_other_histologic_subtype;253.24731464648258;1.114874827776659e-08;cdh1_mut;7.146449928142676e-08;clinic-gene
4638;cancer_type_detailed;253.24731464648258;1.114874827776659e-08;cdh1_mut;7.146449928142676e-08;clinic-gene
4492;oncotree_code;253.24731464648258;1.114874827776659e-08;cdh1_mut;7.146449928142676e-08;clinic-gene
2648;nek1_mut;75.44759765041518;1.1176054914211962e-08;cdkn1b_mut;7.157387322236386e-08;gene-gene
2652;nek1_mut;75.42255052422207;1.1286010336452666e-08;nrg3_mut;7.221186283955566e-08;gene-gene
1860;sbno1_mut;117.88026346741941;1.1438913973684385e-08;afdn_mut;7.31232314127473e-08;gene-gene
6730;nr3c1_mut;211.17739163966078;1.1461397362496544e-08;herc2_mut;7.319998480051495e-08;gene-gene
1865;sbno1_mut;117.80116474841985;1.1737860784424071e-08;ubr5_mut;7.48971993614347e-08;gene-gene
4103;prkacg_mut;111.39307728781414;1.1816731716714569e-08;asxl1_mut;7.533166469405537e-08;gene-gene
4104;prkacg_mut;111.38473739439924;1.1849667586038042e-08;fancd2_mut;7.547276884562242e-08;gene-gene
1529;ptprm_mut;204.11118436902578;1.1945751247799909e-08;tg_mut;7.601544988012566e-08;gene-gene
1664;gldc_mut;330.7597041633705;1.2872790871611878e-08;syne1_mut;8.184002713371446e-08;gene-gene
3372;ptpn22_mut;94.54183179680408;1.3239930601337595e-08;bap1_mut;8.402124896598163e-08;gene-gene
3521;tumor_size;94.54183179680408;1.3239930601337595e-08;bap1_mut;8.402124896598163e-08;clinic-gene
2928;type_of_breast_surgery;85.8824340282935;1.3287049059983013e-08;chd1_mut;8.424374934854928e-08;clinic-gene
1409;myo3a_mut;125.23746871562255;1.3347878351490158e-08;usp9x_mut;8.455269813405415e-08;gene-gene
3007;stk11_mut;270.9789056570509;1.3416486567613307e-08;dnah11_mut;8.483347660444963e-08;gene-gene
3156;sik2_mut;270.97890565705086;1.3416486567613689e-08;dnah11_mut;8.483347660444963e-08;gene-gene
2355;fam20c_mut;67.28766776198584;1.3525199226435856e-08;fbxw7_mut;8.544355062848764e-08;gene-gene
1412;myo3a_mut;125.19284580955951;1.353789841429358e-08;thsd7a_mut;8.54465187178584e-08;gene-gene
2790;sik1_mut;78.64774105930283;1.3570331422722069e-08;smad4_mut;8.55739220672916e-08;gene-gene
2792;sik1_mut;78.63572190739043;1.363293393403944e-08;prkcq_mut;8.58137922496705e-08;gene-gene
2791;sik1_mut;78.63572190739042;1.3632933934039537e-08;casp8_mut;8.58137922496705e-08;gene-gene
1724;gldc_mut;107.55916477793312;1.4452961860540419e-08;kdm6a_mut;9.089364943257957e-08;gene-gene
1371;myo3a_mut;251.97862583913388;1.4987320137581924e-08;cdh1_mut;9.406089747498171e-08;gene-gene
4378;tumor_other_histologic_subtype;126.41375674219066;1.5010433760498727e-08;lamb3_mut;9.406089747498171e-08;clinic-gene
4670;cancer_type_detailed;126.41375674219066;1.5010433760498727e-08;lamb3_mut;9.406089747498171e-08;clinic-gene
4524;oncotree_code;126.41375674219066;1.5010433760498727e-08;lamb3_mut;9.406089747498171e-08;clinic-gene
4240;large1_mut;118.460621377359;1.5813358441619975e-08;setd1a_mut;9.900352637240033e-08;gene-gene
832;ep300_mut;103.84416630878333;1.687044238073381e-08;brca1_mut;1.055271091443036e-07;gene-gene
2273;fam20c_mut;202.7242558158926;1.7043890088530158e-08;tg_mut;1.0651669056221845e-07;gene-gene
783;ep300_mut;208.9415954734813;2.014334126422566e-08;akap9_mut;1.2577437481067443e-07;gene-gene
5846;agtr2_mut;172.65672066545673;2.0202641059002185e-08;notch1_mut;1.259195834783678e-07;gene-gene
5697;ctnna1_mut;172.6567206654567;2.0202641059002473e-08;notch1_mut;1.259195834783678e-07;gene-gene
5997;magea8_mut;172.62490605257562;2.0378845028198108e-08;ncor2_mut;1.2690462585741548e-07;gene-gene
5106;ldlrap1_mut;158.18343846235533;2.0788574865706548e-08;pten_mut;1.2934084825172898e-07;gene-gene
5108;ldlrap1_mut;158.1718494757789;2.0856961742890025e-08;atr_mut;1.295356370645128e-07;gene-gene
4959;nf2_mut;158.17184947577886;2.0856961742890637e-08;atr_mut;1.295356370645128e-07;gene-gene
1404;myo3a_mut;125.3494492332766;2.0964199264118242e-08;arid1b_mut;1.3008602154386693e-07;gene-gene
3903;hdac9_mut;235.79816955276291;2.1309084571234774e-08;dnah2_mut;1.3210876122379536e-07;gene-gene
1775;gldc_mut;53.60589912371815;2.2430627238346602e-08;cdkn2a_mut;1.389386458460352e-07;gene-gene
2650;nek1_mut;75.44759765041519;2.293889499521404e-08;men1_mut;1.4196108001023958e-07;gene-gene
1831;sbno1_mut;177.16967254598686;2.7598492336223132e-08;col6a3_mut;1.7064660703822216e-07;gene-gene
1833;sbno1_mut;177.13853335412205;2.782946833692666e-08;lama2_mut;1.7192263065438246e-07;gene-gene
2359;fam20c_mut;67.25937878176686;2.9983405655778835e-08;rpgr_mut;1.85065419891278e-07;gene-gene
548;neoplasm_histologic_grade;79.94461945488474;3.241406324157167e-08;jak1_mut;1.9989149149943626e-07;clinic-gene
1183;fanca_mut;40.48379572040504;3.437548009340324e-08;mtap_mut;2.1180024639559826e-07;gene-gene
1410;myo3a_mut;125.23746871562255;3.4964103325720655e-08;setd2_mut;2.1523717175049355e-07;gene-gene
1576;ptprm_mut;101.6771227660854;3.517065195241328e-08;ctnna3_mut;2.1631808555590808e-07;gene-gene
1577;ptprm_mut;101.65866972377938;3.539027720774894e-08;brca1_mut;2.174774554534229e-07;gene-gene
485;neoplasm_histologic_grade;194.32943053225995;3.550405243111141e-08;pde4dip_mut;2.179848983621928e-07;clinic-gene
3069;stk11_mut;90.0538470203898;3.5715164555379153e-08;cacna2d3_mut;2.1908854675016168e-07;gene-gene
3220;sik2_mut;90.04336587197675;3.5848099651492076e-08;aff2_mut;2.196098767646233e-07;gene-gene
6877;tbl1xr1_mut;237.59070537360495;3.5863012650412935e-08;ryr2_mut;2.196098767646233e-07;gene-gene
4153;prkacg_mut;54.642210921280686;3.6831438985009725e-08;gpr32_mut;2.2534261312457351e-07;gene-gene
4156;prkacg_mut;54.63413334094791;3.6959488105066903e-08;acvrl1_mut;2.2574470617917e-07;gene-gene
4814;ppp2r2a_mut;145.96412234633425;3.696177814068563e-08;myh9_mut;2.2574470617917e-07;gene-gene
1989;kdm3a_mut;58.75837668207146;3.7974360179111385e-08;akt1_mut;2.3172651054275218e-07;gene-gene
2071;kdm3a_mut;58.70841916481451;3.877581244061082e-08;chek2_mut;2.36410647052834e-07;gene-gene
2212;er_status_measured_by_ihc;62.69550364309524;3.9293404938522024e-08;clk3_mut;2.3935747193151996e-07;clinic-gene
3662;flt3_mut;99.58555878845641;4.1186920964977075e-08;foxo3_mut;2.506733595664589e-07;gene-gene
1720;gldc_mut;107.61135791437486;4.131099074425812e-08;ctcf_mut;2.512096538991571e-07;gene-gene
2582;nek1_mut;151.39593699522888;4.1454502653428734e-08;col22a1_mut;2.5186313916478834e-07;gene-gene
1722;gldc_mut;107.57654381298732;4.178556326555243e-08;fancd2_mut;2.536539796146089e-07;gene-gene
3515;tumor_size;94.571580775912;4.251092408267889e-08;brca2_mut;2.5783318278270606e-07;clinic-gene
4244;large1_mut;118.42916533418611;4.3127218488789206e-08;rb1_mut;2.6134421125860383e-07;gene-gene
4873;ppp2r2a_mut;71.92229284086822;4.394313302153125e-08;cdkn1b_mut;2.6605777332880316e-07;gene-gene
2644;nek1_mut;75.47269804003454;4.543808407556682e-08;smarcc1_mut;2.7439575923594435e-07;gene-gene
2643;nek1_mut;75.47269804003454;4.543808407556682e-08;prkcq_mut;2.7439575923594435e-07;gene-gene
2645;nek1_mut;75.47269804003453;4.5438084075567144e-08;palld_mut;2.7439575923594435e-07;gene-gene
4961;nf2_mut;158.16606449205293;4.6901136731736134e-08;ncor1_mut;2.829863923528846e-07;gene-gene
1971;kdm3a_mut;236.34183202639954;4.794549708665973e-08;ryr2_mut;2.8903812609533354e-07;gene-gene
5082;ldlrap1_mut;316.6294048200315;4.8550460984147195e-08;map3k1_mut;2.924328197381349e-07;gene-gene
3168;sik2_mut;180.48752659512292;5.0529708638944106e-08;utrn_mut;3.038305286233283e-07;gene-gene
3019;stk11_mut;180.4875265951229;5.052970863894483e-08;utrn_mut;3.038305286233283e-07;gene-gene
3899;hdac9_mut;316.27408141352936;5.217614427471007e-08;map3k1_mut;3.1346063632622466e-07;gene-gene
1367;myo3a_mut;230.63263480264033;5.252995764844667e-08;gata3_mut;3.153151323794647e-07;gene-gene
3807;taf4b_mut;105.17214765728548;5.4622525888532946e-08;taf1_mut;3.275944964662487e-07;gene-gene
4008;hdac9_mut;51.52484602316797;5.5585551839993685e-08;cdkn2a_mut;3.3308426304119716e-07;gene-gene
4101;prkacg_mut;111.40142614403764;5.593914034060282e-08;apc_mut;3.349158299569768e-07;gene-gene
1774;gldc_mut;53.60589912371815;5.745184392538264e-08;acvrl1_mut;3.436781108789799e-07;gene-gene
3467;tumor_size;189.4980128660301;6.023794184343286e-08;tbx3_mut;3.600363555689182e-07;clinic-gene
869;ep300_mut;69.02823349330238;6.594503575208383e-08;map3k13_mut;3.938102263246237e-07;gene-gene
4955;nf2_mut;158.2008696466103;6.890299198600384e-08;col12a1_mut;4.1112314688830814e-07;gene-gene
2498;npnt_mut;72.54081128169261;6.970192077061662e-08;bcas3_mut;4.1553525633472553e-07;gene-gene
1390;myo3a_mut;158.08458613855893;7.113544087529935e-08;col12a1_mut;4.2371979999634834e-07;gene-gene
3517;tumor_size;94.57158077591201;7.47506509959534e-08;arid2_mut;4.4449599873083096e-07;clinic-gene
3368;ptpn22_mut;94.57158077591201;7.47506509959534e-08;arid2_mut;4.4449599873083096e-07;gene-gene
3558;tumor_size;46.25030455645179;7.814273489085315e-08;kras_mut;4.64271503981625e-07;clinic-gene
1626;ptprm_mut;50.6747758354436;8.040971113109231e-08;cdkn2a_mut;4.773344534179626e-07;gene-gene
1110;fanca_mut;122.50246201834351;8.097991298578082e-08;ptprd_mut;4.803112496024198e-07;gene-gene
829;ep300_mut;103.92553171196946;8.220182347338747e-08;taf1_mut;4.871451574288027e-07;gene-gene
4480;oncotree_code;38.547244603018775;8.639797020410688e-08;tumor_stage;5.107128746329059e-07;clinic-clinic
4334;tumor_other_histologic_subtype;38.547244603018775;8.639797020410688e-08;tumor_stage;5.107128746329059e-07;clinic-clinic
4626;cancer_type_detailed;38.547244603018775;8.639797020410688e-08;tumor_stage;5.107128746329059e-07;clinic-clinic
2067;kdm3a_mut;58.724674232870946;8.87154005713888e-08;prkce_mut;5.235257633380858e-07;gene-gene
1918;sbno1_mut;58.724674232870946;8.87154005713888e-08;prkce_mut;5.235257633380858e-07;gene-gene
3950;hdac9_mut;105.21667863637029;9.023395221442811e-08;pik3r1_mut;5.320376574870964e-07;gene-gene
3804;taf4b_mut;105.1988375305102;9.075762617022024e-08;ctcf_mut;5.342069245745195e-07;gene-gene
5992;magea8_mut;172.66737248659288;9.09076904707462e-08;col6a3_mut;5.342069245745195e-07;gene-gene
5694;ctnna1_mut;172.66737248659288;9.09076904707462e-08;col6a3_mut;5.342069245745195e-07;gene-gene
5545;dtwd2_mut;172.66737248659288;9.09076904707462e-08;col6a3_mut;5.342069245745195e-07;gene-gene
5398;prr16_mut;172.65672066545676;9.116157607695018e-08;lama2_mut;5.352486823946647e-07;gene-gene
3806;taf4b_mut;105.18103473083553;9.128315866660725e-08;fancd2_mut;5.355125353514567e-07;gene-gene
2272;fam20c_mut;202.76471030410343;9.280094118856558e-08;akap9_mut;5.439598792655266e-07;gene-gene
1563;ptprm_mut;101.90011195692912;9.498475541911619e-08;erbb3_mut;5.562937855099454e-07;gene-gene
2786;sik1_mut;78.68387535564901;9.846554987208257e-08;smarcc2_mut;5.761966473670359e-07;gene-gene
3299;ptpn22_mut;380.09149050450293;1.0563784345192675e-07;ahnak2_mut;6.176498846850312e-07;gene-gene
6772;nr3c1_mut;104.55524566991991;1.1178730490630143e-07;pik3r1_mut;6.530584442979332e-07;gene-gene
1978;kdm3a_mut;177.24782293178515;1.1694288287982832e-07;utrn_mut;6.826064516970429e-07;gene-gene
716;cellularity;69.05583431707569;1.3192807280754217e-07;nrg3_mut;7.694335932439875e-07;clinic-gene
446;neoplasm_histologic_grade;40.24134012182512;1.3350236297610747e-07;cancer_type_detailed;7.773175084283858e-07;clinic-clinic
461;neoplasm_histologic_grade;40.24134012182512;1.3350236297610747e-07;oncotree_code;7.773175084283858e-07;clinic-clinic
2492;npnt_mut;72.56704123375322;1.3545350620802856e-07;smad4_mut;7.880213554333851e-07;gene-gene
2495;npnt_mut;72.55391928538053;1.3611907124942836e-07;smarcc1_mut;7.912345680696805e-07;gene-gene
2583;nek1_mut;151.383672912581;1.3838810887994608e-07;pten_mut;8.037553755146993e-07;gene-gene
596;cellularity;42.60958926345357;1.3934256036923013e-07;pam50_+_claudin-low_subtype;8.067706825525755e-07;clinic-clinic
4645;cancer_type_detailed;188.89922557088238;1.3936914467453252e-07;pde4dip_mut;8.067706825525755e-07;clinic-gene
4353;tumor_other_histologic_subtype;188.89922557088238;1.3936914467453252e-07;pde4dip_mut;8.067706825525755e-07;clinic-gene
4499;oncotree_code;188.89922557088238;1.3936914467453252e-07;pde4dip_mut;8.067706825525755e-07;clinic-gene
3482;tumor_size;141.10974108784112;1.478357898224647e-07;myh9_mut;8.550733969284445e-07;clinic-gene
3802;taf4b_mut;105.21667863637028;1.493622705080623e-07;asxl2_mut;8.631879107029209e-07;gene-gene
553;neoplasm_histologic_grade;77.33391030159775;1.608617020322837e-07;smarcc2_mut;9.288766215698893e-07;clinic-gene
4779;ppp2r2a_mut;438.6611420187074;1.6194873451310988e-07;muc16_mut;9.343813443791072e-07;gene-gene
5675;ctnna1_mut;345.57373240840036;1.6317345900205437e-07;kmt2c_mut;9.391210527573468e-07;gene-gene
5377;prr16_mut;345.57373240840036;1.6317345900205437e-07;kmt2c_mut;9.391210527573468e-07;gene-gene
5526;dtwd2_mut;345.5737324084003;1.631734590020637e-07;kmt2c_mut;9.391210527573468e-07;gene-gene
2632;nek1_mut;75.53568315950847;1.6511955561803318e-07;jak1_mut;9.495393704553068e-07;gene-gene
5530;dtwd2_mut;258.2419440042261;1.6637556253092812e-07;ahnak_mut;9.559753745095353e-07;gene-gene
3302;ptpn22_mut;225.40637592047227;1.755111002842719e-07;gata3_mut;1.0076385026180835e-06;gene-gene
2785;sik1_mut;78.68387535564898;1.8320711910374776e-07;map3k10_mut;1.050096916470792e-06;gene-gene
2784;sik1_mut;78.68387535564896;1.8320711910374916e-07;egfr_mut;1.050096916470792e-06;gene-gene
789;ep300_mut;174.0566038604976;1.8598472476113225e-07;arid1a_mut;1.0651436654967468e-06;gene-gene
768;ep300_mut;376.9090326736026;1.8783459120788442e-07;ahnak2_mut;1.0748569113591224e-06;gene-gene
2328;fam20c_mut;88.53736661428296;1.9222309036691998e-07;lifr_mut;1.099069339111023e-06;gene-gene
4085;prkacg_mut;96.5537446438855;1.9398866918218926e-07;erbb2_mut;1.1082574256549111e-06;gene-gene
1915;sbno1_mut;58.740946502057604;1.9481855283858293e-07;clk3_mut;1.112089239120244e-06;gene-gene
1109;fanca_mut;122.57131930239997;1.9559735313686346e-07;shank2_mut;1.115623433769196e-06;gene-gene
3217;sik2_mut;90.05384702038981;1.995455249724802e-07;brca2_mut;1.1372141786155946e-06;gene-gene
3659;flt3_mut;99.62323360569548;1.997222105995025e-07;kdm6a_mut;1.137293468181519e-06;gene-gene
6138;foxo1_mut;189.98009847457823;2.0854429859973208e-07;birc6_mut;1.1846333449726243e-06;gene-gene
6287;nt5e_mut;189.98009847457826;2.0854429859973208e-07;birc6_mut;1.1846333449726243e-06;gene-gene
6436;braf_mut;189.98009847457826;2.0854429859973208e-07;birc6_mut;1.1846333449726243e-06;gene-gene
4931;nf2_mut;316.8197295082796;2.097875671050824e-07;syne1_mut;1.1907276452991152e-06;gene-gene
3364;ptpn22_mut;94.59146651390955;2.1933493951898512e-07;foxo3_mut;1.241923335859413e-06;gene-gene
3513;tumor_size;94.59146651390957;2.1933493951898668e-07;foxo3_mut;1.241923335859413e-06;clinic-gene
5531;dtwd2_mut;258.23722405989486;2.193406893445707e-07;dnah11_mut;1.241923335859413e-06;gene-gene
3897;hdac9_mut;316.5604766761211;2.20595900935756e-07;syne1_mut;1.2480190767920058e-06;gene-gene
4725;cancer_type_detailed;62.168833716101126;2.2472319430826894e-07;gps2_mut;1.2682883349207392e-06;clinic-gene
4579;oncotree_code;62.168833716101126;2.2472319430826894e-07;gps2_mut;1.2682883349207392e-06;clinic-gene
4433;tumor_other_histologic_subtype;62.168833716101126;2.2472319430826894e-07;gps2_mut;1.2682883349207392e-06;clinic-gene
3316;ptpn22_mut;189.55573939580833;2.3133957076594403e-07;birc6_mut;1.3045759329633985e-06;gene-gene
3948;hdac9_mut;105.22561359277653;2.435239848830393e-07;adgra2_mut;1.37198064234792e-06;gene-gene
6714;nr3c1_mut;265.4419363699329;2.4368512625644323e-07;pik3ca_mut;1.37198064234792e-06;gene-gene
6570;ccnd3_mut;316.02705235945064;2.4456972635990825e-07;syne1_mut;1.3758523978073101e-06;gene-gene
2354;fam20c_mut;67.28766776198584;2.5819520636976874e-07;nrg3_mut;1.451335403785659e-06;gene-gene
653;cellularity;139.07082423394476;2.6191758967620725e-07;myh9_mut;1.4710757227231993e-06;clinic-gene
5695;ctnna1_mut;172.66204363027785;2.651979520708402e-07;arid1a_mut;1.4883036876457516e-06;gene-gene
2925;type_of_breast_surgery;85.9154011340239;2.695143890363423e-07;bap1_mut;1.5113138332238553e-06;clinic-gene
2926;type_of_breast_surgery;85.90440037088796;2.705308059771597e-07;l1cam_mut;1.5157969056635242e-06;clinic-gene
418;primary_tumor_laterality;68.9322340574187;2.718351353730592e-07;men1_mut;1.5218846881823437e-06;clinic-gene
4237;large1_mut;118.46850664223545;2.736713926722112e-07;ptprd_mut;1.530938367174331e-06;gene-gene
1572;ptprm_mut;101.75113314199379;2.7497188903797964e-07;asxl1_mut;1.536982870966691e-06;gene-gene
1811;sbno1_mut;374.47128730932883;2.902721886746845e-07;ahnak2_mut;1.6212084590487776e-06;gene-gene
2637;nek1_mut;75.5230592905974;3.092242802526673e-07;smarcc2_mut;1.7256789505793821e-06;gene-gene
2006;kdm3a_mut;117.92792792792791;3.215437001478105e-07;setd2_mut;1.7915676498666286e-06;gene-gene
1855;sbno1_mut;117.92792792792791;3.215437001478105e-07;ptprd_mut;1.7915676498666286e-06;gene-gene
1125;fanca_mut;101.02122062304635;3.468121168578047e-07;asxl1_mut;1.9308177374386306e-06;gene-gene
2207;er_status_measured_by_ihc;62.77161262074816;3.6397417659132477e-07;ttyh1_mut;2.0247512514678235e-06;clinic-gene
3511;tumor_size;94.61139487942692;3.664130253505263e-07;ctnna3_mut;2.0366967447288206e-06;clinic-gene
1519;ptprm_mut;255.7439692500161;3.7148757688662686e-07;dnah11_mut;2.0602013220036225e-06;gene-gene
5692;ctnna1_mut;172.6941054838672;3.7152621521747897e-07;utrn_mut;2.0602013220036225e-06;gene-gene
5990;magea8_mut;172.69410548386716;3.715262152174845e-07;utrn_mut;2.0602013220036225e-06;gene-gene
2566;nek1_mut;227.30197714707586;3.7233637661090355e-07;ryr2_mut;2.0630565133865053e-06;gene-gene
4095;prkacg_mut;111.45170831208567;3.733674614932277e-07;rb1_mut;2.067130311769558e-06;gene-gene
2411;npnt_mut;254.29155706046018;3.850472522493521e-07;ahnak_mut;2.1301070082867958e-06;gene-gene
4200;large1_mut;237.4619916232826;3.919256749409139e-07;cdh1_mut;2.1664435845032954e-06;gene-gene
3798;taf4b_mut;105.22561359277655;3.934333750637966e-07;alk_mut;2.1730584913602743e-06;gene-gene
6137;foxo1_mut;190.0138377587559;3.973153594600999e-07;tg_mut;2.1910358457361624e-06;gene-gene
6435;braf_mut;190.01383775875595;3.973153594600999e-07;tg_mut;2.1910358457361624e-06;gene-gene
2870;type_of_breast_surgery;172.29266336494706;4.108241188351329e-07;utrn_mut;2.263744572792645e-06;clinic-gene
1818;sbno1_mut;236.91478652217677;4.4122036988024023e-07;cdh1_mut;2.4293197197425047e-06;gene-gene
1613;ptprm_mut;50.808127544259534;4.477350630047952e-07;or6a2_mut;2.4632479411137825e-06;gene-gene
1619;ptprm_mut;50.73180561386238;4.621501756228675e-07;lipi_mut;2.5405533257883364e-06;gene-gene
1988;kdm3a_mut;146.63332982086408;5.003525380627864e-07;pten_mut;2.748398729123183e-06;gene-gene
1080;fanca_mut;183.65581737932365;5.03562608152652e-07;pde4dip_mut;2.7638585570797954e-06;gene-gene
942;myo1a_mut;160.26827051603647;5.367590473799425e-07;ncor2_mut;2.9437484019180994e-06;gene-gene
3657;flt3_mut;99.63267758833136;5.379619347772813e-07;fancd2_mut;2.9480314025795016e-06;gene-gene
2113;er_status_measured_by_ihc;252.6763060463523;5.400020068291244e-07;ahnak_mut;2.956891866547878e-06;clinic-gene
352;primary_tumor_laterality;52.28475497077447;5.519356327161972e-07;akt1_mut;3.019870215965599e-06;clinic-gene
2635;nek1_mut;75.52305929059737;5.641946078976034e-07;egfr_mut;3.084528736604503e-06;gene-gene
2783;sik1_mut;78.69594580290037;5.943123868782142e-07;arid5b_mut;3.2466463230008466e-06;gene-gene
810;ep300_mut;70.17743317411546;6.202379899853786e-07;sf3b1_mut;3.3856272156467503e-06;gene-gene
455;neoplasm_histologic_grade;41.584712236482;6.25051069422316e-07;tumor_other_histologic_subtype;3.409236395045841e-06;clinic-clinic
3949;hdac9_mut;105.22561359277654;6.282267563278697e-07;ubr5_mut;3.423884825634029e-06;gene-gene
1769;gldc_mut;53.64169246400749;6.985450319999869e-07;prkce_mut;3.8041575515073336e-06;gene-gene
1854;sbno1_mut;117.97574722696541;7.538119159586132e-07;shank2_mut;4.101934467914977e-06;gene-gene
776;ep300_mut;219.95255247645972;7.956389041421971e-07;dnah2_mut;4.326170446102359e-06;gene-gene
6574;ccnd3_mut;252.05359806389663;8.002394844834613e-07;dnah11_mut;4.347801926971962e-06;gene-gene
652;cellularity;139.17906534199588;8.174077487839426e-07;stab2_mut;4.4376285475939446e-06;clinic-gene
1913;sbno1_mut;58.789866789866785;8.358176738870462e-07;rpgr_mut;4.534051310131049e-06;gene-gene
817;ep300_mut;104.22612557511638;8.523871847810977e-07;afdn_mut;4.620348533797928e-06;gene-gene
2420;npnt_mut;181.24228282727654;8.984193554213085e-07;pde4dip_mut;4.86608995064239e-06;gene-gene
5252;clrn2_mut;158.24176650223154;8.992382178732541e-07;ncor2_mut;4.866202380641851e-06;gene-gene
4089;prkacg_mut;111.49385926467006;8.998330436223374e-07;usp9x_mut;4.866202380641851e-06;gene-gene
2710;sik1_mut;251.38901197346885;9.173602471066788e-07;dnah11_mut;4.9571508480544195e-06;gene-gene
1365;myo3a_mut;336.11782684585995;9.259219044434096e-07;kmt2c_mut;4.999548953899616e-06;gene-gene
2347;fam20c_mut;67.34442619438694;9.304890524634589e-07;palld_mut;5.016456025896749e-06;gene-gene
2346;fam20c_mut;67.34442619438694;9.304890524634589e-07;smarcc1_mut;5.016456025896749e-06;gene-gene
3361;ptpn22_mut;94.63136600967718;9.875004887104262e-07;kdm6a_mut;5.315613185377309e-06;gene-gene
3510;tumor_size;94.63136600967718;9.875004887104262e-07;kdm6a_mut;5.315613185377309e-06;clinic-gene
3015;stk11_mut;180.65206042869573;1.0337963682479137e-06;pde4dip_mut;5.560535200114067e-06;gene-gene
2782;sik1_mut;78.69594580290037;1.0422687034570014e-06;setdb1_mut;5.60179340850313e-06;gene-gene
1565;ptprm_mut;101.82546218475215;1.1201926283877565e-06;alk_mut;6.015976859758074e-06;gene-gene
774;ep300_mut;250.11146103188207;1.191146490111259e-06;dnah11_mut;6.392120219974936e-06;gene-gene
6764;nr3c1_mut;104.58687327569099;1.202033737621887e-06;setd1a_mut;6.445594570041538e-06;gene-gene
1732;gldc_mut;79.72866840020257;1.2693191460324512e-06;aff2_mut;6.801175516356393e-06;gene-gene
3601;flt3_mut;299.659329834065;1.3262004166145914e-06;map3k1_mut;7.100507517920421e-06;gene-gene
3264;sik2_mut;43.966444612805816;1.431669977637856e-06;akt2_mut;7.659324757852757e-06;gene-gene
1766;gldc_mut;53.65961754156508;1.4686363118934716e-06;clk3_mut;7.851080268706722e-06;gene-gene
2847;type_of_breast_surgery;32.51501658933782;1.5011771627985307e-06;tumor_stage;8.01890278017839e-06;clinic-clinic
3213;sik2_mut;90.0958839521816;1.565669338331665e-06;ctnna3_mut;8.354252820656029e-06;gene-gene
3421;tumor_size;23.064767776435236;1.5663476735450693e-06;cancer_type;8.354252820656029e-06;clinic-clinic
3214;sik2_mut;90.08535783241047;1.570908757666116e-06;brca1_mut;8.372188779415066e-06;gene-gene
3360;ptpn22_mut;94.63136600967717;1.5940425414961334e-06;taf1_mut;8.489005516336497e-06;gene-gene
1562;ptprm_mut;101.91882475734802;1.7122369530935986e-06;afdn_mut;9.111500069508739e-06;gene-gene
1073;fanca_mut;230.46757396030574;1.7354864111226774e-06;cdh1_mut;9.228191441791587e-06;gene-gene
1431;myo3a_mut;83.4300044011932;1.8057747838540583e-06;brca2_mut;9.594637577785784e-06;gene-gene
6283;nt5e_mut;190.08211421558818;1.8412059642138162e-06;herc2_mut;9.77546054100451e-06;gene-gene
6285;nt5e_mut;190.0283783679973;1.8638202512409425e-06;akap9_mut;9.88801222127598e-06;gene-gene
3758;taf4b_mut;210.8303651767502;1.877842239785765e-06;dnah5_mut;9.954843497255797e-06;gene-gene
1585;ptprm_mut;75.30872658490534;1.901143869132678e-06;ncoa3_mut;1.0070729502373026e-05;gene-gene
928;myo1a_mut;219.7278771078248;1.926323757410554e-06;ryr2_mut;1.019638188865723e-05;gene-gene
3461;tumor_size;189.7608538474781;1.980490316802763e-06;herc2_mut;1.0475159609009014e-05;clinic-gene
6545;ccnd3_mut;36.70561036714687;2.009527059403759e-06;pam50_+_claudin-low_subtype;1.0620700124095358e-05;gene-clinic
4081;prkacg_mut;111.57884841363102;2.057794317633414e-06;map2k4_mut;1.0867580421243131e-05;gene-gene
4088;prkacg_mut;111.49385926467009;2.1085512789908287e-06;ptprd_mut;1.1127226424704622e-05;gene-gene
3649;flt3_mut;99.68004998777508;2.1444973722329364e-06;alk_mut;1.1308379728144547e-05;gene-gene
6716;nr3c1_mut;422.6782807728222;2.161497933212903e-06;muc16_mut;1.1389431417314144e-05;gene-gene
1620;ptprm_mut;50.71277558203676;2.248694439262078e-06;prkce_mut;1.1839960849377647e-05;gene-gene
3894;hdac9_mut;422.2413194981126;2.31383691166596e-06;muc16_mut;1.2173778992326855e-05;gene-gene
3503;tumor_size;94.68148183679786;2.5014960284282595e-06;pik3r1_mut;1.3151205982414033e-05;clinic-gene
3506;tumor_size;94.6614031905318;2.516897381946341e-06;ctcf_mut;1.3222227073427883e-05;clinic-gene
3358;ptpn22_mut;94.65138004246285;2.52462035364219e-06;asxl1_mut;1.3252834268142734e-05;gene-gene
638;cellularity;174.19024384339966;2.530364649647205e-06;tbx3_mut;1.3273016371685452e-05;clinic-gene
3359;ptpn22_mut;94.64136765461731;2.5323581973713058e-06;fancd2_mut;1.3273508420880205e-05;gene-gene
2203;er_status_measured_by_ihc;62.8021693850103;2.601179020610377e-06;men1_mut;1.362401635457624e-05;clinic-gene
2814;sik1_mut;38.3313001364461;2.620886562798742e-06;kras_mut;1.3716954617434315e-05;gene-gene
2028;kdm3a_mut;77.26832426832428;2.887275073126088e-06;cacna2d3_mut;1.5099843514919145e-05;gene-gene
408;primary_tumor_laterality;69.09994127914997;2.990236903036018e-06;zfp36l1_mut;1.562661573785539e-05;clinic-gene
2778;sik1_mut;78.72012534344559;3.0130360569593145e-06;l1cam_mut;1.5733993221206825e-05;gene-gene
2334;fam20c_mut;67.41571460395254;3.0275099185376842e-06;jak1_mut;1.5797768335192532e-05;gene-gene
618;cellularity;420.4509592482215;3.0538276681465323e-06;muc16_mut;1.592320441592524e-05;clinic-gene
6477;braf_mut;93.98075383844571;3.0976115667841713e-06;ctcf_mut;1.613945713431842e-05;gene-gene
1536;ptprm_mut;153.240249851015;3.1290817382716975e-06;notch1_mut;1.6291277276679844e-05;gene-gene
2061;kdm3a_mut;58.8062081373322;3.185718390862992e-06;map3k13_mut;1.6573800742337846e-05;gene-gene
3646;flt3_mut;99.72767803967128;3.2903478507861514e-06;afdn_mut;1.71054021082164e-05;gene-gene
1204;mutation_count;434.0222557749618;3.3593851002056953e-06;nottingham_prognostic_index;1.745131873244401e-05;clinic-clinic
5247;clrn2_mut;158.28889375083108;3.3939160506026985e-06;col6a3_mut;1.7604522231300223e-05;gene-gene
4949;nf2_mut;158.28889375083105;3.393916050602748e-06;col6a3_mut;1.7604522231300223e-05;gene-gene
4951;nf2_mut;158.27707286136072;3.40360343853641e-06;lama2_mut;1.7626747715172276e-05;gene-gene
5100;ldlrap1_mut;158.2770728613607;3.4036034385364576e-06;lama2_mut;1.7626747715172276e-05;gene-gene
4855;ppp2r2a_mut;71.9764535200615;3.4057692021586623e-06;pbrm1_mut;1.7626747715172276e-05;gene-gene
3017;stk11_mut;180.61065121527423;3.564761393731468e-06;tg_mut;1.8435964365656377e-05;gene-gene
5544;dtwd2_mut;172.6887470228495;3.5873135562404955e-06;tbx3_mut;1.8525173553179853e-05;gene-gene
5693;ctnna1_mut;172.6887470228495;3.5873135562404955e-06;tbx3_mut;1.8525173553179853e-05;gene-gene
3355;ptpn22_mut;94.68148183679787;3.937325584997037e-06;asxl2_mut;2.0317646870291207e-05;gene-gene
1477;myo3a_mut;41.56571332911695;3.945031011334776e-06;cdkn2a_mut;2.0342385000882716e-05;gene-gene
3063;stk11_mut;90.11697007408355;4.026870223559561e-06;kdm6a_mut;2.0749072457234996e-05;gene-gene
2143;er_status_measured_by_ihc;126.03518547706213;4.20716713915733e-06;runx1_mut;2.1662105233081994e-05;clinic-gene
17;tumor_stage;432.46898809001954;4.246122343420637e-06;nottingham_prognostic_index;2.1846580864123704e-05;clinic-clinic
4210;large1_mut;176.96652377314356;4.494702179493911e-06;birc6_mut;2.3108524008921232e-05;gene-gene
1617;ptprm_mut;50.73180561386239;4.602328271990382e-06;clk3_mut;2.3644461497350584e-05;gene-gene
2197;er_status_measured_by_ihc;62.83279112910074;4.714857262245752e-06;smarcc1_mut;2.4183077254801835e-05;clinic-gene
2198;er_status_measured_by_ihc;62.83279112910073;4.7148572622457875e-06;palld_mut;2.4183077254801835e-05;clinic-gene
4087;prkacg_mut;111.51925937849056;4.717551781636597e-06;shank2_mut;2.4183077254801835e-05;gene-gene
1399;myo3a_mut;125.57524101274254;4.751006670817212e-06;runx1_mut;2.4336718188416322e-05;gene-gene
2825;type_of_breast_surgery;20.900263088250846;4.838281400403672e-06;cancer_type;2.4765620618769566e-05;clinic-clinic
695;cellularity;69.3055658643718;4.8768265041384755e-06;chd1_mut;2.4944646255062614e-05;clinic-gene
848;ep300_mut;69.27769964956963;4.923312601813715e-06;egfr_mut;2.5163997914317796e-05;gene-gene
868;ep300_mut;44.83593452767013;5.185333602739207e-06;or6a2_mut;2.6483863949078098e-05;gene-gene
2339;fam20c_mut;67.40142653806092;5.373298080129347e-06;smarcc2_mut;2.7423837608373813e-05;gene-gene
3754;taf4b_mut;210.98868629854312;5.395026791720961e-06;dnah2_mut;2.75146366377769e-05;gene-gene
2342;fam20c_mut;67.35865354080661;5.452751357104586e-06;zfp36l1_mut;2.7788748163449846e-05;gene-gene
3755;taf4b_mut;210.90033122553447;5.4949486357051516e-06;kmt2d_mut;2.7983386383142783e-05;gene-gene
3339;ptpn22_mut;106.63819791828493;5.56240740350876e-06;arid1b_mut;2.8306293174301316e-05;gene-gene
1764;gldc_mut;53.71350676519214;5.775004110598364e-06;rpgr_mut;2.9366778544942334e-05;gene-gene
1179;fanca_mut;40.65096220106883;5.789144645062926e-06;cdkn2a_mut;2.941727537094885e-05;gene-gene
1765;gldc_mut;53.69552466196914;5.814129528431559e-06;foxp1_mut;2.952276381915066e-05;gene-gene
1904;sbno1_mut;58.85533632002032;5.863202560314603e-06;cdkn1b_mut;2.9750324102337058e-05;gene-gene
2057;kdm3a_mut;58.82256682309732;5.933107858974858e-06;nrg3_mut;3.0083181865498792e-05;gene-gene
1659;gldc_mut;249.39548313690975;6.0847196308479145e-06;pik3ca_mut;3.082954029059781e-05;gene-gene
3501;tumor_size;94.69153736981758;6.103697431204433e-06;adgra2_mut;3.090328547233723e-05;clinic-gene
6207;foxo1_mut;61.995678477012156;6.341341531915468e-06;smad4_mut;3.208323916255856e-05;gene-gene
5837;agtr2_mut;172.78065693036154;6.407938275832583e-06;pde4dip_mut;3.2373293371830996e-05;gene-gene
5688;ctnna1_mut;172.78065693036157;6.407938275832585e-06;pde4dip_mut;3.2373293371830996e-05;gene-gene
800;ep300_mut;139.20619963508364;6.915443865742215e-06;ncor1_mut;3.491199876440814e-05;gene-gene
813;ep300_mut;104.30872610989366;7.1570935078023375e-06;usp9x_mut;3.6105857284487317e-05;gene-gene
1525;ptprm_mut;204.43550268957938;7.3045203536716655e-06;dnah5_mut;3.68230041205656e-05;gene-gene
1117;fanca_mut;101.18016373335357;7.68718170829962e-06;rb1_mut;3.872410857670472e-05;gene-gene
1429;myo3a_mut;83.47588091551195;7.7284972644002e-06;foxo3_mut;3.8904186157322907e-05;gene-gene
3935;hdac9_mut;105.3426494147114;8.00063682775056e-06;arid1b_mut;4.024510404283165e-05;gene-gene
2629;nek1_mut;75.56097131526738;8.414886626026112e-06;l1cam_mut;4.2298426515139884e-05;gene-gene
1700;gldc_mut;107.91032684198979;8.64195905918665e-06;ros1_mut;4.3397906272893744e-05;gene-gene
2010;kdm3a_mut;87.60586258401794;8.646040579915284e-06;erbb3_mut;4.3397906272893744e-05;gene-gene
1611;ptprm_mut;50.8272586382185;8.813917448339957e-06;fbxw7_mut;4.4208787660840835e-05;gene-gene
2830;type_of_breast_surgery;28.63724276276868;9.26235511767041e-06;cohort;4.642473113856754e-05;clinic-clinic
3500;tumor_size;94.69153736981758;9.378099165191469e-06;alk_mut;4.6937520678504864e-05;clinic-gene
3351;ptpn22_mut;94.69153736981758;9.378099165191469e-06;alk_mut;4.6937520678504864e-05;gene-gene
3505;tumor_size;94.66140319053179;9.460606813952938e-06;apc_mut;4.728273233840428e-05;clinic-gene
3356;ptpn22_mut;94.66140319053179;9.460606813952938e-06;apc_mut;4.728273233840428e-05;gene-gene
2725;sik1_mut;157.89439528023593;9.563792987455014e-06;arid1a_mut;4.7764275627840015e-05;gene-gene
1398;myo3a_mut;125.62069500435356;9.636260976975764e-06;myh9_mut;4.809182531866404e-05;gene-gene
1101;fanca_mut;122.84899990295457;9.689726939871027e-06;runx1_mut;4.832414141961375e-05;gene-gene
3056;stk11_mut;90.16988387648956;9.734477885175187e-06;pik3r1_mut;4.8512693996946525e-05;gene-gene
3208;sik2_mut;90.14868423593397;9.795853164056054e-06;ctcf_mut;4.878376768158207e-05;gene-gene
6756;nr3c1_mut;104.61077397452367;9.80990071737152e-06;lamb3_mut;4.881892899734673e-05;gene-gene
3210;sik2_mut;90.1275301125884;9.857472941415342e-06;fancd2_mut;4.902075689798505e-05;gene-gene
1761;gldc_mut;53.749528209102;1.0860091265029575e-05;ttyh1_mut;5.3968319821309846e-05;gene-gene
6579;ccnd3_mut;211.20770188027663;1.1227275810769691e-05;ryr2_mut;5.575335898354502e-05;gene-gene
1383;myo3a_mut;167.6550086582596;1.1277784624594225e-05;tbx3_mut;5.596440424150557e-05;gene-gene
3029;stk11_mut;134.41715401198417;1.1583633854368955e-05;pten_mut;5.7441341192672735e-05;gene-gene
5393;prr16_mut;172.720987245734;1.1614183899138408e-05;birc6_mut;5.751119978970946e-05;gene-gene
5989;magea8_mut;172.720987245734;1.1614183899138408e-05;birc6_mut;5.751119978970946e-05;gene-gene
3783;taf4b_mut;105.38810354455151;1.1714721270077796e-05;map2k4_mut;5.7967958579343874e-05;gene-gene
5245;clrn2_mut;158.3185607722684;1.1745171426688652e-05;utrn_mut;5.8077503721354294e-05;gene-gene
3941;hdac9_mut;105.29744098287047;1.2010245380648013e-05;setd2_mut;5.934624078825153e-05;gene-gene
1427;myo3a_mut;83.5218557717692;1.2075347155365033e-05;ctnna3_mut;5.962576012334664e-05;gene-gene
1709;gldc_mut;96.60400997942199;1.245175705906497e-05;setd1a_mut;6.144097921729305e-05;gene-gene
2869;type_of_breast_surgery;172.3467411281924;1.2611371681495098e-05;birc6_mut;6.218465344996912e-05;clinic-gene
2722;sik1_mut;157.96601097283545;1.2732199366581506e-05;utrn_mut;6.273616147694286e-05;gene-gene
2773;sik1_mut;78.76863958736298;1.3025703667031e-05;arid2_mut;6.413713285521184e-05;gene-gene
1762;gldc_mut;42.52630765096123;1.312823721015477e-05;or6a2_mut;6.459647421644463e-05;gene-gene
6872;tbl1xr1_mut;237.74386306564864;1.352834727075442e-05;dnah11_mut;6.651834087316055e-05;gene-gene
1102;fanca_mut;122.82572121426429;1.3872128450568848e-05;nf1_mut;6.816073240796381e-05;gene-gene
3348;ptpn22_mut;94.7419778336158;1.4038563605133316e-05;afdn_mut;6.888163195861411e-05;gene-gene
3497;tumor_size;94.7419778336158;1.4038563605133316e-05;afdn_mut;6.888163195861411e-05;clinic-gene
2185;er_status_measured_by_ihc;62.909631139924706;1.4349909181779595e-05;jak1_mut;7.035987049339932e-05;clinic-gene
6267;nt5e_mut;244.82384255712483;1.441606674385684e-05;pik3ca_mut;7.063468326741076e-05;gene-gene
1511;ptprm_mut;462.43032839823513;1.466473554097965e-05;tp53_mut;7.180273806925356e-05;gene-gene
4063;prkacg_mut;166.46298211689228;1.4707389245381171e-05;tbx3_mut;7.196115452204358e-05;gene-gene
3165;sik2_mut;180.64169074598388;1.4766306522835851e-05;akap9_mut;7.21988689118643e-05;gene-gene
3206;sik2_mut;90.16988387648956;1.4971664719698294e-05;asxl2_mut;7.315176321435802e-05;gene-gene
411;primary_tumor_laterality;59.533370160519596;1.5023126289301018e-05;prkcq_mut;7.330068672021384e-05;clinic-gene
410;primary_tumor_laterality;59.533370160519596;1.5023126289301018e-05;casp8_mut;7.330068672021384e-05;clinic-gene
1361;myo3a_mut;244.4721881730572;1.5388914547325886e-05;pik3ca_mut;7.503303973633355e-05;gene-gene
2332;fam20c_mut;67.44433648194463;1.551111935888562e-05;pbrm1_mut;7.55761443239427e-05;gene-gene
6584;ccnd3_mut;173.9095332605051;1.5760058487716503e-05;tg_mut;7.673556003740431e-05;gene-gene
1616;ptprm_mut;50.769926154309694;1.727156355873139e-05;foxp1_mut;8.40365004072815e-05;gene-gene
3933;hdac9_mut;105.35172052088342;1.737351097251472e-05;ros1_mut;8.447370992690351e-05;gene-gene
1670;gldc_mut;205.21908389883225;1.749360642330585e-05;dnah2_mut;8.499848962422669e-05;gene-gene
1378;myo3a_mut;168.0395840030606;1.8387390929811128e-05;pde4dip_mut;8.927915248546932e-05;gene-gene
6578;ccnd3_mut;211.22512996197108;1.845131032477755e-05;ush2a_mut;8.95272953050144e-05;gene-gene
1897;sbno1_mut;58.90462129478086;1.8681340794761548e-05;smad4_mut;9.051770328224615e-05;gene-gene
2046;kdm3a_mut;58.90462129478086;1.8681340794761548e-05;smad4_mut;9.051770328224615e-05;gene-gene
2049;kdm3a_mut;58.888175502210586;1.87878915150979e-05;smarcc1_mut;9.084498132594432e-05;gene-gene
1900;sbno1_mut;58.888175502210586;1.87878915150979e-05;smarcc1_mut;9.084498132594432e-05;gene-gene
1898;sbno1_mut;58.88817550221058;1.8787891515097973e-05;casp8_mut;9.084498132594432e-05;gene-gene
619;cellularity;349.4283820041006;1.888445797837887e-05;ahnak2_mut;9.124876064656512e-05;clinic-gene
3452;tumor_size;284.7178142337648;1.922440883369888e-05;map3k1_mut;9.282719040846861e-05;clinic-gene
1100;fanca_mut;122.89563347898878;1.9247395775542185e-05;myh9_mut;9.287400157715004e-05;gene-gene
3756;taf4b_mut;210.8915507837182;1.970192257088277e-05;ush2a_mut;9.500161007781774e-05;gene-gene
3895;hdac9_mut;349.1149222647007;1.9826560680766395e-05;ahnak2_mut;9.55366755010447e-05;gene-gene
5839;agtr2_mut;172.75887401044776;2.020350747292113e-05;tg_mut;9.709037789779415e-05;gene-gene
5690;ctnna1_mut;172.75887401044773;2.0203507472921134e-05;tg_mut;9.709037789779415e-05;gene-gene
5392;prr16_mut;172.75887401044773;2.0203507472921134e-05;tg_mut;9.709037789779415e-05;gene-gene
1763;gldc_mut;53.731507937453564;2.0204581288592054e-05;map3k13_mut;9.709037789779415e-05;gene-gene
2254;fam20c_mut;242.81280038177354;2.0900191991662765e-05;pik3ca_mut;0.00010036401473934552;gene-gene
1150;fanca_mut;60.187999713962576;2.096138607791448e-05;agmo_mut;0.00010053803560796955;gene-gene
3495;tumor_size;94.76223032021481;2.0965209371806445e-05;setd1a_mut;0.00010053803560796955;clinic-gene
2480;npnt_mut;72.64606701248012;2.128281884224627e-05;l1cam_mut;0.00010199112157117605;gene-gene
2622;nek1_mut;75.61170990372052;2.1706665460650975e-05;brca2_mut;0.00010395097434788785;gene-gene
3016;stk11_mut;178.74349303693407;2.2090780822981827e-05;akap9_mut;0.00010571800384258495;gene-gene
3203;sik2_mut;90.18050081165481;2.2678105716419118e-05;adgra2_mut;0.00010845443164997972;gene-gene
846;ep300_mut;69.30556586437181;2.325591612193644e-05;setdb1_mut;0.0001111416456525102;gene-gene
2174;er_status_measured_by_ihc;63.033430763359306;2.354033321858128e-05;usp28_mut;0.00011242399740138578;clinic-gene
5228;clrn2_mut;316.8311664198031;2.4662870273441794e-05;kmt2c_mut;0.00011770455915337281;gene-gene
2193;er_status_measured_by_ihc;62.84812643338859;2.5037501797376798e-05;zfp36l1_mut;0.00011941093860632879;clinic-gene
3645;flt3_mut;99.73723451055929;2.540188030147244e-05;thsd7a_mut;0.0001210170642084896;gene-gene
3000;stk11_mut;406.18893930327636;2.5411155932783922e-05;muc16_mut;0.0001210170642084896;gene-gene
2145;er_status_measured_by_ihc;102.5386247609031;2.5426227316167558e-05;map2k4_mut;0.0001210170642084896;clinic-gene
3938;hdac9_mut;105.3245366699565;2.5450049398779272e-05;shank2_mut;0.00012104798852911557;gene-gene
2108;er_status_measured_by_ihc;347.49022705392656;2.547943798582528e-05;ahnak2_mut;0.00012110532871221852;clinic-gene
1824;sbno1_mut;177.6612983175483;2.7725267271442804e-05;herc2_mut;0.0001316903075632705;gene-gene
4228;large1_mut;118.58781693067937;2.8705878297649728e-05;runx1_mut;0.00013625541553374907;gene-gene
4366;tumor_other_histologic_subtype;126.5702389023556;2.9470751490139374e-05;col22a1_mut;0.00013960145129600257;clinic-gene
4512;oncotree_code;126.5702389023556;2.9470751490139374e-05;col22a1_mut;0.00013960145129600257;clinic-gene
4658;cancer_type_detailed;126.5702389023556;2.9470751490139374e-05;col22a1_mut;0.00013960145129600257;clinic-gene
1557;ptprm_mut;101.97508453893172;2.957770315946482e-05;ptprd_mut;0.00014001315174470236;gene-gene
2002;kdm3a_mut;59.15565790461962;2.9770364502811294e-05;sf3b1_mut;0.0001408297473128927;gene-gene
3617;flt3_mut;148.8279719436899;3.090317130338355e-05;col6a3_mut;0.0001460896196865635;gene-gene
5972;magea8_mut;345.981895833893;3.208919563471163e-05;ahnak2_mut;0.00015155169015896778;gene-gene
2769;sik1_mut;78.79297462298965;3.2101975302028385e-05;foxo3_mut;0.00015155169015896778;gene-gene
2907;type_of_breast_surgery;86.07065450768404;3.222056592147334e-05;pik3r1_mut;0.00015194394459221253;clinic-gene
2044;kdm3a_mut;58.92108459218623;3.222855673188192e-05;agmo_mut;0.00015194394459221253;gene-gene
2910;type_of_breast_surgery;86.04833244052617;3.242788339923961e-05;ctcf_mut;0.0001527805942754465;clinic-gene
2911;type_of_breast_surgery;86.03718938927847;3.253185962234661e-05;asxl1_mut;0.00015316718543216694;clinic-gene
883;ep300_mut;34.5033940748136;3.2921289037382616e-05;prkg1_mut;0.00015489632761225074;gene-gene
6501;braf_mut;62.00885916456216;3.3067592725216646e-05;smarcc2_mut;0.00015547999352024812;gene-gene
3202;sik2_mut;90.18050081165478;3.405028222383464e-05;alk_mut;0.00015999281903021696;gene-gene
3058;stk11_mut;90.14868423593398;3.4355849205344735e-05;apc_mut;0.00016121176521003604;gene-gene
3207;sik2_mut;90.14868423593398;3.4355849205344735e-05;apc_mut;0.00016121176521003604;gene-gene
836;ep300_mut;69.47338902538903;3.57811904613207e-05;cacna2d3_mut;0.00016778736761962934;gene-gene
838;ep300_mut;69.44534375101985;3.609735618292906e-05;aff2_mut;0.00016915642364193518;gene-gene
3636;flt3_mut;99.8044198676805;3.640809066573762e-05;lamb3_mut;0.00017049821010824983;gene-gene
2983;stk11_mut;23.20177878015468;3.6655040526414114e-05;her2_status_measured_by_snp6;0.0001715396973597156;gene-clinic
2265;fam20c_mut;201.29083204275096;3.79574075553384e-05;dnah2_mut;0.0001775156670610103;gene-gene
1089;fanca_mut;142.67829477128794;3.8117517282529624e-05;notch1_mut;0.00017814521287828393;gene-gene
920;myo1a_mut;199.89401652464238;3.9081169340739226e-05;gata3_mut;0.00018252682498913435;gene-gene
1696;gldc_mut;119.99621095561804;3.956132266361194e-05;myh9_mut;0.00018464593283276995;gene-gene
5878;agtr2_mut;85.34951397646867;3.961539129948867e-05;pik3r1_mut;0.0001847748591518874;gene-gene
956;myo1a_mut;99.23492124793955;4.2389567876648026e-05;lamb3_mut;0.0001975823287219078;gene-gene
918;myo1a_mut;313.0902879263072;4.46722171624174e-05;kmt2c_mut;0.00020808318754254025;gene-gene
1996;kdm3a_mut;118.15242165242165;4.472566182646602e-05;nf1_mut;0.0002081933372295257;gene-gene
5764;ctnna1_mut;56.223860955289005;4.678430042845371e-05;palld_mut;0.00021763109660027038;gene-gene
1518;ptprm_mut;229.52231717523628;4.923916570565846e-05;ahnak_mut;0.0002288982373821927;gene-gene
3605;flt3_mut;199.92743935761365;4.941117267544685e-05;dnah2_mut;0.00022954512199690634;gene-gene
3050;stk11_mut;90.23375737526007;4.97992233348018e-05;afdn_mut;0.00023119413517625262;gene-gene
3606;flt3_mut;199.83289434904682;5.0318056768536054e-05;kmt2d_mut;0.0002334477175576105;gene-gene
1099;fanca_mut;122.98920659219031;5.069386727107261e-05;stab2_mut;0.00023503520280224573;gene-gene
634;cellularity;174.62291731014727;5.195719542006474e-05;akap9_mut;0.00024073270848805857;clinic-gene
464;neoplasm_histologic_grade;16.32802716178658;5.3270227030212416e-05;radio_therapy;0.0002465850320536208;clinic-clinic
3643;flt3_mut;99.75637844629497;5.3290882839697634e-05;setd2_mut;0.0002465850320536208;gene-gene
811;ep300_mut;102.4072239429467;5.4763772934796934e-05;shank2_mut;0.00025323261515249913;gene-gene
6346;nt5e_mut;62.01326209501596;5.488653691455816e-05;chd1_mut;0.00025363242951191654;gene-gene
4227;large1_mut;118.60387250686566;5.558443631430877e-05;myh9_mut;0.00025668767781102136;gene-gene
359;primary_tumor_laterality;117.22795341356844;5.6091185511399044e-05;nf1_mut;0.0002588567458177973;clinic-gene
4802;ppp2r2a_mut;146.11782158240246;5.657659440006299e-05;lama2_mut;0.00026092453140147864;gene-gene
1614;ptprm_mut;50.80812754425954;5.6919617841537326e-05;map3k13_mut;0.00026233335742666315;gene-gene
1384;myo3a_mut;145.89791311238673;5.938790561887095e-05;col6a3_mut;0.0002735288705069554;gene-gene
1386;myo3a_mut;145.8533430774788;5.997385670844994e-05;lama2_mut;0.00027604567643079033;gene-gene
3450;tumor_size;285.0492386147767;6.024607401787989e-05;syne1_mut;0.0002769337626072043;clinic-gene
3301;ptpn22_mut;285.04923861477675;6.0246074017883286e-05;syne1_mut;0.0002769337626072043;gene-gene
1994;kdm3a_mut;118.20097360359225;6.128705236360146e-05;myh9_mut;0.0002815336192402915;gene-gene
503;neoplasm_histologic_grade;130.08057421510455;6.188162455921282e-05;ncor1_mut;0.0002840781279863469;clinic-gene
1758;gldc_mut;53.767567610550486;6.262016751648528e-05;brip1_mut;0.00028727978360977194;gene-gene
1423;myo3a_mut;83.6141017776645;6.480304230854702e-05;asxl1_mut;0.00029709898727678347;gene-gene
1424;myo3a_mut;83.59100314011745;6.522571104176224e-05;fancd2_mut;0.0002988406839664215;gene-gene
467;neoplasm_histologic_grade;19.229842745401378;6.672563322145285e-05;death_from_cancer;0.0003055124504051711;clinic-clinic
6421;braf_mut;284.3816393243836;6.708343275666986e-05;syne1_mut;0.0003069495380948607;gene-gene
3181;sik2_mut;119.1176656906692;6.775470552284905e-05;thada_mut;0.0003098181462618759;gene-gene
882;ep300_mut;34.5317948994401;7.20427009866026e-05;akt2_mut;0.00032921017121870005;gene-gene
3197;sik2_mut;90.25514056168443;7.267696439930483e-05;setd1a_mut;0.0003318914707568254;gene-gene
1127;fanca_mut;81.74771613440242;7.33675274279037e-05;taf1_mut;0.0003348262012663378;gene-gene
6724;nr3c1_mut;211.3719831844129;7.384525471699543e-05;cdh1_mut;0.00033678641952196285;gene-gene
5836;agtr2_mut;172.83554351066243;7.466651946715734e-05;herc2_mut;0.00034008798664735587;gene-gene
5687;ctnna1_mut;172.83554351066235;7.466651946715956e-05;herc2_mut;0.00034008798664735587;gene-gene
1469;myo3a_mut;41.636062044950926;7.509185931218596e-05;prkcz_mut;0.00034180248926009337;gene-gene
5838;agtr2_mut;172.77520205813917;7.557936635884443e-05;akap9_mut;0.0003433504764299583;gene-gene
5987;magea8_mut;172.77520205813917;7.557936635884443e-05;akap9_mut;0.0003433504764299583;gene-gene
5540;dtwd2_mut;172.7752020581392;7.55793663588487e-05;akap9_mut;0.0003433504764299583;gene-gene
4224;large1_mut;118.65225014611336;7.574200014321414e-05;thada_mut;0.0003437075042918158;gene-gene
1471;myo3a_mut;41.61258767176677;7.575634129231377e-05;prkce_mut;0.0003437075042918158;gene-gene
793;ep300_mut;139.56166634954516;7.678883414767614e-05;ncor2_mut;0.0003481658560608781;gene-gene
1025;myo1a_mut;39.79991806305977;7.761892212823205e-05;gh1_mut;0.0003517013027950437;gene-gene
3333;ptpn22_mut;117.05708716002795;8.072352754509217e-05;myh9_mut;0.00036553161824858004;gene-gene
2620;nek1_mut;75.6371606839029;8.137855017492727e-05;foxo3_mut;0.00036825902206749796;gene-gene
1842;sbno1_mut;118.29855585028001;8.241123912956495e-05;thada_mut;0.0003726908270538967;gene-gene
2561;nek1_mut;227.7904603404774;8.334018348551956e-05;dnah11_mut;0.00037664803493746773;gene-gene
2138;er_status_measured_by_ihc;126.15582079706026;8.356389592846683e-05;atr_mut;0.0003774149585340645;clinic-gene
5097;ldlrap1_mut;158.31261420457724;8.49318135298421e-05;tbx3_mut;0.00038309785741317485;gene-gene
5246;clrn2_mut;158.31261420457716;8.493181352984225e-05;tbx3_mut;0.00038309785741317485;gene-gene
4800;ppp2r2a_mut;144.25379505019214;8.510408203206954e-05;col6a3_mut;0.0003836272394568192;gene-gene
3393;ptpn22_mut;46.33804528843953;8.630831240388144e-05;gps2_mut;0.00038880475742483533;gene-gene
955;myo1a_mut;99.25855715056852;8.66973965020514e-05;ros1_mut;0.00039030586943288216;gene-gene
2267;fam20c_mut;203.06557862246848;8.777151960158041e-05;ush2a_mut;0.0003948870621096216;gene-gene
2042;kdm3a_mut;58.95406381341383;8.960820452510575e-05;smarcc2_mut;0.00040289094273932686;gene-gene
2712;sik1_mut;196.75990845645612;9.023055572514728e-05;dnah2_mut;0.0004054282269142148;gene-gene
2723;sik1_mut;157.95404192382273;9.150762170735151e-05;tbx3_mut;0.0004109021548002988;gene-gene
2101;er_status_measured_by_ihc;15.270937600219838;9.31385425595095e-05;radio_therapy;0.000417956966514639;clinic-clinic
1675;gldc_mut;171.6717670479468;9.428699003367442e-05;herc2_mut;0.0004228390239828519;gene-gene
3344;ptpn22_mut;94.77237298444943;9.552098825820946e-05;usp9x_mut;0.00042809823281597783;gene-gene
3347;ptpn22_mut;94.75209860918135;9.602791622302279e-05;thsd7a_mut;0.0004300942632373463;gene-gene
1604;ptprm_mut;50.90398642813155;9.636406997625961e-05;dcaf4l2_mut;0.0004313233548520986;gene-gene
1606;ptprm_mut;50.865581785543625;9.76360949007536e-05;cdkn1b_mut;0.0004367371287269944;gene-gene
1064;fanca_mut;448.0331779623133;9.854906586889398e-05;tp53_mut;0.000440538914412004;gene-gene
1610;ptprm_mut;50.8272586382185;9.892173512828572e-05;nrg3_mut;0.0004419220993231025;gene-gene
1819;sbno1_mut;196.22646811358325;9.971529175062583e-05;dnah2_mut;0.000445182583681548;gene-gene
2082;er_status_measured_by_ihc;15.12861450203231;0.00010042946210641688;cancer_type;0.00044808470736751896;clinic-clinic
1749;gldc_mut;53.821800898796745;0.00010477118083448542;casp8_mut;0.00046715777950896595;gene-gene
1124;fanca_mut;81.81873351884958;0.0001069872232611608;ctcf_mut;0.00047673452099855266;gene-gene
1679;gldc_mut;162.18047974255876;0.00010847965043427183;birc6_mut;0.0004830766842474553;gene-gene
6557;ccnd3_mut;409.2097893842864;0.0001126038767856976;nottingham_prognostic_index;0.0005011231128036109;gene-clinic
2596;nek1_mut;75.92075903078847;0.00011354364814596914;erbb2_mut;0.0005049837489470951;gene-gene
5077;ldlrap1_mut;395.3025560226904;0.00011428017809816028;muc16_mut;0.000507936135096594;gene-gene
4044;prkacg_mut;337.18669683309093;0.00011788714806276995;ahnak2_mut;0.000523634776550905;gene-gene
2618;nek1_mut;75.66266602095592;0.00012221054915527367;ctnna3_mut;0.000542493714706415;gene-gene
2103;er_status_measured_by_ihc;23.039887784858756;0.00012432381210027315;tumor_stage;0.0005515241112029261;clinic-clinic
6282;nt5e_mut;190.10181993273278;0.00012474438706349878;dnah5_mut;0.0005530387261501687;gene-gene
1667;gldc_mut;224.0749507559994;0.00012905870964874356;ahnak_mut;0.0005718029196675785;gene-gene
3311;ptpn22_mut;189.80047447197026;0.00013198107206130965;dnah5_mut;0.0005843800700205136;gene-gene
2888;type_of_breast_surgery;113.56131631583283;0.0001353007306640841;nf1_mut;0.0005986993066180846;clinic-gene
2850;type_of_breast_surgery;445.3461717025575;0.00013814789488551528;tp53_mut;0.0006109109756741109;clinic-gene
4943;nf2_mut;158.4146114916187;0.00013975918664910217;pde4dip_mut;0.0006176454377718386;gene-gene
4226;large1_mut;118.6360889992679;0.00014134512021557878;stab2_mut;0.0006242593899786655;gene-gene
2041;kdm3a_mut;58.95406381341383;0.00014547576611377238;map3k10_mut;0.0006420967642684318;gene-gene
1022;myo1a_mut;39.84907523043386;0.00014618270111024082;prkcz_mut;0.0006448096797078615;gene-gene
1024;myo1a_mut;39.824483649082254;0.0001475192655336826;prkce_mut;0.000650294705541855;gene-gene
1368;myo3a_mut;272.2703391497331;0.0001480350903022431;map3k1_mut;0.0006521571096732488;gene-gene
450;neoplasm_histologic_grade;22.655616005804674;0.00014834788338024494;cohort;0.0006531232899670898;clinic-clinic
4079;prkacg_mut;111.62169035520536;0.00015660833635873609;runx1_mut;0.0006890569560066051;gene-gene
3153;sik2_mut;192.54333202825725;0.0001571674368385982;gata3_mut;0.0006910817376911804;gene-gene
3470;tumor_size;141.33536140951298;0.00015920377926395638;lama2_mut;0.0006995954752938762;clinic-gene
1443;myo3a_mut;61.62530292771394;0.00016087451693046196;arid5b_mut;0.0007064929288454669;gene-gene
6309;nt5e_mut;94.05300023179748;0.00016352905566939679;lamb3_mut;0.0007176994421872333;gene-gene
1396;myo3a_mut;125.73476512826787;0.00016619291170463313;ncor1_mut;0.000728932752090566;gene-gene
1096;fanca_mut;123.03614679922327;0.0001702164573521118;atr_mut;0.0007461119118690121;gene-gene
2186;er_status_measured_by_ihc;62.90963113992473;0.00017082617728354134;setdb1_mut;0.0007483150474483407;clinic-gene
976;myo1a_mut;80.05435925082361;0.00017371221687554003;asxl1_mut;0.000760480738915663;gene-gene
353;primary_tumor_laterality;122.93930001020436;0.00017396184777191063;atr_mut;0.0007610967003020286;clinic-gene
1678;gldc_mut;162.30397589605164;0.0001749647151946106;tg_mut;0.000765005297287074;gene-gene
1202;mutation_count;34.07607710133162;0.00017929682971257456;integrative_cluster;0.0007834565035658277;clinic-clinic
2147;er_status_measured_by_ihc;93.64452488722685;0.0001814008250892806;lamb3_mut;0.0007921547280617523;clinic-gene
3485;tumor_size;94.87440598172252;0.0001871321532187908;map2k4_mut;0.0008166723013989328;clinic-gene
153;3-gene_classifier_subtype;26.380208696618418;0.00018910504991747007;pam50_+_claudin-low_subtype;0.0008247671559134602;clinic-clinic
2280;fam20c_mut;135.40192899515694;0.0001900613410455871;notch1_mut;0.0008284208296229053;gene-gene
3492;tumor_size;94.77237298444946;0.00019199369063125407;ptprd_mut;0.0008358005709910113;clinic-gene
3494;tumor_size;94.77237298444943;0.00019199369063125423;setd2_mut;0.0008358005709910113;clinic-gene
368;primary_tumor_laterality;92.01473070442785;0.0001944534549840372;usp9x_mut;0.0008459815006061445;clinic-gene
1366;myo3a_mut;277.2631164851996;0.00020449815212284574;syne1_mut;0.000889127933343076;gene-gene
633;cellularity;156.50599257712358;0.00020505121084013914;pde4dip_mut;0.0008909781157587389;clinic-gene
557;neoplasm_histologic_grade;51.770964311891575;0.00020579770304789748;smad4_mut;0.0008936659733969297;clinic-gene
1584;ptprm_mut;66.5988699083988;0.00020989762374537034;lifr_mut;0.0009109035385769581;gene-gene
688;cellularity;69.47338902538901;0.000210095153287127;arid2_mut;0.0009111948082043181;clinic-gene
6456;braf_mut;94.07583490197881;0.00022857472792798901;map2k4_mut;0.0009907268139161657;gene-gene
933;myo1a_mut;160.8592486139454;0.0002323750909585786;tg_mut;0.0010065745570536817;gene-gene
5095;ldlrap1_mut;158.34839288564493;0.0002333670822525762;birc6_mut;0.0010102452315357805;gene-gene
717;cellularity;41.83949798073936;0.00023789409937198972;fbxw7_mut;0.0010292049983356608;clinic-gene
2764;sik1_mut;78.85404080203135;0.00024043220837205312;fancd2_mut;0.0010395419801333757;gene-gene
1462;myo3a_mut;41.75380750832292;0.00024521360881749244;fbxw7_mut;0.0010591433924992716;gene-gene
2324;fam20c_mut;67.50176390773409;0.00024526892930640064;brca2_mut;0.0010591433924992716;gene-gene
6019;magea8_mut;85.38998971366622;0.0002633195541251864;setd1a_mut;0.0011363889590319193;gene-gene
1603;ptprm_mut;50.90398642813155;0.00027270790241421124;palld_mut;0.0011761790828198112;gene-gene
725;cellularity;34.64569873577281;0.0002834347695357963;lipi_mut;0.0012216895340818068;clinic-gene
4078;prkacg_mut;111.6388925750628;0.0002865202268421302;myh9_mut;0.0012342273889925793;gene-gene
6278;nt5e_mut;190.1916078981938;0.00029971605826830815;dnah2_mut;0.0012894803566014367;gene-gene
6427;braf_mut;190.1916078981936;0.0002997160582683173;dnah2_mut;0.0012894803566014367;gene-gene
6130;foxo1_mut;190.1414994720169;0.00030239561801780523;kmt2d_mut;0.0012992925295718819;gene-gene
6428;braf_mut;190.14149947201682;0.00030239561801780556;kmt2d_mut;0.0012992925295718819;gene-gene
1098;fanca_mut;123.01266385648168;0.000302554593618642;ncor1_mut;0.0012992925295718819;gene-gene
3598;flt3_mut;299.9867578984152;0.0003185354724602342;kmt2c_mut;0.0013670806794101082;gene-gene
1118;fanca_mut;81.88998023823041;0.0003214147191598297;alk_mut;0.0013785909409267834;gene-gene
4945;nf2_mut;158.3904378329219;0.00037415683031570253;tg_mut;0.0016038244008685972;gene-gene
3594;flt3_mut;226.07833170048093;0.0003758606234749938;pik3ca_mut;0.001610139899582944;gene-gene
2181;er_status_measured_by_ihc;62.95593206689531;0.0003980491994073863;bap1_mut;0.0017041481349628726;clinic-gene
0;tumor_stage;12.485375664601898;0.00041015022545565563;type_of_breast_surgery;0.001754880358394774;clinic-clinic
3040;stk11_mut;90.31956827622804;0.0004154736588102945;lamb3_mut;0.0017754828465489586;gene-gene
3190;sik2_mut;90.31956827622805;0.0004154736588102973;arid1b_mut;0.0017754828465489586;gene-gene
1728;gldc_mut;54.05882475599291;0.0004186112116917937;usp28_mut;0.001787797393698388;gene-gene
1466;myo3a_mut;41.70663444509597;0.0004363503809865992;rpgr_mut;0.0018624191276440858;gene-gene
1597;ptprm_mut;50.94247282621194;0.00043672572510403503;agmo_mut;0.001862883175397981;gene-gene
4265;large1_mut;58.285038504348144;0.00044062548657230663;ncoa3_mut;0.0018783711254915841;gene-gene
4223;large1_mut;118.65225014611336;0.00044684128570473777;atr_mut;0.001903707355621343;gene-gene
2544;nek1_mut;398.3168014983294;0.0004474550656148251;nottingham_prognostic_index;0.0019051605992996849;gene-clinic
1120;fanca_mut;81.8899802382304;0.00045604730250300014;ubr5_mut;0.001940561816436335;gene-gene
833;ep300_mut;69.52956965530842;0.00045676847310362835;foxo3_mut;0.0019424475481284549;gene-gene
3911;hdac9_mut;157.2815672737733;0.0004617500815429884;tg_mut;0.0019624378465577007;gene-gene
1839;sbno1_mut;118.33122585177378;0.0004787733717921406;pten_mut;0.0020335498776362835;gene-gene
494;neoplasm_histologic_grade;130.78944058080404;0.0004987876226559622;notch1_mut;0.0021172716400347557;clinic-gene
969;myo1a_mut;80.15160794063893;0.000503088930927405;alk_mut;0.0021342333699998655;gene-gene
974;myo1a_mut;80.07863223116709;0.0005125460563948951;apc_mut;0.002173033553416949;gene-gene
730;cellularity;34.58868661473312;0.0005443827602946087;chek2_mut;0.002305213543138443;clinic-gene
727;cellularity;34.58868661473312;0.0005443827602946087;gh1_mut;0.002305213543138443;clinic-gene
2613;nek1_mut;75.72666920421102;0.0005503713749150735;ctcf_mut;0.0023291609912365952;gene-gene
2614;nek1_mut;75.7138410688776;0.0005522123757706175;asxl1_mut;0.002335537451276819;gene-gene
4170;large1_mut;23.838273086170272;0.0005592629476991501;pam50_+_claudin-low_subtype;0.002363926325211108;gene-clinic
3038;stk11_mut;90.37357900975165;0.0005657980586116937;map2k4_mut;0.002390103407206713;gene-gene
6281;nt5e_mut;190.11665770279296;0.0005701783201387149;ryr2_mut;0.0024042461815385837;gene-gene
6430;braf_mut;190.1166577027929;0.0005701783201387312;ryr2_mut;0.0024042461815385837;gene-gene
6132;foxo1_mut;190.11665770279285;0.0005701783201387482;ryr2_mut;0.0024042461815385837;gene-gene
3196;sik2_mut;90.26584949261532;0.0005806086253326196;setd2_mut;0.0024467505821465702;gene-gene
1168;fanca_mut;40.79523488481227;0.0005952507306362155;rpgr_mut;0.0025069420463865203;gene-gene
3310;ptpn22_mut;189.83030752557318;0.0005986170229932848;ryr2_mut;0.0025196006865386028;gene-gene
1169;fanca_mut;40.77112575784137;0.0006001364061007339;foxp1_mut;0.0025244750568487826;gene-gene
169;3-gene_classifier_subtype;11.73808641954074;0.0006123395105132526;radio_therapy;0.0025742576173021035;clinic-clinic
1113;fanca_mut;82.0571207052525;0.0006137761548983188;setd1a_mut;0.002578745636966057;gene-gene
2119;er_status_measured_by_ihc;189.54090131657932;0.0006287160311685221;ryr2_mut;0.002639927229431769;clinic-gene
3930;hdac9_mut;105.43380538082125;0.0006461810804353843;runx1_mut;0.0027116319573585765;gene-gene
831;ep300_mut;69.58587071530265;0.0006545710697020602;ctnna3_mut;0.002745190914770885;gene-gene
4762;ppp2r2a_mut;17.14497944393486;0.0006598389729357365;her2_status_measured_by_snp6;0.0027656238175776788;gene-clinic
441;primary_tumor_laterality;17.08711564323315;0.0006781760280108032;ndfip1_mut;0.0028407769230884184;clinic-gene
1743;gldc_mut;53.894381623396946;0.0006857411569297845;map3k10_mut;0.0028707450350319978;gene-gene
23;tumor_stage;14.510937941249052;0.000706301067167043;death_from_cancer;0.0029550452432910955;clinic-clinic
971;myo1a_mut;80.15160794063893;0.0007067816248625387;ubr5_mut;0.00295528618367119;gene-gene
1463;myo3a_mut;41.75380750832291;0.000727802690686357;ttyh1_mut;0.0030413620812353927;gene-gene
1662;gldc_mut;323.8480035548784;0.0007314722505337779;ahnak2_mut;0.003054869464721761;gene-gene
6120;foxo1_mut;380.52071313185644;0.0007450006417226521;muc16_mut;0.0031095098469033273;gene-gene
1673;gldc_mut;188.416045799167;0.0007598062402991479;ryr2_mut;0.00316941265729561;gene-gene
337;primary_tumor_laterality;149.63872004669656;0.0007707042650085646;pde4dip_mut;0.003212953878051814;clinic-gene
184;3-gene_classifier_subtype;184.71703703703707;0.0007738428399293155;kmt2d_mut;0.0032241144439988834;clinic-gene
2611;nek1_mut;75.7523668782194;0.0007751498558327139;asxl2_mut;0.0032276353055442028;gene-gene
2897;type_of_breast_surgery;86.17170107601565;0.0008225975335849374;usp9x_mut;0.0034231619816307074;clinic-gene
1843;sbno1_mut;118.28224765752118;0.0008248881488272193;ncor1_mut;0.0034306508903903456;gene-gene
5279;clrn2_mut;78.15890600500211;0.0008319907782880218;alk_mut;0.0034581318071971495;gene-gene
6131;foxo1_mut;190.13651985844655;0.0008490736428611041;ush2a_mut;0.003524942093090133;gene-gene
6429;braf_mut;190.13651985844663;0.000849073642861127;ush2a_mut;0.003524942093090133;gene-gene
3931;hdac9_mut;105.42464509991316;0.0008578520861006424;nf1_mut;0.0035592710959532;gene-gene
1760;gldc_mut;37.92505627912059;0.0009255865865574651;fbxw7_mut;0.0038380258043186994;gene-gene
4799;ppp2r2a_mut;146.15688573932326;0.0009341279105900652;tbx3_mut;0.0038711457362353412;gene-gene
428;primary_tumor_laterality;34.64697493682319;0.0009590381443627973;prkcz_mut;0.0039714531380470736;clinic-gene
873;ep300_mut;34.64569873577281;0.0009594694285134479;prkcz_mut;0.0039714531380470736;gene-gene
875;ep300_mut;34.61717760065724;0.0009691571283806713;prkce_mut;0.004009177534633363;gene-gene
430;primary_tumor_laterality;34.589410841853805;0.000978679571795254;prkce_mut;0.0040461740639842845;clinic-gene
5570;dtwd2_mut;85.39507379443994;0.0009895186508421536;usp9x_mut;0.004088567009718585;gene-gene
850;ep300_mut;51.13347542534543;0.0010135005816030716;smarcc2_mut;0.004185182366229705;gene-gene
4495;oncotree_code;189.0432680230608;0.0010163346669565065;ush2a_mut;0.004189457414764078;clinic-gene
4641;cancer_type_detailed;189.0432680230608;0.0010163346669565065;ush2a_mut;0.004189457414764078;clinic-gene
4349;tumor_other_histologic_subtype;189.0432680230608;0.0010163346669565065;ush2a_mut;0.004189457414764078;clinic-gene
4188;large1_mut;18.42154674170492;0.0010206353074517702;tumor_stage;0.004204704536064575;gene-clinic
1737;gldc_mut;53.949020501321044;0.0010303105659303046;pbrm1_mut;0.004242062418476746;gene-gene
6268;nt5e_mut;428.1423011581701;0.0010460339960115025;tp53_mut;0.004304263563093267;gene-gene
1957;kdm3a_mut;219.5387708714922;0.0010479092097073937;pik3ca_mut;0.004309441817672489;gene-gene
268;3-gene_classifier_subtype;43.62864931846345;0.0010627267251410702;cdkn1b_mut;0.004367806840329798;clinic-gene
399;primary_tumor_laterality;52.38171139809588;0.0010722722839824881;chd1_mut;0.004404448235264929;clinic-gene
1598;ptprm_mut;50.92321939142757;0.00107874687260752;zfp36l1_mut;0.004428439717337687;gene-gene
2608;nek1_mut;75.76523646146204;0.0010824765031049923;adgra2_mut;0.004441141119902866;gene-gene
2855;type_of_breast_surgery;181.46748436913333;0.0010913279552510749;gata3_mut;0.004474828886936185;clinic-gene
514;neoplasm_histologic_grade;90.16950156133964;0.001097266222822218;shank2_mut;0.004496539060914274;clinic-gene
1823;sbno1_mut;177.72598686114483;0.0011212298577878894;dnah5_mut;0.004592047489076192;gene-gene
4942;nf2_mut;158.47552203366152;0.0011292127808345796;herc2_mut;0.004622032630164738;gene-gene
5242;clrn2_mut;158.40855793131266;0.0011426151257144354;akap9_mut;0.004671417134796367;gene-gene
4944;nf2_mut;158.40855793131263;0.0011426151257144686;akap9_mut;0.004671417134796367;gene-gene
586;neoplasm_histologic_grade;25.76516612705619;0.001152000349793211;prkg1_mut;0.0047070330081901545;clinic-gene
2464;npnt_mut;72.81903764046552;0.0011585328048732953;ctcf_mut;0.0047309577484802535;gene-gene
2465;npnt_mut;72.80564645824438;0.0011624413973091773;asxl1_mut;0.004744146053153751;gene-gene
895;myo1a_mut;18.090236769411696;0.0011849773706535517;cohort;0.00483329649080932;gene-clinic
993;myo1a_mut;52.026622692629964;0.0011894987449895889;chd1_mut;0.004848907661168178;gene-gene
1465;myo3a_mut;41.730208470595116;0.0012059580848389937;map3k13_mut;0.004913136524064168;gene-gene
2034;kdm3a_mut;59.00366463253336;0.0012134345381117902;l1cam_mut;0.0049407151036055235;gene-gene
1206;mutation_count;10.431637006996368;0.001238748985588783;overall_survival;0.005040849832445443;clinic-clinic
6723;nr3c1_mut;211.38561144760283;0.001242459334075636;dnah11_mut;0.00505300545237862;gene-gene
3901;hdac9_mut;211.21404539164206;0.0012754243329145024;dnah11_mut;0.005184054574795595;gene-gene
2592;nek1_mut;86.89022387794927;0.0012839767811527252;map2k4_mut;0.005215782424368658;gene-gene
2751;sik1_mut;79.00194566096148;0.0012970673784649144;setd1a_mut;0.005265897602169877;gene-gene
6592;ccnd3_mut;104.74505712268385;0.0013028677194202698;cbfb_mut;0.005286374422525798;gene-gene
2208;er_status_measured_by_ihc;30.515020939175102;0.0013146435504806156;or6a2_mut;0.005331058901455636;clinic-gene
2275;fam20c_mut;135.50211208110397;0.0013793310788348904;utrn_mut;0.0055901312342339785;gene-gene
1695;gldc_mut;108.17873830483899;0.0014006965091118077;stab2_mut;0.005673429860385043;gene-gene
5;tumor_stage;21.58910728943092;0.0014369071009002244;pam50_+_claudin-low_subtype;0.0058167264855097725;clinic-clinic
3926;hdac9_mut;105.50744862437797;0.0014468784229008814;thada_mut;0.005850312234264155;gene-gene
3777;taf4b_mut;105.50744862437796;0.0014468784229008816;thada_mut;0.005850312234264155;gene-gene
6779;nr3c1_mut;69.10889879540608;0.0015017425991554012;kdm6a_mut;0.006068638253498432;gene-gene
2612;nek1_mut;75.72666920421102;0.0015130563726849305;apc_mut;0.006107683219272882;gene-gene
2896;type_of_breast_surgery;86.1717010760157;0.001514027098294065;ptprd_mut;0.006107683219272882;clinic-gene
2898;type_of_breast_surgery;86.1717010760157;0.001514027098294065;setd2_mut;0.006107683219272882;clinic-gene
814;ep300_mut;86.16450188566944;0.001516517898040537;setd2_mut;0.006114201127299037;gene-gene
1920;sbno1_mut;28.44987215626751;0.0015287175038613836;gpr32_mut;0.006159832294970869;gene-gene
1814;sbno1_mut;179.4074252774969;0.0015302178861100536;gata3_mut;0.006162324132709477;gene-gene
925;myo1a_mut;180.49496761215426;0.0015546258033250194;dnah2_mut;0.0062570106496727595;gene-gene
1741;gldc_mut;53.912575165904;0.001559335149565837;arid5b_mut;0.006272351577441855;gene-gene
1589;ptprm_mut;51.000356286864296;0.001601232444505633;chd1_mut;0.006437175540713957;gene-gene
746;ep300_mut;17.36217967538341;0.0016435194076436703;cohort;0.006603375561360739;gene-clinic
1516;ptprm_mut;178.9357072006923;0.0016516584777415762;gata3_mut;0.006632263094241605;gene-gene
427;primary_tumor_laterality;34.64697493682319;0.0016574775310934397;clk3_mut;0.006650867005830475;clinic-gene
723;cellularity;34.645698735772804;0.001658195266087976;clk3_mut;0.006650867005830475;clinic-gene
406;primary_tumor_laterality;52.26715631662233;0.0016690665030424758;erbb4_mut;0.0066906297514387715;clinic-gene
4929;nf2_mut;317.29332390165376;0.0016749390954703671;ahnak2_mut;0.006710320791313908;gene-gene
919;myo1a_mut;262.5457567167185;0.0016911237355165625;syne1_mut;0.006771278819515314;gene-gene
279;3-gene_classifier_subtype;34.567901234567906;0.0017025185408150987;clk3_mut;0.006812999452849424;clinic-gene
2433;npnt_mut;108.45263071662939;0.0017122431928370129;col22a1_mut;0.006847992666486669;gene-gene
5801;agtr2_mut;17.238266160370912;0.0017373767192827333;cohort;0.006944537264089507;gene-clinic
5711;ctnna1_mut;85.44621854178807;0.001785442693726444;map2k4_mut;0.007132583248179911;gene-gene
1403;myo3a_mut;84.01060960950892;0.001845649181208593;lamb3_mut;0.00736888618805968;gene-gene
1457;myo3a_mut;41.801080779862595;0.0018852719491160594;cdkn1b_mut;0.007521033090018209;gene-gene
4072;prkacg_mut;111.70807848944835;0.0018859095425378418;pten_mut;0.007521033090018209;gene-gene
448;neoplasm_histologic_grade;9.61472754019057;0.001930230980056708;chemotherapy;0.00769339638200583;clinic-clinic
1067;fanca_mut;286.4495004748774;0.001982418341421187;kmt2c_mut;0.007896896779652128;gene-gene
2609;nek1_mut;75.76523646146204;0.002052280042172424;ubr5_mut;0.00817053028755483;gene-gene
2874;type_of_breast_surgery;128.43888459248436;0.00206858307595466;lama2_mut;0.008230745986159001;clinic-gene
5153;ldlrap1_mut;51.45795649779168;0.0020971875360941343;pbrm1_mut;0.008339811789806327;gene-gene
1965;kdm3a_mut;206.71965020576133;0.002101581658604819;ahnak_mut;0.008352531882065911;gene-gene
3632;flt3_mut;99.90128812878477;0.002120268894987509;runx1_mut;0.00842201180743475;gene-gene
1522;ptprm_mut;178.3421300250438;0.002192810582561773;kmt2d_mut;0.008705208829749494;gene-gene
2459;npnt_mut;72.85929767485048;0.002198285058376599;adgra2_mut;0.008721986202656046;gene-gene
585;neoplasm_histologic_grade;25.803767560369657;0.002199563000245993;akt2_mut;0.008722103679182039;clinic-gene
341;primary_tumor_laterality;132.8979596146873;0.002226545773994716;utrn_mut;0.008824092639195168;clinic-gene
694;cellularity;51.21716328922305;0.0022435400231021244;pbrm1_mut;0.008886402574498041;clinic-gene
1968;kdm3a_mut;178.0207364851036;0.002306742253623116;dnah2_mut;0.00913156267765706;gene-gene
402;primary_tumor_laterality;52.38171139809589;0.0023880824315859243;arid5b_mut;0.009448206086914412;clinic-gene
1596;ptprm_mut;50.9617467651867;0.002409361457043006;erbb4_mut;0.009526999717237963;gene-gene
4033;prkacg_mut;383.69010187401454;0.0024162005134233996;nottingham_prognostic_index;0.009548638567471318;gene-clinic
2755;sik1_mut;78.95243141977784;0.002419156632007502;rb1_mut;0.009554916556153994;gene-gene
3779;taf4b_mut;105.48897741717094;0.002421902915696079;stab2_mut;0.00956035913670537;gene-gene
1157;fanca_mut;40.940427968452;0.002457902584922605;dcaf4l2_mut;0.009696987781397087;gene-gene
2093;er_status_measured_by_ihc;9.163700404172836;0.0024686288354911724;hormone_therapy;0.00973380907086728;clinic-clinic
1200;mutation_count;9.158152919616162;0.0024761237501124394;hormone_therapy;0.009757654773647132;clinic-clinic
5686;ctnna1_mut;172.85767159924418;0.002477469524609992;dnah5_mut;0.009757654773647132;gene-gene
2027;kdm3a_mut;59.07004662004661;0.0024846347189615837;brca2_mut;0.009780362130357514;gene-gene
210;3-gene_classifier_subtype;99.12423857099607;0.0024893912913925534;runx1_mut;0.009793568104144015;clinic-gene
1159;fanca_mut;40.89192746414536;0.002494683674502472;cdkn1b_mut;0.009808865972846805;gene-gene
421;primary_tumor_laterality;34.935711551112604;0.0025113879221368607;fbxw7_mut;0.009868991795258856;clinic-gene
1408;myo3a_mut;83.89323320523319;0.002527992220923032;ptprd_mut;0.009928657474755045;gene-gene
1163;fanca_mut;40.84352987868076;0.0025319098885305757;nrg3_mut;0.009938457523125357;gene-gene
316;primary_tumor_laterality;9.095695069607478;0.002562118248122689;radio_therapy;0.010051386973404396;clinic-clinic
3161;sik2_mut;180.8301387730171;0.0025789896531391568;ryr2_mut;0.010111897141685347;gene-gene
1810;sbno1_mut;369.65389354695435;0.0025990749391402693;muc16_mut;0.01018493359493722;gene-gene
1190;mutation_count;11.864195251531987;0.0026529113330763326;cellularity;0.010390073701908259;clinic-clinic
248;3-gene_classifier_subtype;56.0621890016017;0.0026857798518476824;bap1_mut;0.010512909705803784;clinic-gene
1535;ptprm_mut;127.00061117645397;0.002693353100569853;lama2_mut;0.010536650679552948;gene-gene
550;neoplasm_histologic_grade;51.923700275913035;0.002708135112474011;arid5b_mut;0.010588550660803534;clinic-gene
2602;nek1_mut;75.85571289946115;0.002721504013577834;setd1a_mut;0.010634870549702644;gene-gene
3633;flt3_mut;99.89155381823261;0.00274612237854958;nf1_mut;0.01072507381717491;gene-gene
4359;tumor_other_histologic_subtype;126.69957884895402;0.0028446231425442894;col6a3_mut;0.011091172933569728;clinic-gene
4651;cancer_type_detailed;126.69957884895402;0.0028446231425442894;col6a3_mut;0.011091172933569728;clinic-gene
4505;oncotree_code;126.69957884895402;0.0028446231425442894;col6a3_mut;0.011091172933569728;clinic-gene
4507;oncotree_code;126.68423621164413;0.002852540617237235;lama2_mut;0.011103454759129003;clinic-gene
4653;cancer_type_detailed;126.68423621164413;0.002852540617237235;lama2_mut;0.011103454759129003;clinic-gene
4361;tumor_other_histologic_subtype;126.68423621164413;0.002852540617237235;lama2_mut;0.011103454759129003;clinic-gene
5974;magea8_mut;258.51527168959063;0.002876225037828582;syne1_mut;0.011189412215650502;gene-gene
2281;fam20c_mut;100.85176765180722;0.0029080218091388868;cbfb_mut;0.011306816015833833;gene-gene
1456;myo3a_mut;41.82475509358531;0.0029147053353910037;bcas3_mut;0.011326499543035008;gene-gene
1460;myo3a_mut;41.77743159810773;0.0029562689763735963;brip1_mut;0.01148162942630479;gene-gene
379;primary_tumor_laterality;70.28904772866049;0.002969115002319695;asxl2_mut;0.011525114734004282;clinic-gene
216;3-gene_classifier_subtype;63.675943661971836;0.0030009128012645717;erbb2_mut;0.01164207537059165;clinic-gene
3773;taf4b_mut;105.53523138587603;0.0030663031557625173;col22a1_mut;0.01188915657564523;gene-gene
3441;tumor_size;8.720627898275511;0.0031462966355957633;radio_therapy;0.012192553850752965;clinic-clinic
253;3-gene_classifier_subtype;52.69014925373135;0.003190984547229449;setdb1_mut;0.012358874185971263;clinic-gene
1008;myo1a_mut;40.07157609328506;0.0032022478574602;dcaf4l2_mut;0.012395626470955356;gene-gene
1211;mutation_count;11.465468598726739;0.0032382108795550677;death_from_cancer;0.012527895578876666;clinic-clinic
6277;nt5e_mut;188.42519393929052;0.0033584813719746477;cdh1_mut;0.012986004065294335;gene-gene
158;3-gene_classifier_subtype;13.633288076697;0.0034492884836574743;her2_status_measured_by_snp6;0.013329744820417462;clinic-clinic
2570;nek1_mut;151.85935735381753;0.0034745504376480657;akap9_mut;0.01341994688106525;gene-gene
1592;ptprm_mut;51.00035628686429;0.003480851180490032;arid5b_mut;0.01343685480557119;gene-gene
3631;flt3_mut;99.92078861342605;0.003502585097243345;myh9_mut;0.013513286623102845;gene-gene
2029;kdm3a_mut;59.07004662004661;0.0035051187811904003;arid2_mut;0.013515598744027222;gene-gene
777;ep300_mut;175.25863641419193;0.003538078782673433;kmt2d_mut;0.01363516627387715;gene-gene
2434;npnt_mut;108.43978377553412;0.00356678459147228;pten_mut;0.01373821606428711;gene-gene
1515;ptprm_mut;256.8035434916725;0.0035808695712645925;syne1_mut;0.013784868151198738;gene-gene
1414;myo3a_mut;65.56225737584958;0.003600204969495518;erbb3_mut;0.013851669670630609;gene-gene
2240;fam20c_mut;8.443768233579087;0.0036629645353581193;her2_status;0.014085378760895531;gene-clinic
1158;fanca_mut;40.91616483093621;0.003818665668991364;bcas3_mut;0.014676026968780342;gene-gene
465;neoplasm_histologic_grade;13.413879051142882;0.0038219254678711003;3-gene_classifier_subtype;0.014680480068177777;clinic-clinic
4070;prkacg_mut;111.73417984394935;0.0038241180225792168;col12a1_mut;0.014680831111956585;gene-gene
1771;gldc_mut;25.91442303885471;0.0038570028898674805;gpr32_mut;0.014798945190282312;gene-gene
994;myo1a_mut;45.1039647031174;0.003859663952621189;jak1_mut;0.014801027462658755;gene-gene
549;neoplasm_histologic_grade;51.923700275913006;0.003914369467101144;setdb1_mut;0.01500257787528014;clinic-gene
185;3-gene_classifier_subtype;180.2502688070507;0.004012073702715635;ush2a_mut;0.015368617851356438;clinic-gene
4672;cancer_type_detailed;62.435756994219275;0.004067910062586137;erbb2_mut;0.015556917135900022;clinic-gene
4526;oncotree_code;62.435756994219275;0.004067910062586137;erbb2_mut;0.015556917135900022;clinic-gene
4380;tumor_other_histologic_subtype;62.435756994219275;0.004067910062586137;erbb2_mut;0.015556917135900022;clinic-gene
1822;sbno1_mut;177.77469525010505;0.004102446316170043;ryr2_mut;0.0156804116034355;gene-gene
2317;fam20c_mut;67.60285528877353;0.004115470229041952;fancd2_mut;0.015721591301430353;gene-gene
922;myo1a_mut;201.8914668285995;0.004211056356523095;ahnak_mut;0.0160779512366267;gene-gene
2752;sik1_mut;78.98954704900204;0.004243636778046804;thsd7a_mut;0.016193495449597497;gene-gene
1453;myo3a_mut;41.84845457935875;0.004396159916485;smarcc1_mut;0.016757211858418275;gene-gene
1454;myo3a_mut;41.84845457935875;0.004396159916485;palld_mut;0.016757211858418275;gene-gene
1546;ptprm_mut;102.37407066628121;0.004460093494962323;stab2_mut;0.0169916429930762;gene-gene
672;cellularity;69.81228703407386;0.0044854717962866456;adgra2_mut;0.017079014409076183;clinic-gene
358;primary_tumor_laterality;96.02540298490564;0.004644085065579078;runx1_mut;0.017673323721787045;clinic-gene
1104;fanca_mut;82.22553013460556;0.004768852554338924;ros1_mut;0.018138254108419193;gene-gene
1009;myo1a_mut;40.04674868563429;0.004927871355514953;bcas3_mut;0.018732882024473874;gene-gene
1376;myo3a_mut;168.36183373262722;0.004959826475711976;dnah5_mut;0.01884410417933637;gene-gene
1012;myo1a_mut;40.02194764803944;0.004963594875892317;men1_mut;0.01884817249883675;gene-gene
1591;ptprm_mut;51.00035628686429;0.004990892631349157;setdb1_mut;0.018941535478129583;gene-gene
5980;magea8_mut;172.95849696067268;0.004999238280290495;dnah2_mut;0.018942341575048774;gene-gene
5533;dtwd2_mut;172.95849696067268;0.004999238280290495;dnah2_mut;0.018942341575048774;gene-gene
5384;prr16_mut;172.95849696067265;0.004999238280290531;dnah2_mut;0.018942341575048774;gene-gene
5385;prr16_mut;172.9022288388374;0.00504108336555323;kmt2d_mut;0.019090541720932476;gene-gene
1834;sbno1_mut;118.59518646085809;0.005117129583711389;notch1_mut;0.019368030553299824;gene-gene
4506;oncotree_code;126.69190328731312;0.005366987313191345;arid1a_mut;0.02028076817591559;clinic-gene
4360;tumor_other_histologic_subtype;126.69190328731312;0.005366987313191345;arid1a_mut;0.02028076817591559;clinic-gene
4652;cancer_type_detailed;126.69190328731312;0.005366987313191345;arid1a_mut;0.02028076817591559;clinic-gene
3610;flt3_mut;149.11054279184955;0.005402090393512755;herc2_mut;0.020402381394310068;gene-gene
961;myo1a_mut;80.34736692489417;0.005439815751903032;ptprd_mut;0.0205226742216775;gene-gene
963;myo1a_mut;80.34736692489419;0.005439815751903067;setd2_mut;0.0205226742216775;gene-gene
2743;sik1_mut;79.07661957754327;0.005459400779883549;lamb3_mut;0.020574343715774903;gene-gene
2744;sik1_mut;79.07661957754323;0.005459400779883594;arid1b_mut;0.020574343715774903;gene-gene
2313;fam20c_mut;67.66096360585458;0.0054680328443202615;asxl2_mut;0.02059576575917287;gene-gene
1156;fanca_mut;40.94042796845199;0.00570297991524646;palld_mut;0.021469138290855075;gene-gene
2738;sik1_mut;97.3414686616135;0.0057914566081146025;myh9_mut;0.021790472439901308;gene-gene
163;3-gene_classifier_subtype;24.756526564031414;0.005826611586570014;integrative_cluster;0.02190856769025633;clinic-clinic
4191;large1_mut;411.53316145939687;0.005829115118961861;tp53_mut;0.02190856769025633;gene-gene
820;ep300_mut;69.81228703407389;0.005985395880972157;alk_mut;0.022483850010942184;gene-gene
3291;ptpn22_mut;7.544941949761216;0.006017876092860376;pr_status;0.022593713197643982;gene-clinic
779;ep300_mut;175.11903039274432;0.006058401358044484;ryr2_mut;0.022733646771566494;gene-gene
825;ep300_mut;69.7271527949228;0.0060997326332961925;apc_mut;0.022876452983811326;gene-gene
3776;taf4b_mut;105.50744862437796;0.006171233580725214;atr_mut;0.02313219368483212;gene-gene
571;neoplasm_histologic_grade;26.11405267650551;0.0062409983205308885;or6a2_mut;0.023381155638364244;clinic-gene
226;3-gene_classifier_subtype;74.65257861635223;0.006277544984018432;rb1_mut;0.02350546988388895;clinic-gene
463;neoplasm_histologic_grade;7.457654837283412;0.006316724686765909;pr_status;0.023639504759739374;clinic-clinic
3735;taf4b_mut;374.45020089686045;0.006327476833368583;nottingham_prognostic_index;0.023667066720956257;gene-clinic
772;ep300_mut;245.4307204742843;0.006342055495402985;map3k1_mut;0.0237089040911614;gene-gene
3731;taf4b_mut;7.436630490305864;0.006390943483108196;hormone_therapy;0.023878888832340624;gene-clinic
577;neoplasm_histologic_grade;25.958581774399345;0.006582635267703473;lipi_mut;0.024581973605261445;clinic-gene
1108;fanca_mut;41.80619875293971;0.00659736396779527;sf3b1_mut;0.024623815193902537;gene-gene
2025;kdm3a_mut;59.1033442229909;0.006622231677760657;foxo3_mut;0.024690252258545202;gene-gene
1876;sbno1_mut;59.1033442229909;0.006622231677760657;foxo3_mut;0.024690252258545202;gene-gene
2126;er_status_measured_by_ihc;126.53970989978723;0.006726472236592126;utrn_mut;0.025065526142436897;clinic-gene
798;ep300_mut;104.95100893997446;0.006830076276586827;atr_mut;0.025438029288119487;gene-gene
1583;ptprm_mut;51.09724121699592;0.006861223004277154;aff2_mut;0.0255404182902954;gene-gene
6118;foxo1_mut;206.29593451243966;0.006875302403558924;pik3ca_mut;0.025579200156371776;gene-gene
2741;sik1_mut;79.13921985815603;0.006998293352707006;map2k4_mut;0.02602292477667049;gene-gene
1973;kdm3a_mut;147.4027513090013;0.007050495649397873;herc2_mut;0.026203092075714328;gene-gene
959;myo1a_mut;41.52249437373443;0.007137136715246895;sf3b1_mut;0.026510991084226505;gene-gene
2750;sik1_mut;79.01435767682577;0.007180920519118253;setd2_mut;0.026659453595685032;gene-gene
2310;fam20c_mut;67.67552977844902;0.007254885417600752;adgra2_mut;0.026919747431108046;gene-gene
3484;tumor_size;94.91553039238815;0.007285523476957754;nf1_mut;0.02697519175673772;clinic-gene
3335;ptpn22_mut;94.91553039238815;0.007285523476957754;nf1_mut;0.02697519175673772;gene-gene
1005;myo1a_mut;40.071576093285074;0.007289131535239824;prkcq_mut;0.02697519175673772;gene-gene
1004;myo1a_mut;40.07157609328507;0.0072891315352398255;casp8_mut;0.02697519175673772;gene-gene
1006;myo1a_mut;40.07157609328506;0.007289131535239848;smarcc1_mut;0.02697519175673772;gene-gene
150;3-gene_classifier_subtype;15.829184541141636;0.007349064468540811;cancer_type_detailed;0.027168208170208808;clinic-clinic
166;3-gene_classifier_subtype;15.829184541141636;0.007349064468540811;oncotree_code;0.027168208170208808;clinic-clinic
260;3-gene_classifier_subtype;43.9794609929078;0.007671978578789222;zfp36l1_mut;0.02834696685880502;clinic-gene
2701;sik1_mut;205.4436771064259;0.007687521098653561;pik3ca_mut;0.028389381562522426;gene-gene
939;myo1a_mut;120.87025052887114;0.00785844466693421;lama2_mut;0.02900525773263039;gene-gene
822;ep300_mut;69.81228703407389;0.007897792518987364;ubr5_mut;0.029135098379178832;gene-gene
160;3-gene_classifier_subtype;19.0456810058572;0.008045438346107912;tumor_other_histologic_subtype;0.029664104339976766;clinic-clinic
423;primary_tumor_laterality;25.367232480133314;0.008052213227458733;or6a2_mut;0.02967342501068258;clinic-gene
480;neoplasm_histologic_grade;169.6416518410697;0.008089536516212364;kmt2d_mut;0.029795251259238688;clinic-gene
2251;fam20c_mut;11.786023818078391;0.008153278945164592;3-gene_classifier_subtype;0.03001420442037145;gene-clinic
3374;ptpn22_mut;46.426628780926606;0.00816996076519506;pbrm1_mut;0.030059776654248492;gene-gene
2001;kdm3a_mut;59.474379809428555;0.00821572853120237;erbb2_mut;0.030212260656584715;gene-gene
517;neoplasm_histologic_grade;78.35133404146507;0.008226386314249661;setd2_mut;0.030235539809396306;clinic-gene
457;neoplasm_histologic_grade;6.972232431746052;0.008278415434103579;inferred_menopausal_state;0.030410772154617093;clinic-clinic
4793;ppp2r2a_mut;146.33594078966897;0.008300666845808422;herc2_mut;0.030476489359781107;gene-gene
4795;ppp2r2a_mut;146.26233928883983;0.00839392861106189;akap9_mut;0.03080272017095033;gene-gene
2419;npnt_mut;146.20860427889178;0.008462616419225747;herc2_mut;0.031038478173821677;gene-gene
606;cellularity;23.67441650399002;0.008513109219532581;integrative_cluster;0.031207289673071428;clinic-clinic
1561;ptprm_mut;75.6979190914137;0.008525036194512304;thsd7a_mut;0.03123462395965258;gene-gene
2863;type_of_breast_surgery;172.65522587915993;0.008598413476775117;ryr2_mut;0.03148695752737303;clinic-gene
2169;er_status_measured_by_ihc;63.09572907171855;0.008617454808734151;taf1_mut;0.03154015544715847;clinic-gene
3624;flt3_mut;100.00907000154304;0.008689681001080387;col22a1_mut;0.0317878540076171;gene-gene
1729;gldc_mut;54.022145045965246;0.008796772850913449;brca2_mut;0.03216276918332405;gene-gene
321;primary_tumor_laterality;407.0730139817565;0.00887185794903662;tp53_mut;0.03242033027715421;clinic-gene
2023;kdm3a_mut;59.13671320343345;0.008881841859094037;ctnna3_mut;0.032422899200360525;gene-gene
1874;sbno1_mut;59.13671320343345;0.008881841859094037;ctnna3_mut;0.032422899200360525;gene-gene
960;myo1a_mut;80.42121374258768;0.008915427320375506;shank2_mut;0.032496775259269584;gene-gene
1875;sbno1_mut;59.12001977668822;0.008916032370405008;brca1_mut;0.032496775259269584;gene-gene
2024;kdm3a_mut;59.12001977668822;0.008916032370405008;brca1_mut;0.032496775259269584;gene-gene
2742;sik1_mut;79.08911247519269;0.00909703376171568;ros1_mut;0.03313919441767854;gene-gene
1372;myo3a_mut;168.78371369296724;0.009131118237822637;dnah2_mut;0.03324602560066012;gene-gene
2085;er_status_measured_by_ihc;6.772686108909567;0.009256341719791604;chemotherapy;0.033684406039679135;clinic-clinic
1705;gldc_mut;80.1478044161095;0.009414384982949081;shank2_mut;0.034241701132673205;gene-gene
156;3-gene_classifier_subtype;6.734208695607532;0.009458117866722902;er_status;0.0343828665633678;clinic-clinic
6850;tbl1xr1_mut;18.614165555051677;0.00948589825212832;tumor_other_histologic_subtype;0.0344659236025068;gene-clinic
1069;fanca_mut;167.22188522045096;0.0096775160963881;gata3_mut;0.035143869524669254;gene-gene
3597;flt3_mut;301.74407812905474;0.009877022584200049;ahnak2_mut;0.035849743790028955;gene-gene
12;tumor_stage;18.42258274219292;0.010202127864922809;tumor_other_histologic_subtype;0.03701052304891779;clinic-clinic
4234;large1_mut;58.49589584442773;0.010284924279941977;erbb2_mut;0.03729152358274758;gene-gene
228;3-gene_classifier_subtype;66.05307499102979;0.010335322026264776;adgra2_mut;0.03745482105680082;clinic-gene
1068;fanca_mut;247.9470470830684;0.010449019430829638;syne1_mut;0.0378453541284431;gene-gene
2595;nek1_mut;75.93381056348082;0.010453919202503962;arid1b_mut;0.0378453541284431;gene-gene
601;cellularity;11.233696675869261;0.010527035937183694;her2_status_measured_by_snp6;0.03809031594671283;clinic-clinic
1543;ptprm_mut;102.41254770830153;0.010732381456835548;atr_mut;0.03881322424374222;gene-gene
1084;fanca_mut;123.63169090759774;0.010806799372241582;utrn_mut;0.03905042092157905;gene-gene
42;tumor_stage;144.5754325262813;0.010809147568675239;akap9_mut;0.03905042092157905;clinic-gene
579;neoplasm_histologic_grade;25.881092841689984;0.01115738326404909;gh1_mut;0.04028766763096175;clinic-gene
3330;ptpn22_mut;95.00871871212306;0.011180043138406166;thada_mut;0.04034863709093176;gene-gene
2167;er_status_measured_by_ihc;63.12697859911252;0.011310371080662431;asxl1_mut;0.040797915715327;clinic-gene
2168;er_status_measured_by_ihc;63.111345448532155;0.011348853601350293;fancd2_mut;0.04091560377328922;clinic-gene
1674;gldc_mut;162.62601770360405;0.01137585348632452;dnah5_mut;0.0409808735603918;gene-gene
5386;prr16_mut;172.8966370946052;0.011390418842748086;ush2a_mut;0.0409808735603918;gene-gene
5982;magea8_mut;172.8966370946052;0.011390418842748086;ush2a_mut;0.0409808735603918;gene-gene
5535;dtwd2_mut;172.8966370946052;0.011390418842748086;ush2a_mut;0.0409808735603918;gene-gene
527;neoplasm_histologic_grade;64.2670361400627;0.011591515481012138;asxl2_mut;0.04168292262780845;clinic-gene
2747;sik1_mut;79.05167436556114;0.011681740759965888;shank2_mut;0.04198576270055641;gene-gene
1663;gldc_mut;271.3045818475407;0.01181163562497927;kmt2c_mut;0.04243079594433427;gene-gene
273;3-gene_classifier_subtype;29.92806366047746;0.01218355076534026;fbxw7_mut;0.043744331550581904;clinic-gene
490;neoplasm_histologic_grade;131.01639700719846;0.012208550522585385;tbx3_mut;0.043811578069493616;clinic-gene
2311;fam20c_mut;67.675529778449;0.012425433206162913;ubr5_mut;0.04456699271635538;gene-gene
2499;npnt_mut;35.40541032736717;0.012476094562607136;cdkn1b_mut;0.04472574279575991;gene-gene
309;primary_tumor_laterality;6.228820359977804;0.012568743863549229;hormone_therapy;0.04503477608954793;clinic-clinic
608;cellularity;367.1897487489308;0.0127245684835357;nottingham_prognostic_index;0.04556973859275445;clinic-clinic
250;3-gene_classifier_subtype;44.68445393098543;0.012744520515603886;pbrm1_mut;0.04561780985785059;clinic-gene
2999;stk11_mut;403.039397242004;0.012772499954029423;tp53_mut;0.04569455052678114;gene-gene
5670;ctnna1_mut;8.687091360395005;0.012990386693402156;death_from_cancer;0.0464265124433764;gene-clinic
5372;prr16_mut;8.687091360395005;0.012990386693402156;death_from_cancer;0.0464265124433764;gene-clinic
447;neoplasm_histologic_grade;8.67195072852947;0.0130891012033327;cellularity;0.04674895798795253;clinic-clinic
1446;myo3a_mut;41.94350504760733;0.0130939903796226;smarcc2_mut;0.04674895798795253;gene-gene
220;3-gene_classifier_subtype;73.48948948948951;0.013331595652691701;usp9x_mut;0.04757296160641313;clinic-gene
3185;sik2_mut;90.4278840796978;0.01334916630820298;runx1_mut;0.047611345071676484;gene-gene
929;myo1a_mut;161.29507828569893;0.013666111092585236;dnah5_mut;0.048716897042802576;gene-gene
416;primary_tumor_laterality;35.0516355449537;0.013768179643827245;cdkn1b_mut;0.04905572216798621;clinic-gene
288;3-gene_classifier_subtype;20.75165346011622;0.013799944953063007;cdkn2a_mut;0.04914384066618309;clinic-gene
938;myo1a_mut;120.89483678980045;0.013844278429995804;arid1a_mut;0.04927660386672475;gene-gene
